step,epoch,lr,loss,l1,mse,ssim_loss,edge,ghost_loss,hf_loss,val_loss,psnr,ssim,ink_err,bg_err,ghost,ghost_keep,sec_per_step,elapsed_min,cost_yuan
20,1,4e-06,1.8890355784956765,1.4304933547973633,0.39364123344421387,0.7354186773300171,0.42537936568260193,0.09452832490205765,0.0,0.8241196498274803,12.12459103266398,0.42607226471106213,0.2687906704165719,0.19432535564357584,0.11216647245667198,0.4541685337370092,0.8681321144104004,0.44808250665664673,0.014936083555221557
40,1,8e-06,1.6838261518161066,1.0308160781860352,0.19341807067394257,0.6186554431915283,0.4301641583442688,0.16902509331703186,0.0,0.6345045367876688,14.003578742345175,0.5339719628294309,0.23382152887907895,0.13580354370854117,0.12724769149314274,0.530305030671033,0.8700573444366455,0.7669024149576823,0.025563413831922743
60,1,1.2e-05,1.5102756070988015,0.7508641481399536,0.09891173243522644,0.6127955913543701,0.42601680755615234,0.11968044191598892,0.0,0.5675254166126251,14.847039461135864,0.5798341184854507,0.23411406170238147,0.11195258322087201,0.14362864805893463,0.6095460599119013,0.8729112148284912,1.0874364773432414,0.03624788257810804
80,1,1.6e-05,1.371151969613051,0.9358265399932861,0.1560579091310501,0.4503442645072937,0.28778037428855896,0.10723152756690979,0.0,0.5113947863380114,15.199958244959513,0.6253019918998083,0.21998332576318222,0.09483328241516244,0.14370558207685297,0.6220707595348358,0.8722167015075684,1.3972911794980367,0.046576372649934555
100,1,2e-05,1.2543726705514489,0.929733395576477,0.1422410011291504,0.5492815375328064,0.40603646636009216,0.11545713245868683,0.0,0.48750262210766476,15.249845584233602,0.6330324014027914,0.21295331621711905,0.08450368283824487,0.14087493446740237,0.6209664398973639,0.8810608386993408,1.7033010800679524,0.05677670266893175
120,1,2.4e-05,1.1407833181736415,0.547910749912262,0.0670890137553215,0.454192578792572,0.3994280993938446,0.14420337975025177,0.0,0.48461969941854477,15.331045389175415,0.6435013686617216,0.20563588765534488,0.08397872153330933,0.13756869733333588,0.5979527668519453,0.87957763671875,2.0327133496602374,0.06775711165534125
140,1,2.8e-05,1.0428770255262425,0.5140817165374756,0.05304750055074692,0.4436238408088684,0.3943036198616028,0.1763399988412857,0.0,0.5402763709425926,16.00169285138448,0.6520172680417696,0.2694444995034825,0.0950742628086697,0.18927652592008765,0.8259095874699679,0.8748533725738525,2.352539527416229,0.07841798424720764
160,1,3.2e-05,0.955654379593294,0.5816314220428467,0.05971011146903038,0.43312084674835205,0.3749874532222748,0.18032078444957733,0.0,0.6095674435297648,15.682458400726318,0.6389051924149195,0.294800342483954,0.11359725520014763,0.19997998530214484,0.8607414744117043,0.8680665493011475,2.6541247566541037,0.08847082522180345
180,1,3.6e-05,0.8895261316431028,0.47813737392425537,0.04171561449766159,0.3263428807258606,0.32469481229782104,0.19713430106639862,0.0,0.6438791404167811,15.489075342814127,0.6382277061541876,0.2994411289691925,0.12335718897255984,0.19908087836070495,0.8543242297389291,0.8970341682434082,2.960189414024353,0.09867298046747844
200,1,4e-05,0.8195405468562521,0.492990642786026,0.049535464495420456,0.38752639293670654,0.29813992977142334,0.12346537411212921,0.0,0.6544838597377142,14.999778985977173,0.6321439146995544,0.2708860540931875,0.13136239045045592,0.16824056885459207,0.7115162556821649,0.8743267059326172,3.2682611385981244,0.1089420379532708
220,2,4.4000000000000006e-05,0.7932231708545592,0.5283629894256592,0.044521819800138474,0.32686060667037964,0.2628041207790375,0.11177379637956619,0.0,0.5931242232521375,15.603180011113485,0.6401442239681879,0.2491546090353619,0.11057348498566584,0.16411338136954742,0.6992875825275074,0.8770856857299805,3.5851457277933756,0.11950485759311252
240,2,4.8e-05,0.7544320962870045,0.4467828571796417,0.04417993873357773,0.4625539779663086,0.3623253107070923,0.10590013861656189,0.0,0.6416053175926208,15.552209377288818,0.6437113558252653,0.27416904406114057,0.1222996674478054,0.17967112023722043,0.7619920643893155,0.89223313331604,3.9124040842056274,0.13041346947352092
260,2,5.2000000000000004e-05,0.7544340714528739,0.6575726270675659,0.060472648590803146,0.3635784387588501,0.2878239154815674,0.12605513632297516,0.0,0.6026369333267212,15.730260451634726,0.6507812912265459,0.25830683179877023,0.10867417214268987,0.17355297234925357,0.7430017563429746,0.9030711650848389,4.223828935623169,0.14079429785410563
280,2,5.6e-05,0.743692782050532,0.45983821153640747,0.04239664599299431,0.3965964913368225,0.32253122329711914,0.1537993997335434,0.0,0.5784917548298836,15.437938451766968,0.6503795435031255,0.22163077850233426,0.10401389375329018,0.14577967741272665,0.6217954836108468,0.8809909820556641,4.529196866353353,0.1509732288784451
300,2,6e-05,0.7387087919274615,0.6505409479141235,0.06522524356842041,0.3686133623123169,0.3207079768180847,0.12532219290733337,0.0,0.5475081006685892,15.077754735946655,0.6400294899940491,0.18789546530355106,0.09671760502864014,0.10173442925919186,0.4336323832923716,0.9131529331207275,4.850596698125203,0.16168655660417344
320,2,6.4e-05,0.7259679243955263,0.5331137180328369,0.07310321927070618,0.5114418268203735,0.3230670094490051,0.07618442922830582,0.0,0.637316420674324,14.989979346593222,0.6297037477294604,0.2111919420686635,0.1238853707909584,0.12202116872437975,0.5051948353648186,0.9445323944091797,5.19546130100886,0.173182043366962
340,2,6.8e-05,0.7115805308302714,0.37174540758132935,0.03521193191409111,0.33306944370269775,0.24946193397045135,0.1373847872018814,0.0,0.6899758527676264,15.113004922866821,0.6258696466684341,0.23881760104136032,0.1343958523463119,0.13848495576530695,0.5774297991936858,0.9111535549163818,5.523250651359558,0.1841083550453186
360,2,7.2e-05,0.7362814096703649,0.5112812519073486,0.045039281249046326,0.4418049454689026,0.3487831950187683,0.1151493638753891,0.0,0.5437140638629595,14.415083169937134,0.609367681046327,0.14793129366907207,0.09513186358592728,0.06274170902642337,0.266110743988644,0.9394633769989014,5.839683131376902,0.1946561043792301
380,2,7.6e-05,0.7208975444629264,0.3973392844200134,0.035307399928569794,0.39478713274002075,0.27355650067329407,0.07738208025693893,0.0,0.5253285566965739,14.035813331604004,0.5900740151604017,0.13384848697619003,0.08601154319264671,0.03930150467733091,0.17731645601716908,0.9216172695159912,6.166477636496226,0.2055492545498742
400,2,8e-05,0.7224179031280227,0.43824002146720886,0.03417647257447243,0.22406059503555298,0.22931498289108276,0.10037894546985626,0.0,0.6757730667789777,15.022432724634806,0.617255282898744,0.20712377537380566,0.1289616156030785,0.11181721032004464,0.46886925771832466,0.9177935123443604,6.5520660003026325,0.21840220001008775
420,2,8.400000000000001e-05,0.6932436593102714,0.4518134891986847,0.0455000214278698,0.36749428510665894,0.30830058455467224,0.1089569553732872,0.0,0.6091704542438189,14.997282028198242,0.6158520554502805,0.1756383634426377,0.11011966046961871,0.09039085836742412,0.3798309573057023,0.9339079856872559,6.886802768707275,0.22956009229024252
440,3,8.800000000000001e-05,0.681954616566337,0.2794950008392334,0.03727063164114952,0.41127586364746094,0.343967080116272,0.10554596036672592,0.0,0.6978082184990247,15.136380434036255,0.6219906633098921,0.22271497683091598,0.13209108297120442,0.12448656152595174,0.516099604693326,0.912268877029419,7.223271318276724,0.24077571060922412
460,3,9.2e-05,0.7176457354824164,0.4423013925552368,0.038372479379177094,0.3132248520851135,0.2601519525051117,0.06748814135789871,0.0,0.539011262357235,14.742617130279541,0.620447946091493,0.15945832092653622,0.08474411781538617,0.07120818627828901,0.3067100847309286,0.9510824680328369,7.5408454775810245,0.25136151591936745
480,3,9.6e-05,0.7283888589537961,0.58169025182724,0.06287981569766998,0.3294365406036377,0.3184381425380707,0.07502876222133636,0.0,0.7673454905549685,14.685046990712484,0.6212689305345217,0.24481924487785858,0.14862863719463348,0.1279757877134464,0.5238130041821436,0.9246907234191895,7.865566662947336,0.2621855554315779
500,3,0.0001,0.7249097039947966,0.4511866569519043,0.0417354516685009,0.4369426369667053,0.33568570017814636,0.0963016226887703,0.0,0.7240108326077461,14.71846572558085,0.6199624960621198,0.21269254115494815,0.1407608064738187,0.10489970225502145,0.4248538657345555,0.9277133941650391,8.188538746039074,0.27295129153463576
520,3,9.999976809367767e-05,0.7536232865398628,0.37614718079566956,0.02854294888675213,0.30910205841064453,0.23772966861724854,0.07732447236776352,0.0,0.6623336027065913,15.069580634435018,0.6266853536168734,0.18454216894778339,0.12042942914095792,0.09911921467970718,0.397476807913997,0.9333033561706543,8.525434911251068,0.28418116370836893
540,3,9.999902291237878e-05,0.7208356024667986,0.44636270403862,0.06411448121070862,0.3573492765426636,0.3051608204841614,0.0649477168917656,0.0,0.6792178899049759,14.693486213684082,0.6050824845830599,0.16702653399922632,0.12872055917978287,0.08168578156354753,0.31898813745514915,0.9494709968566895,8.845235963662466,0.29484119878874887
560,3,9.999776382143972e-05,0.7037991402431649,0.4781748652458191,0.037331875413656235,0.302984356880188,0.2491006851196289,0.08073271811008453,0.0,0.6705964530507723,15.293961763381958,0.6312516406178474,0.19409412958405234,0.1162348266013644,0.1125203323635188,0.45348846776918933,0.9205257892608643,9.161343884468078,0.3053781294822693
580,3,9.999599083393261e-05,0.6950337158187859,0.6206261515617371,0.06543312221765518,0.35110437870025635,0.2500123679637909,0.09125812351703644,0.0,0.8298845589160919,14.319741566975912,0.6084098815917969,0.25590330294587393,0.15896087647839027,0.1315253246575594,0.5392921106381849,0.9071476459503174,9.481454451878866,0.3160484817292955
600,3,9.999370396826499e-05,0.6812038748472727,0.3958548605442047,0.03311876580119133,0.3487655520439148,0.2844555675983429,0.04486198350787163,0.0,0.6976960400740305,14.889233907063803,0.5945015872518221,0.1705143770033663,0.13207340105013413,0.08193650579249318,0.33015420321713795,0.9707973003387451,9.806235440572102,0.32687451468573675
620,3,9.999090324817962e-05,0.698965742819193,0.5020803213119507,0.032141007483005524,0.31302112340927124,0.24323397874832153,0.08493032306432724,0.0,0.7501241515080134,14.478909889856974,0.5800359323620796,0.17954714934934268,0.14959688620133835,0.0859445702411573,0.34293249605054205,0.9158978462219238,10.131998006502787,0.33773326688342625
640,3,9.998758870275418e-05,0.7172661387705237,0.5245673060417175,0.04931871220469475,0.4406501054763794,0.29743462800979614,0.09886359423398972,0.0,0.7923725545406342,14.680698792139689,0.5955465783675512,0.23503727262670343,0.13767862861806696,0.13632798516614872,0.5619359890168364,0.9084281921386719,10.443405417601268,0.34811351392004225
660,4,9.998376036640098e-05,0.7046484089997258,0.5617032647132874,0.06962448358535767,0.3616045117378235,0.38234496116638184,0.0782664567232132,0.0,0.569543311993281,14.004634618759155,0.58200653642416,0.10564723018218171,0.09801314534111456,0.0343257667475634,0.13244119201871482,0.8975429534912109,10.755318482716879,0.3585106160905626
680,4,9.997941827886669e-05,0.6951528490142093,0.4531417191028595,0.03669067099690437,0.4765095114707947,0.33341020345687866,0.061175353825092316,0.0,0.6800857285658518,14.260901292165121,0.5674538140495619,0.14011790298602797,0.12863910096612843,0.04442487354390323,0.17355713705447587,0.9114630222320557,11.065257370471954,0.36884191234906516
700,4,9.997456248523176e-05,0.701421640066059,0.3982389271259308,0.043829724192619324,0.37985724210739136,0.310301810503006,0.046173516660928726,0.0,0.6164959544936816,14.600563049316406,0.6011527106165886,0.13600053164091977,0.09993183578957211,0.05619529499249025,0.23385317318818785,0.9136197566986084,11.381194845835369,0.3793731615278456
720,4,9.996919303591011e-05,0.690798162548828,0.41913101077079773,0.033813051879405975,0.381511390209198,0.2615707814693451,0.09268078953027725,0.0,0.5712532922625542,14.688604990641275,0.6143016989032427,0.12063968655737964,0.09137248518792065,0.055886847072873606,0.23322580043565144,0.9066216945648193,11.704568791389466,0.3901522930463155
740,4,9.996330998664856e-05,0.6812788102222291,0.304223895072937,0.019401587545871735,0.3000033497810364,0.18964168429374695,0.06680934876203537,0.0,0.6680315062403679,14.345810015996298,0.5717987169822057,0.13715519959276373,0.12021101841872389,0.041314374316822396,0.16754918456585569,0.9656660556793213,12.029907774925231,0.40099692583084107
760,4,9.995691339852618e-05,0.6762080748684545,0.3146526515483856,0.027909204363822937,0.32572221755981445,0.23308444023132324,0.038791097700595856,0.0,0.7136758292714754,14.535408099492392,0.5815036445856094,0.15729074315591293,0.1294307102533904,0.06594176577742804,0.26104405285282567,0.9188520908355713,12.357772727807363,0.41192575759357875
780,4,9.995000333795375e-05,0.6648552885567777,0.4549633264541626,0.03543693572282791,0.42632657289505005,0.35144925117492676,0.08971188962459564,0.0,0.63966636856397,14.9486133257548,0.6124466235438982,0.15882152556018395,0.10546700758012859,0.06822903441603888,0.29097274657000194,0.9336757659912109,12.676944156487783,0.42256480521625944
800,4,9.994257987667302e-05,0.6806386733437654,0.5490729808807373,0.05230101943016052,0.4891397953033447,0.3581491708755493,0.04139246791601181,0.0,0.8478650003671646,14.117656230926514,0.586729533970356,0.20489329438317905,0.1707471910525452,0.09457032462920655,0.3796806012026288,0.9254302978515625,12.997198096911113,0.43323993656370374
820,4,9.993464309175599e-05,0.675177166213409,0.4538247585296631,0.04233863204717636,0.5017341375350952,0.3808828294277191,0.041076306253671646,0.0,0.8311107605695724,13.658137957255045,0.5362271219491959,0.15138933130285956,0.17547840760512787,0.059369723217307845,0.23159921647642145,0.9628973007202148,13.334079400698345,0.44446931335661144
840,4,9.99261930656041e-05,0.6810228075590735,0.6606563329696655,0.06866257637739182,0.456576943397522,0.30524614453315735,0.06477778404951096,0.0,0.7040020599961281,14.679526885350546,0.5891299645105997,0.14524568143216046,0.13136757537722588,0.060393039846200154,0.24009011749347503,0.9465160369873047,13.65645622809728,0.4552152076032427
860,5,9.991722988594734e-05,0.6733419515585701,0.41482457518577576,0.051556169986724854,0.4074797034263611,0.3235091269016266,0.04412419721484184,0.0,0.7858238890767097,14.013923327128092,0.5519168302416801,0.14463232694701714,0.15105454081838782,0.06501020323908464,0.24933592829091306,0.9245645999908447,13.984518233935038,0.4661506077978346
880,5,9.990775364584341e-05,0.6649207608147848,0.37452998757362366,0.037095725536346436,0.30710315704345703,0.2948852777481079,0.0859629213809967,0.0,0.6490941072503725,14.121368408203125,0.571221761405468,0.11735524592751806,0.1150129230862314,0.028870227045527743,0.12235486289930785,0.9193861484527588,14.31153842608134,0.477051280869378
900,5,9.98977644436767e-05,0.6551491007368788,0.3962879776954651,0.04052085801959038,0.4073185324668884,0.3263106644153595,0.03840915113687515,0.0,0.7532523473103842,14.448550939559937,0.5858904321988424,0.1581534914333712,0.13149346817623486,0.07195133419802667,0.30803719719617884,0.9273936748504639,14.627701870600383,0.48759006235334607
920,5,9.988726238315726e-05,0.6766296398722521,0.5948173403739929,0.06570498645305634,0.3799779415130615,0.27448391914367676,0.10840305685997009,0.0,0.5851289381583532,14.484163999557495,0.6118701820572218,0.11873665147207,0.08846538412300023,0.04468564037233591,0.19675430079752748,0.9370112419128418,14.947875865300496,0.4982625288433499
940,5,9.987624757331979e-05,0.6779498876767116,0.3691294491291046,0.03398452326655388,0.3144684433937073,0.2772061228752136,0.08078093081712723,0.0,0.6991656770308813,14.406011899312338,0.5604893962542216,0.11219558424570343,0.1305161931297996,0.04687459585362707,0.17458497036502443,0.921942949295044,15.266544485092163,0.5088848161697388
960,5,9.986472012852245e-05,0.7044940809530483,0.799923837184906,0.10753562301397324,0.4357895851135254,0.35165151953697205,0.12820462882518768,0.0,0.7689626552164555,13.381297588348389,0.5426764488220215,0.14632195556028324,0.14285450699654492,0.02319406839656453,0.10350816845576363,0.9044344425201416,15.580268128712971,0.5193422709570991
980,5,9.985268016844567e-05,0.7272869664944503,0.5091023445129395,0.04219230264425278,0.32171857357025146,0.2468080222606659,0.02011089026927948,0.0,0.7726052900155386,14.371446291605631,0.5878592530886332,0.162092578004707,0.1446234868331389,0.06418074049394239,0.2665776562115008,0.9276609420776367,15.896341963609059,0.5298780654536354
1000,5,9.984012781809096e-05,0.7459163670044471,0.44608938694000244,0.050776004791259766,0.4220421314239502,0.4143397808074951,0.08691138029098511,0.0,0.6932851647337278,15.181854248046875,0.6280334119995435,0.15327867391434583,0.11581349034201015,0.0843784522519193,0.34851765751161357,0.9094395637512207,16.21073634624481,0.5403578782081604
1020,5,9.982706320777951e-05,0.7168903119566523,0.37140247225761414,0.030415240675210953,0.3830219507217407,0.28351572155952454,0.0308221448212862,0.0,0.6111686527729034,14.189030170440674,0.5651941982408365,0.09938088025559079,0.10270066660913554,0.027759162291080098,0.11340689157474447,0.9648711681365967,16.546970081329345,0.5515656693776448
1040,5,9.9813486473151e-05,0.7038804634432342,0.40834301710128784,0.04260001704096794,0.4833758473396301,0.367863267660141,0.0599093958735466,0.0,0.9147062649329504,13.207451423009237,0.5274585609634718,0.17050254277207635,0.19898232241923158,0.05688326555007899,0.22143803227862174,0.9424057006835938,16.89247235854467,0.5630824119514889
1060,5,9.979939775516204e-05,0.6988146193083079,0.3649829924106598,0.03770042210817337,0.44386792182922363,0.35625705122947693,0.03960419446229935,0.0,0.7233548586567243,14.267234563827515,0.56667992969354,0.12034475041384046,0.13994630493900992,0.04561488355763934,0.1819391083818945,0.9580769538879395,17.21814943552017,0.5739383145173391
1080,6,9.978479720008475e-05,0.6974287250581188,0.38148555159568787,0.03514806926250458,0.4006809592247009,0.3504812717437744,0.09343602508306503,0.0,0.7231504172086716,15.287821133931478,0.6173705011606216,0.1730848096988418,0.11975677175955339,0.09847424060783604,0.40520023622296075,0.9555976390838623,17.566235744953154,0.5855411914984385
1100,6,9.976968495950528e-05,0.6820836695716582,0.41882234811782837,0.03438110277056694,0.2963012456893921,0.21347886323928833,0.04508636146783829,0.0,0.8439629748463631,13.979772885640463,0.5482971866925558,0.1610069637271491,0.16777188737284054,0.07175479505465111,0.28837855016304687,0.9143400192260742,17.894045929114025,0.5964681976371341
1120,6,9.97540611903222e-05,0.679995435819421,0.33467650413513184,0.03515675663948059,0.3406616449356079,0.27321040630340576,0.023186149075627327,0.0,0.6638156945506731,14.108896493911743,0.5580796102682749,0.10590776140716943,0.11949438804929907,0.026021483592392706,0.10790567243979736,0.9122359752655029,18.217994916439057,0.6072664972146352
1140,6,9.973792605474489e-05,0.677220429402397,0.6903274059295654,0.07391943782567978,0.4467059373855591,0.3493998050689697,0.02966265007853508,0.0,0.7029927571614584,13.87567146619161,0.5300034396350384,0.113387461328371,0.12666222791780124,0.01971244148179804,0.0790329664225944,1.0205605030059814,18.545357942581177,0.6181785980860393
1160,6,9.972127972029187e-05,0.6703452625107426,0.38363775610923767,0.03676503151655197,0.4012790322303772,0.2827610373497009,0.05759197473526001,0.0,0.6705949405829111,14.773916165033976,0.577462928990523,0.12879687784747643,0.11596349288116801,0.053074954289265654,0.21651688014919107,1.008714199066162,18.884629635016122,0.6294876545005375
1180,6,9.970412235978896e-05,0.667000952793972,0.3980010747909546,0.04896508902311325,0.3738636374473572,0.32904157042503357,0.02117716334760189,0.0,0.7112343137462934,14.19434642791748,0.5506110029915968,0.10430452964183959,0.13587746532125908,0.04200492753245106,0.16429270501248538,0.9483778476715088,19.22388130823771,0.6407960436079237
1200,6,9.968645415136764e-05,0.6590079721710126,0.3924735486507416,0.04163018986582756,0.40866637229919434,0.28472375869750977,0.04464688524603844,0.0,0.632870347549518,14.36208995183309,0.5637258564432462,0.09997290686111558,0.10913203690539706,0.03563201462913474,0.14170431629331273,0.9432790279388428,19.5621213555336,0.65207071185112
1220,6,9.96682752784631e-05,0.6679004103274345,0.5781415700912476,0.05215606838464737,0.4521991014480591,0.33934077620506287,0.05369764193892479,0.0,0.8101418117682139,14.254565795262655,0.5843004087607065,0.17201827805150638,0.1546660102903843,0.07764461454512044,0.3126510930332271,0.9467263221740723,19.898120852311454,0.6632706950770484
1240,6,9.964958592981238e-05,0.6661558041071475,0.1760234236717224,0.028970327228307724,0.2649574279785156,0.24465888738632202,0.002677713055163622,0.0,0.5922419565419356,14.226845900217691,0.5878156622250875,0.09537541087378155,0.10299777273427356,0.03540524472588335,0.13670045717365362,0.9962430000305176,20.235068229834237,0.674502274327808
1260,6,9.963038629945233e-05,0.6693411430499471,0.30146053433418274,0.0336170569062233,0.43315136432647705,0.3060765266418457,0.027212219312787056,0.0,0.6732180739442507,14.230161110560099,0.5471868341167768,0.10683076964183287,0.1203369562598792,0.04828867255392569,0.1889404286842116,0.9631924629211426,20.572076070308686,0.6857358690102895
1280,6,9.961067658671773e-05,0.6689282283523228,0.37045663595199585,0.034518592059612274,0.37183284759521484,0.34238511323928833,0.08497137576341629,0.0,0.6896911760171255,14.82579787572225,0.5951842218637466,0.13740355385975403,0.12314864654432643,0.06240235106088221,0.25395036912099883,0.9547197818756104,20.911769926548004,0.6970589975516002
1300,7,9.959045699623907e-05,0.6775016143831087,0.4071126878261566,0.03137804940342903,0.3607616424560547,0.31317734718322754,0.026770610362291336,0.0,0.7399887641270956,15.400424321492514,0.6101182649532954,0.18221582336859268,0.12006839093836871,0.10655209743841128,0.439835151149468,0.916184663772583,21.248348327477775,0.7082782775825924
1320,7,9.956972773794058e-05,0.6882341503112355,0.5541610717773438,0.04801812022924423,0.40611451864242554,0.3220188617706299,0.08435840904712677,0.0,0.8027606755495071,13.769227743148804,0.5633668253819147,0.14045351980762047,0.1715560101649978,0.060027864295989275,0.22710317307659847,0.915799617767334,21.569785050551097,0.7189928350183699
1340,7,9.954848902703793e-05,0.6897010701584132,0.3445119261741638,0.026817848905920982,0.26420098543167114,0.23436926305294037,0.02807922288775444,0.0,0.6859923924009005,14.201395193735758,0.5616459846496582,0.10746233876455914,0.1333797929639166,0.043225746834650636,0.16204643998803062,0.9239015579223633,21.894784704844156,0.7298261568281386
1360,7,9.952674108403603e-05,0.6896366928921813,0.4815601408481598,0.053418852388858795,0.34592223167419434,0.26098135113716125,0.03191278129816055,0.0,0.6175493821501732,14.61192790667216,0.5961385021607081,0.09924673526124521,0.11225642805749719,0.049759776797145605,0.200136974199929,0.941364049911499,22.222377494970956,0.7407459164990319
1380,7,9.950448413472679e-05,0.6821003732694065,0.47694629430770874,0.03667163848876953,0.3520511984825134,0.258940190076828,0.07831143587827682,0.0,0.6878836303949356,14.889904340108236,0.5994258647163709,0.12985558807849884,0.12796425887129523,0.068497988501225,0.272097962569784,0.8954277038574219,22.54564307133357,0.751521435711119
1400,7,9.948171841018665e-05,0.6800352825735992,0.4964916408061981,0.05267353355884552,0.4476703405380249,0.34609970450401306,0.011769016273319721,0.0,0.7260580460230509,14.419841845830282,0.5711887255311012,0.1181849441067739,0.1427353441037915,0.055021205083572895,0.20854651206173003,0.868919849395752,22.84935335715612,0.7616451119052039
1420,7,9.94584441467744e-05,0.6626634458043842,0.4268344044685364,0.03756380081176758,0.36160755157470703,0.3169218599796295,0.02747364155948162,0.0,0.860117718577385,13.692668596903482,0.5734379241863886,0.16758869859305295,0.17913129688663917,0.06927032450700855,0.26920506775125186,0.8630497455596924,23.15729864835739,0.7719099549452464
1440,7,9.943466158612845e-05,0.6751585682940938,0.3604978322982788,0.04032137617468834,0.395266056060791,0.3727273941040039,0.060539864003658295,0.0,0.690741203725338,14.900305589040121,0.6029700934886932,0.1319004771384326,0.12810147215019574,0.06674310681410134,0.26187619753181934,0.90458083152771,23.45694733460744,0.7818982444869147
1460,7,9.941037097516457e-05,0.6631160980175284,0.39938703179359436,0.04701847583055496,0.47160208225250244,0.40399646759033203,0.06305432319641113,0.0,0.6273300908505917,14.37179716428121,0.5800128231445948,0.09878714027052576,0.11508593335747719,0.03973344293626724,0.15127091285433958,0.8890249729156494,23.760217082500457,0.7920072360833486
1480,7,9.938557256607314e-05,0.6614219543093566,0.4497831463813782,0.040671415627002716,0.36167728900909424,0.27517077326774597,0.05126463249325752,0.0,0.7318198134501775,14.678543249766031,0.5938062543670336,0.13972480899908327,0.14271103556860576,0.06543768089349297,0.2530815112827854,0.8855307102203369,24.064362943172455,0.8021454314390818
1500,8,9.936026661631667e-05,0.6579979718421249,0.4137454330921173,0.04382312297821045,0.4007798433303833,0.3241285979747772,0.08416938781738281,0.0,0.7756687849760056,14.520991245905558,0.5824330896139145,0.14657897028056058,0.1530417183583433,0.07750702202743427,0.30516588188369165,0.8767881393432617,24.374788280328115,0.8124929426776039
1520,8,9.933445338862702e-05,0.6577054207294715,0.4751429259777069,0.039630696177482605,0.41860294342041016,0.2911018133163452,0.09464604407548904,0.0,0.8026245360573133,13.70296597480774,0.5497066676616669,0.12485354656184261,0.17121098292144862,0.05329691395904361,0.20055473384193398,0.8839685916900635,24.68330047527949,0.8227766825093163
1540,8,9.930813315100277e-05,0.6551446169332162,0.414604127407074,0.03890710324048996,0.4084470272064209,0.33544430136680603,0.03546059876680374,0.0,0.7339625060558319,14.7019251982371,0.6043722207347552,0.1413478177379478,0.1371144869110801,0.07437576262534341,0.29352813463827426,0.8834211826324463,24.9868275642395,0.8328942521413167
1560,8,9.928130617670636e-05,0.6564465598516047,0.43127650022506714,0.04142334312200546,0.3589255213737488,0.3062354326248169,0.050557322800159454,0.0,0.68205925822258,14.319384177525839,0.5802971223990122,0.09796537467363206,0.13573288985274054,0.043524377079765225,0.15716544219123368,0.8811216354370117,25.28965698083242,0.8429885660277473
1580,8,9.925397274426123e-05,0.644437796589948,0.35810813307762146,0.034287404268980026,0.2958860397338867,0.27663642168045044,0.0775986760854721,0.0,0.7835616146524748,14.443333148956299,0.5882972950736681,0.16415291770615362,0.14875070174986665,0.08475389460694384,0.3407374136149883,0.8787472248077393,25.5954141775767,0.85318047258589
1600,8,9.922613313744912e-05,0.6278159309556349,0.4815485179424286,0.05473042279481888,0.5150654911994934,0.39258310198783875,0.034307029098272324,0.0,0.6299177991847197,14.074524720509848,0.5525777513782183,0.0764294835654172,0.11882747404954651,0.029496779959035022,0.10203290010924154,0.8849968910217285,25.900796095530193,0.8633598698510064
1620,8,9.919778764530682e-05,0.6362885896380567,0.38638579845428467,0.04010722413659096,0.36744534969329834,0.312632292509079,0.07395036518573761,0.0,0.5964386512835821,14.836093187332153,0.6030032187700272,0.09759598123756322,0.10702431811527773,0.04843039222230965,0.18996462183581156,0.8859870433807373,26.21341689825058,0.8737805632750193
1640,8,9.916893656212344e-05,0.6298368674722477,0.342833936214447,0.03211533650755882,0.3679124712944031,0.34856152534484863,0.0467204786837101,0.0,0.7394300649563471,14.542604764302572,0.5814540212353071,0.11903809324245561,0.14951558783650398,0.06620262446548705,0.25026974139142444,0.883903980255127,26.518168477217355,0.8839389492405786
1660,8,9.91395801874372e-05,0.6315360534461683,0.49534210562705994,0.03610382601618767,0.24276518821716309,0.20951823890209198,0.06410504877567291,0.0,0.8917307953039805,13.565584500630697,0.5941060756643614,0.18080565536564047,0.19298432428728451,0.0824544979576868,0.32701149938458746,0.8886213302612305,26.823857816060386,0.8941285938686795
1680,8,9.910971882603238e-05,0.638188326310626,0.32254758477211,0.023933127522468567,0.3139770030975342,0.2348015159368515,0.06146231293678284,0.0,0.8634544958670934,13.626942237218222,0.5701711028814316,0.15014115924184973,0.1899045787074349,0.06205648211338981,0.23979085036130113,0.8844659328460693,27.128298008441924,0.9042766002813974
1700,8,9.907935278793614e-05,0.6403258578864641,0.35547935962677,0.04619099944829941,0.4100741147994995,0.36337900161743164,0.021099504083395004,0.0,0.7325746417045593,13.647233247756958,0.5152356028556824,0.08846551112153313,0.1541618166322058,0.024496179210307837,0.0846826982557435,0.8835780620574951,27.43334323167801,0.914444774389267
1720,9,9.904848238841532e-05,0.6384045338925438,0.49769049882888794,0.03817349672317505,0.30020636320114136,0.29750722646713257,0.07046078890562057,0.0,0.6764865592122078,15.655738671620687,0.6583139300346375,0.16335296190597795,0.11309587616812099,0.10861520596187223,0.4435830349949273,0.8809909820556641,27.748812051614127,0.9249604017204709
1740,9,9.90171079479731e-05,0.6342575345360867,0.2690449655056,0.03375285863876343,0.3252040147781372,0.3116486966609955,0.0725623294711113,0.0,0.7131535013516744,14.761012315750122,0.587231308221817,0.11076285656202924,0.14642037281935866,0.05727734036521393,0.22531515058257023,0.8851821422576904,28.053757750988005,0.9351252583662669
1760,9,9.898522979234577e-05,0.6346940174277991,0.2864793539047241,0.029963454231619835,0.31004858016967773,0.200857013463974,0.020238827913999557,0.0,0.6061417137583097,14.789041996002197,0.6102232610185941,0.09097693234004757,0.11644053933295337,0.04482070958262987,0.17473182029260154,0.8895509243011475,28.359393628438315,0.9453131209479438
1780,9,9.89528482524993e-05,0.6317597236150586,0.3481586277484894,0.04721540957689285,0.3721655607223511,0.33902883529663086,0.0630832090973854,0.0,0.6115626792112986,15.14576784769694,0.6231806129217148,0.10368820872496474,0.11585456877946854,0.0580623594049195,0.23389291365376927,0.8843913078308105,28.66414281129837,0.955471427043279
1800,9,9.891996366462589e-05,0.6349255297900881,0.34782326221466064,0.02757764235138893,0.2985467314720154,0.2524222731590271,0.05860579386353493,0.0,0.655780499180158,14.8115025361379,0.6015249167879423,0.09733673972500996,0.130998356775804,0.0532115015812451,0.2087551470507275,0.8764152526855469,28.968689465522765,0.9656229821840921
1820,9,9.888657637014046e-05,0.647637163892271,0.309143990278244,0.033151790499687195,0.30077749490737915,0.25151288509368896,0.05509670451283455,0.0,0.7322682614127795,14.36723804473877,0.5830131247639656,0.12042310495268214,0.14990922740914606,0.04920934737575325,0.18494277582927185,0.8860282897949219,29.279763428370156,0.9759921142790052
1840,9,9.885268671567721e-05,0.6444876624339873,0.48746439814567566,0.04887524992227554,0.4625118374824524,0.3506198525428772,0.0541691891849041,0.0,0.7681897928317388,13.938378492991129,0.5538930669426918,0.09951414049349049,0.16473613306879997,0.04621938380759358,0.1760724519580518,0.881798505783081,29.585353287061057,0.9861784429020352
1860,9,9.881829505308593e-05,0.6334553449825909,0.28579258918762207,0.034047920256853104,0.42306721210479736,0.36063456535339355,0.024209462106227875,0.0,0.7050517176588377,14.423637708028158,0.5983309720953306,0.13028057935563,0.13805434344844383,0.05914202535958876,0.22809266167777506,0.8844804763793945,29.8907830953598,0.9963594365119934
1880,9,9.878340173942831e-05,0.6201171423908087,0.4671022593975067,0.04207644611597061,0.3937782645225525,0.2767735719680786,0.05578824132680893,0.0,0.7066498572627703,14.875142892201742,0.6093668465813001,0.12995814396576447,0.13278747248378667,0.07846843067355538,0.3164476601576263,0.9242544174194336,30.199540265401204,1.00665134218004
1900,9,9.874800713697437e-05,0.6193643554712335,0.4289906919002533,0.03911884129047394,0.3373398780822754,0.2678157091140747,0.05169709399342537,0.0,0.823000098268191,13.677180290222168,0.5567508786916733,0.13775539499792186,0.176606320860711,0.05684288774236021,0.2208196395711804,0.9297285079956055,30.518276902039847,1.0172758967346616
1920,9,9.871211161319858e-05,0.6217902192828845,0.41197681427001953,0.03551638871431351,0.4107711911201477,0.36005699634552,0.07012081891298294,0.0,0.669278750816981,15.622747898101807,0.6333095182975134,0.1225750900127671,0.12277793782678517,0.08365778922928836,0.34063246769999916,0.8948230743408203,30.840104297796884,1.0280034765932295
1940,10,9.867571554077607e-05,0.6210359554265841,0.4845009744167328,0.04895502328872681,0.42005497217178345,0.36904776096343994,0.04118863120675087,0.0,0.8598199412226677,13.288720488548279,0.5512304355700811,0.12342580831186338,0.19838318025523966,0.04941337563848885,0.19198467417366125,0.8731462955474854,31.14831596215566,1.038277198738522
1960,10,9.86388192975788e-05,0.6218170916834714,0.39661160111427307,0.036750033497810364,0.42274636030197144,0.37645500898361206,0.06068606302142143,0.0,0.6426894639929136,14.410956462224325,0.5728392874201139,0.08788440545851534,0.12479272789575836,0.03226527964050712,0.1214483675536361,0.869070291519165,31.447276786963144,1.048242559565438
1980,10,9.860142326667162e-05,0.6121178342059975,0.5128063559532166,0.05940736457705498,0.488414466381073,0.38423508405685425,0.062443867325782776,0.0,0.7865792190035185,13.402185042699179,0.4897742172082265,0.08778730856085365,0.16683412072333423,0.02401309342927892,0.07960903012214905,0.8676636219024658,31.746041226387025,1.0582013742129008
2000,10,9.856352783630826e-05,0.61810721344088,0.5031896829605103,0.04905823990702629,0.3509290814399719,0.26905712485313416,0.038693614304065704,0.0,0.6248041155437628,14.989908695220947,0.6050659442941347,0.08971788945861837,0.11776648698882623,0.05265985848778986,0.19374303838280452,0.8692946434020996,32.04484848578771,1.0681616161929237
2020,10,9.85251333999273e-05,0.6144661946236459,0.45133697986602783,0.0293443463742733,0.34170693159103394,0.305250883102417,0.08386607468128204,0.0,0.6946518073479334,15.680984497070312,0.6441002711653709,0.1388368450782516,0.12940047088671813,0.09022523594004186,0.35633861464024946,0.8688497543334961,32.349388643105826,1.0783129547701942
2040,10,9.848624035614821e-05,0.5970127684594165,0.2729576528072357,0.022918637841939926,0.33581119775772095,0.2797872722148895,0.06571108102798462,0.0,0.7831937770048777,15.18757677078247,0.6476473609606425,0.19811535795981233,0.13283372992141682,0.12749145923986693,0.5139125673608347,0.8685226440429688,32.64784417152405,1.0882614723841348
2060,10,9.844684910876701e-05,0.606145369001122,0.6367952227592468,0.056791435927152634,0.3463279604911804,0.34463000297546387,0.08719104528427124,0.0,0.575004027535518,15.302576224009195,0.6516669243574142,0.10315750996497544,0.09856030582027002,0.06749360007233918,0.26067428377626295,0.8676645755767822,32.94599765141805,1.098199921713935
2080,10,9.84069600667522e-05,0.6236376247034342,0.3590715825557709,0.02838054858148098,0.3301684856414795,0.25346025824546814,0.0645492896437645,0.0,0.5413549020886421,15.215882539749146,0.6410022477308909,0.07414296150884846,0.0945271456783468,0.05459635086530894,0.20994263093796856,0.8660333156585693,33.244685872395834,1.1081561957465278
2100,10,9.836657364424055e-05,0.6170929355683646,0.4120929539203644,0.03859996795654297,0.35320746898651123,0.3287266492843628,0.06455609202384949,0.0,0.6531426881750425,14.99279514948527,0.6328994855284691,0.12466459941457618,0.12423902682282707,0.06667758124372498,0.264848661757159,0.8616049289703369,33.5450421055158,1.1181680701838599
2120,10,9.832569026053263e-05,0.6207176770120345,0.33223751187324524,0.033638693392276764,0.2897038459777832,0.28720518946647644,0.033270254731178284,0.0,0.593089813987414,15.747384548187256,0.6821543524662653,0.129694739356637,0.09514856033704498,0.09241956026579085,0.37672820628028025,0.8614811897277832,33.851503217220305,1.1283834405740103
2140,10,9.828431034008869e-05,0.6412737732238158,0.45165660977363586,0.031195079907774925,0.3555389642715454,0.3283625841140747,0.04895048588514328,0.0,0.6370234216252962,15.066426277160645,0.619970460732778,0.10794058814644814,0.11965829675847833,0.060419924155046996,0.22464384758760306,0.8669979572296143,34.14933100938797,1.1383110336462656
2160,11,9.824243431252405e-05,0.6289351513310873,0.38094526529312134,0.050534024834632874,0.36943960189819336,0.3250969350337982,0.05004257708787918,0.0,0.7052089286347231,14.434419314066568,0.5690149366855621,0.09801959119398486,0.14799180830066855,0.04694309472010487,0.17235573957705955,0.8673129081726074,34.45039218664169,1.1483464062213897
2180,11,9.820006261260479e-05,0.6220790983981258,0.3941028416156769,0.032544881105422974,0.41416043043136597,0.3755284547805786,0.14712825417518616,0.0,0.6796844626466433,15.08027466138204,0.6388283496101698,0.13325868631628426,0.13281975178556008,0.07490400993000632,0.2946971255799078,0.8671941757202148,34.74883962074916,1.158294654024972
2200,11,9.815719568024309e-05,0.6230890811020333,0.417911171913147,0.0380961112678051,0.3834683895111084,0.3496558666229248,0.045317642390728,0.0,0.6719576244552931,15.361344496409098,0.6320043181379636,0.10476346517151053,0.13433830964971671,0.07136306511000096,0.26937842392362654,0.8671553134918213,35.04705905516942,1.1682353018389808
2220,11,9.811383396049279e-05,0.6152720556094858,0.3675326704978943,0.033857520669698715,0.31996363401412964,0.3195851743221283,0.0376909114420414,0.0,0.6239989139139652,15.115907510121664,0.621201291680336,0.10169240222735838,0.11572114175016229,0.06639141724735964,0.2446498237074014,0.8672084808349609,35.350456953048706,1.1783485651016234
2240,11,9.806997790354471e-05,0.6101777293337595,0.348402202129364,0.03284817934036255,0.33886122703552246,0.2957015037536621,0.08114174753427505,0.0,0.6217802713314692,14.880112091700235,0.5986295640468597,0.0863625727255236,0.12333196435462344,0.047416469373936045,0.181319398175798,0.8672749996185303,35.648228176434834,1.188274272547828
2260,11,9.802562796472201e-05,0.6141419081973998,0.295305997133255,0.03436918184161186,0.32695984840393066,0.2852720022201538,0.038308653980493546,0.0,0.532856764892737,15.26486643155416,0.646327426036199,0.0788857787000862,0.09011185338551347,0.057535181869256616,0.2210823881316835,0.8667564392089844,35.94597720305125,1.1981992401017083
2280,11,9.79807846044754e-05,0.6192198951876191,0.5398733019828796,0.05207454413175583,0.432877779006958,0.3379634618759155,0.03956439346075058,0.0,0.5612945829828581,15.428492466608683,0.6466150706013044,0.08237924714657394,0.10074474865739996,0.06204981152834741,0.23492191682188687,0.8671936988830566,36.24375657637914,1.208125219212638
2300,11,9.793544828837843e-05,0.6112732921030506,0.44270220398902893,0.041525308042764664,0.38191866874694824,0.3264943063259125,0.05883036181330681,0.0,0.6024561549226443,15.173179308573404,0.6139303942521414,0.08976098962805489,0.11208603632721034,0.058031056224453176,0.21606315434804524,0.8664731979370117,36.5415597597758,1.2180519919925266
2320,11,9.788961948712257e-05,0.6047980271554252,0.4901301860809326,0.04817768931388855,0.32027143239974976,0.34459060430526733,0.09156134724617004,0.0,0.5455450192093849,15.123480399449667,0.6464961841702461,0.09017211977731097,0.08886338126930324,0.06572454603685235,0.24069460614753718,0.8669705390930176,36.844860351085664,1.2281620117028553
2340,11,9.784329867651246e-05,0.5886848530308606,0.3701222240924835,0.0493905209004879,0.40783262252807617,0.37299370765686035,0.05024269223213196,0.0,0.6463109478354454,15.429939905802408,0.6406525894999504,0.09849947428500111,0.12952596169303765,0.07057216220048511,0.26964767614316026,0.8675434589385986,37.14264425436656,1.2380881418122185
2360,12,9.779648633746085e-05,0.5962459075906323,0.25087448954582214,0.025582101196050644,0.2714342474937439,0.22862593829631805,0.06157925724983215,0.0,0.6916815402607123,14.812911987304688,0.5912504022320112,0.09531439806927335,0.14443250745534897,0.057455765794822415,0.20953626002962913,0.8665387630462646,37.44563337167104,1.2481877790557014
2380,12,9.774918295598362e-05,0.5908844820530023,0.4017799496650696,0.030310815200209618,0.300767719745636,0.2348427176475525,0.05706457048654556,0.0,0.8011167173584303,14.36091923713684,0.6254743163784345,0.1556977636434815,0.17947488515214485,0.07526709771297067,0.28612197675234213,0.8667199611663818,37.743625207742056,1.2581208402580686
2400,12,9.77013890231948e-05,0.5886689523727151,0.29035136103630066,0.029299739748239517,0.2885543704032898,0.3066154420375824,0.06333968788385391,0.0,0.6846493408083916,15.384616613388062,0.634086991349856,0.11545267768881538,0.13664082590151916,0.07669165487161743,0.29443452958895994,0.8673927783966064,38.04144958257675,1.2680483194192251
2420,12,9.76531050353014e-05,0.5925032233826681,0.41204634308815,0.03460800647735596,0.37745535373687744,0.28530988097190857,0.04857360199093819,0.0,0.7538649613658587,14.549105803171793,0.6051994115114212,0.14339149811051108,0.15384078974073584,0.059788913746491416,0.21945419598540122,0.8605494499206543,38.34483277400334,1.2781610924667781
2440,12,9.76043314935983e-05,0.5918672364788309,0.49312931299209595,0.04564487934112549,0.37378811836242676,0.30714842677116394,0.06300359964370728,0.0,0.5822602038582166,15.7577912012736,0.6514419540762901,0.08610548959536986,0.11200163293291222,0.06183618702396581,0.25165104013021017,0.8670117855072021,38.64260526895523,1.2880868422985077
2460,12,9.755506890446305e-05,0.5931378876327632,0.45791494846343994,0.03841685503721237,0.40014541149139404,0.336826890707016,0.06527528911828995,0.0,0.7572489455342293,14.679891983668009,0.64386086165905,0.15847537327896466,0.15757725574076176,0.08259849199781787,0.3233021361732178,0.868377685546875,38.9404411315918,1.2980147043863932
2480,12,9.750531777935057e-05,0.5943950383424484,0.2923488914966583,0.03358191251754761,0.33170247077941895,0.30912119150161743,0.03499331697821617,0.0,0.670507162809372,15.42123293876648,0.6516039396325747,0.1205534753812985,0.13743011890487236,0.0693971256471493,0.27124456504845346,0.8623054027557373,39.23815711339315,1.3079385704464384
2500,12,9.745507863478788e-05,0.5901093198816649,0.40760332345962524,0.037178218364715576,0.3572724461555481,0.33198124170303345,0.08462382853031158,0.0,0.6224558005730311,15.61257274945577,0.6514690518379211,0.10637876018881798,0.1232293773103844,0.06801977336131544,0.26236520656807855,0.8659543991088867,39.536001443862915,1.3178667147954306
2520,12,9.740435199236874e-05,0.599492708784767,0.37052837014198303,0.03945372253656387,0.3424825668334961,0.30382251739501953,0.017428027465939522,0.0,0.6332144290208817,15.129264752070108,0.6276754985253016,0.10956289043480699,0.12152776308357716,0.05868236440900629,0.2230804604319432,0.8668334484100342,39.83934900760651,1.3279783002535501
2540,12,9.735313837874821e-05,0.5893470019906073,0.3804174065589905,0.03515619784593582,0.37405240535736084,0.32657110691070557,0.09987011551856995,0.0,0.7610923560957114,14.13771359125773,0.5796925102670988,0.11159005100754174,0.1685224168679931,0.04286148785600248,0.1576663408473409,0.8684113025665283,40.13708080848058,1.3379026936160194
2560,12,9.730143832563716e-05,0.5816198179108948,0.38118189573287964,0.032666563987731934,0.29641222953796387,0.2635599970817566,0.09697554260492325,0.0,0.7136614993214607,14.62669579188029,0.630247637629509,0.14432324113493616,0.14501674202355472,0.07237762422300875,0.2770852883431045,0.8669850826263428,40.43483091195424,1.3478276970651415
2580,13,9.724925236979682e-05,0.5705114077822039,0.3086184561252594,0.031820185482501984,0.30644041299819946,0.25325602293014526,0.03793682903051376,0.0,0.7176375413934389,15.122446457544962,0.6506399686137835,0.15743399445306172,0.14614873040806164,0.0851623250213875,0.33680971013382077,0.8667042255401611,40.73548016548157,1.3578493388493855
2600,13,9.719658105303313e-05,0.5772894293584718,0.3356778919696808,0.02099110744893551,0.29620712995529175,0.25385504961013794,0.09846439212560654,0.0,0.7269646922747294,15.138596375783285,0.6585547551512718,0.14817738787017085,0.15303315611725504,0.08003493334928696,0.31919049797579646,0.8676304817199707,41.037062223752336,1.367902074125078
2620,1,9.71434249221912e-05,0.6521877357544787,0.25969377160072327,0.025551192462444305,0.31595051288604736,0.2792080044746399,0.06463447958230972,0.0,0.7078487972418467,15.004716078440348,0.6489346797267596,0.1522338684986938,0.1414641785350713,0.07646682839152742,0.3035002046857368,0.8644440174102783,41.47946804364522,1.382648934788174
2640,1,9.708978452914955e-05,0.6250343693963358,0.3355834484100342,0.03774837777018547,0.3811051845550537,0.32867133617401123,0.03209753707051277,0.0,0.605615338931481,15.648287057876587,0.6685848583777746,0.10825475051321766,0.11714817719026045,0.06548523042081135,0.26905045795931737,0.8691394329071045,41.78801882266998,1.3929339607556661
2660,1,9.703566043081446e-05,0.6095653074117608,0.44542819261550903,0.03654663264751434,0.34668201208114624,0.31247997283935547,0.027255475521087646,0.0,0.6808708260456721,15.470235109329224,0.6558980097373327,0.12244313531978564,0.14603308876129714,0.06721771331451071,0.2803792882160368,0.869387149810791,42.091473162174225,1.4030491054058074
2680,1,9.698105318911405e-05,0.5976206944459149,0.24761027097702026,0.018037326633930206,0.239329993724823,0.21860776841640472,0.05195486173033714,0.0,0.5436200089752674,16.30880109469096,0.6939273476600647,0.09878523055125367,0.10139180736785586,0.06873619518592022,0.27661646606231277,0.8637487888336182,42.39032388925553,1.4130107963085174
2700,1,9.692596337099265e-05,0.5920321922442948,0.30630749464035034,0.035679321736097336,0.37172508239746094,0.3316854238510132,0.074833944439888,0.0,0.6386671687165896,16.116249561309814,0.7047354355454445,0.14110548777336424,0.12176369333809073,0.0980744754170618,0.3952703189464625,0.8689606189727783,42.691288856665295,1.4230429618888432
2720,1,9.687039154840471e-05,0.5948670285827303,0.358201265335083,0.03424898535013199,0.3460693359375,0.3245280981063843,0.05893698334693909,0.0,0.5520052636663119,15.30839467048645,0.6495042443275452,0.08006235944445837,0.0985654065893455,0.05644947705282406,0.20353484168564054,0.8639776706695557,43.00682593584061,1.4335608645280202
2740,1,9.681433829830907e-05,0.5904048664070066,0.3294903635978699,0.0369018018245697,0.31834161281585693,0.31472325325012207,0.024043075740337372,0.0,0.5568066189686457,16.066343307495117,0.6817128931482633,0.09943756469610063,0.1007319859821688,0.07314391394331986,0.2837029969635875,0.8692317008972168,43.30574852625529,1.4435249508751764
2760,1,9.675780420266271e-05,0.5685477591710838,0.46571749448776245,0.08140376210212708,0.361550509929657,0.3161410093307495,0.043339502066373825,0.0,0.5215803602089485,16.55767281850179,0.7064854800701141,0.0944493298672817,0.08819352378222076,0.07847533223420297,0.31636252714617347,0.8705666065216064,43.60467387040456,1.4534891290134855
2780,1,9.670078984841499e-05,0.576912542530663,0.4023189842700958,0.04020823910832405,0.3018951416015625,0.309296190738678,0.059207893908023834,0.0,0.6935568476716677,14.473550001780191,0.6079444512724876,0.09504647917029532,0.14613708735189654,0.04725712278278396,0.1772557041099803,0.8692495822906494,43.90583888292313,1.4635279627641042
2800,1,9.66432958275013e-05,0.5644711071105315,0.44548696279525757,0.0434371680021286,0.2882347106933594,0.24230656027793884,0.06443294137716293,0.0,0.6761812369028727,15.240683952967325,0.6403421436746916,0.09605849212543531,0.14390183782035654,0.05808501597229307,0.22404201191172682,0.869617223739624,44.20589865843455,1.4735299552811516
2820,2,9.658532273683714e-05,0.5650550533666243,0.2618373930454254,0.019833525642752647,0.21265435218811035,0.21100974082946777,0.03264399617910385,0.0,0.7116681411862373,15.154120842615763,0.665431963900725,0.13778673146258702,0.15017919140783223,0.07300982944434509,0.2773250217459546,0.8806965351104736,44.52845352888107,1.4842817842960359
2840,2,9.652687117831173e-05,0.5709256909673961,0.4308946132659912,0.04951801896095276,0.38635146617889404,0.32211291790008545,0.013416381552815437,0.0,0.7320033125579357,14.682166576385498,0.6174951667586962,0.110654489221898,0.15977088328112254,0.055773266328039674,0.20456118728973458,0.8973860740661621,44.84027025302251,1.4946756751007504
2860,2,9.646794175878192e-05,0.5752498425530604,0.311798632144928,0.029976315796375275,0.28736692667007446,0.2433578073978424,0.056134726852178574,0.0,0.6326099162300428,15.594669024149576,0.6484591712554296,0.10161803696643222,0.12651411223817954,0.06732404105688064,0.2552273100009188,0.8777694702148438,45.15080983638764,1.5050269945462544
2880,2,9.640853509006575e-05,0.583634194583044,0.3054042160511017,0.035389818251132965,0.31946396827697754,0.28964152932167053,0.029824424535036087,0.0,0.5132038940985998,16.445892969767254,0.6976008340716362,0.08013039945878765,0.09058566510000012,0.06546439373844558,0.25863948853855784,0.8976995944976807,45.45980433622996,1.5153268112076654
2900,2,9.63486517889362e-05,0.5924066736086002,0.3213883638381958,0.02805752120912075,0.30676203966140747,0.28532615303993225,0.05037103593349457,0.0,0.8548476199309031,12.912850340207418,0.5062632076442242,0.1040860458531163,0.20002104680646549,0.02486783684898083,0.08708963443959047,0.8906989097595215,45.768264814217886,1.525608827140596
2920,2,9.628829247711478e-05,0.5774381428091957,0.4264090359210968,0.07333460450172424,0.3871457576751709,0.2757711410522461,0.011273499578237534,0.0,0.6049462606509527,15.193102677663168,0.6291165947914124,0.07042754009704698,0.12532323598861694,0.04222657052080401,0.15859598671191966,0.8808574676513672,46.093199634552,1.5364399878184
2940,2,9.622745778126499e-05,0.5801928575742031,0.42073479294776917,0.035806041210889816,0.24891841411590576,0.21010950207710266,0.037485335022211075,0.0,0.5468929894268513,15.216337124506632,0.6506102979183197,0.07727186280218037,0.09514274549755183,0.045746592646041376,0.17328290529390375,0.8703813552856445,46.39537096420924,1.5465123654736412
2960,2,9.616614833298592e-05,0.5858333940390209,0.42523548007011414,0.035689353942871094,0.3277410864830017,0.2978929877281189,0.0664718896150589,0.0,0.735577717423439,14.739370425542196,0.6266304006179174,0.12279207598079335,0.15641293640841136,0.05992671359192834,0.2199596391398121,0.8823206424713135,46.697501464684805,1.55658338215616
2980,2,9.610436476880557e-05,0.5831070607184772,0.4037737548351288,0.03309902176260948,0.2990955114364624,0.22168362140655518,0.03840868920087814,0.0,0.5849838716288408,15.526457866032919,0.6490475063522657,0.08193179406225681,0.1095677622678605,0.05249264132527804,0.19159103573342276,0.8856041431427002,47.004151078065235,1.566805035935508
3000,2,9.604210773017443e-05,0.5776297358953738,0.21685679256916046,0.020766038447618484,0.20568150281906128,0.21166867017745972,0.055718936026096344,0.0,0.6292755926648775,15.549753268559774,0.6456177706519762,0.10315662182190201,0.11691593548113649,0.06380880825360112,0.23034375177435737,0.929189920425415,47.316443947951,1.5772147982650333
3020,2,9.597937786345859e-05,0.5599887290372332,0.3084871172904968,0.03508096933364868,0.28097444772720337,0.2668914198875427,0.08331770449876785,0.0,0.5994235848387083,15.964016834894815,0.679380421837171,0.09413241899826309,0.11077026311646808,0.06996341521153226,0.26188511351673777,0.8834047317504883,47.63758046627045,1.5879193488756815
3040,3,9.59161758199332e-05,0.5705603735920103,0.2434985339641571,0.03506936877965927,0.3807041049003601,0.32855159044265747,0.10441726446151733,0.0,0.7244794219732285,15.215813398361206,0.6528627276420593,0.12368945100090721,0.15282667631452734,0.07348167450982146,0.27801477621224796,0.8855483531951904,47.94818320274353,1.5982727734247844
3060,3,9.585250225577568e-05,0.5764707885373619,0.3201647996902466,0.02501397393643856,0.24974942207336426,0.22632884979248047,0.028768999502062798,0.0,0.7459688559174538,14.768216053644815,0.6273418267567953,0.11925728856162592,0.16208065165714783,0.06054760483411056,0.22522883343679662,0.9093906879425049,48.264640120665234,1.6088213373555078
3080,3,9.57883578320588e-05,0.584999599063321,0.45394647121429443,0.048304956406354904,0.2622731328010559,0.2827094495296478,0.04142533242702484,0.0,0.6585162468254566,15.906957467397055,0.6739081492026647,0.12073179165070708,0.13236711749976332,0.07356870544820347,0.2852972657208077,0.8815994262695312,48.57388283809026,1.619129427936342
3100,3,9.572374321474397e-05,0.5931423987001416,0.3770645558834076,0.031117137521505356,0.3227030634880066,0.28042954206466675,0.05052093416452408,0.0,0.70055844510595,15.633670250574747,0.6743437151114146,0.14668624035336755,0.13816663893786343,0.08486683410063217,0.3254032384561883,0.8853793144226074,48.87896876335144,1.6292989587783813
3120,3,9.565865907467422e-05,0.5872310853395888,0.2296270728111267,0.01542702503502369,0.2155216932296753,0.1842564195394516,0.03176029771566391,0.0,0.6367517672479153,16.527068614959717,0.7097323934237162,0.13488735478710046,0.11324787292290818,0.10337195881451904,0.409987746166404,0.8908646106719971,49.191155501206715,1.6397051833735572
3140,3,9.559310608756726e-05,0.5730371163068502,0.3358704447746277,0.04398850351572037,0.3206061124801636,0.28310221433639526,0.058678463101387024,0.0,0.6800982107718786,15.671759049097696,0.6848514104882876,0.1376850073310462,0.13166360861875795,0.08525240772128613,0.3259743330153552,0.8796005249023438,49.49424139261246,1.6498080464204152
3160,3,9.55270849340085e-05,0.5689208287737781,0.3634018301963806,0.03099673241376877,0.24040460586547852,0.22584888339042664,0.07072747498750687,0.0,0.5119763625164827,16.40824286142985,0.7106709654132525,0.0904426881196824,0.08597141385755756,0.07671042934949086,0.29343142214400525,0.899411678314209,49.79985147714615,1.659995049238205
3180,3,9.546059629944393e-05,0.561003847662688,0.4090062975883484,0.03074384480714798,0.21953338384628296,0.19311249256134033,0.06526429206132889,0.0,0.4816308692097664,16.40670156478882,0.7169265449047089,0.08028563653880899,0.07714882763949307,0.06998402876144444,0.25850512089461763,0.8831984996795654,50.107070597012836,1.6702356865670946
3200,3,9.539364087417304e-05,0.5715569839487857,0.33896270394325256,0.030258676037192345,0.2734488844871521,0.2504451274871826,0.014334538951516151,0.0,0.6012840544184049,15.179986159006754,0.6285985509554545,0.08678177947347815,0.11114553785459562,0.03742005932144821,0.15648845019115304,0.8782474994659424,50.413703660170235,1.6804567886723412
3220,3,9.532621935334164e-05,0.5634243169869251,0.31997206807136536,0.018301375210285187,0.21246010065078735,0.19616413116455078,0.06574838608503342,0.0,0.5967230647802353,15.239031791687012,0.6396875604987144,0.08865817737850276,0.10892702622169798,0.051826950710330326,0.19575621332676912,0.8826565742492676,50.721946676572166,1.6907315558857388
3240,3,9.525833243693467e-05,0.5624107141813715,0.22770099341869354,0.020767632871866226,0.27310580015182495,0.2329656332731247,0.06260892748832703,0.0,0.7377447659770647,15.157491525014242,0.6818002536892891,0.1559818180447275,0.1440940456972881,0.09718965615981935,0.395053195936436,0.8813221454620361,51.02533180316289,1.7008443934387631
3260,4,9.518998082976887e-05,0.5614882775595754,0.4286254942417145,0.05190330743789673,0.32810378074645996,0.3581007421016693,0.03343980014324188,0.0,0.5733298423389593,15.43898836771647,0.6468095456560453,0.0792097777805545,0.10597092268819158,0.047484113194514066,0.1821951350853355,0.8817198276519775,51.33245377540588,1.7110817925135295
3280,4,9.51211652414855e-05,0.553656051150175,0.2837899625301361,0.021011173725128174,0.3041636347770691,0.26119059324264526,0.04312549903988838,0.0,0.614265039563179,16.107949256896973,0.6804571350415548,0.09698709371415051,0.11904080008918588,0.07410318725901148,0.29158729484135454,0.8865554332733154,51.638094933827716,1.7212698311275907
3300,4,9.505188638654303e-05,0.5596348383645514,0.31379434466362,0.02830030582845211,0.2842218279838562,0.25880753993988037,0.04731816053390503,0.0,0.6939075142145157,15.784892400105795,0.6895481422543526,0.1399430917067961,0.13777866536243397,0.08418671187246218,0.34171176388521085,0.8923802375793457,51.94496905406316,1.731498968468772
3320,4,9.49821449842096e-05,0.5554578393484619,0.24863791465759277,0.015531967394053936,0.2630924582481384,0.20593029260635376,0.02667052485048771,0.0,0.5865971042464176,16.33185378710429,0.7062122498949369,0.10466899739747698,0.10742514038627798,0.07452656936683608,0.30430819508513773,0.8841145038604736,52.257667255401614,1.7419222418467204
3340,4,9.491194175855563e-05,0.5555287089914618,0.2227282077074051,0.010951864533126354,0.17737525701522827,0.13682562112808228,0.1055220291018486,0.0,0.600954690327247,16.9844810962677,0.724625326693058,0.1294759694825519,0.10444297760047695,0.09638314457102255,0.396830321543596,0.870943546295166,52.56372080643972,1.7521240268813238
3360,4,9.484127743844634e-05,0.5502974184427865,0.2555968463420868,0.02618902549147606,0.24951589107513428,0.2020469605922699,0.02071690373122692,0.0,0.5826465083907048,16.290337085723877,0.681537908812364,0.08829829206859524,0.11211317913098769,0.06515741105117327,0.24747432359832933,0.8811428546905518,52.866466307640074,1.7622155435880025
3380,4,9.477015275753408e-05,0.5528620881249017,0.5630428791046143,0.0570889376103878,0.3778836131095886,0.3124154508113861,0.053672485053539276,0.0,0.7574238156278928,15.204268058141073,0.6853591278195381,0.15937287495894867,0.1623373617502776,0.08714377898352475,0.3448257439515807,0.8711435794830322,53.16634124517441,1.772211374839147
3400,4,9.469856845425077e-05,0.5542394286545183,0.38964229822158813,0.02889494225382805,0.3334311246871948,0.2985607385635376,0.04256585240364075,0.0,0.6760683171451092,15.822696129480997,0.68293447047472,0.12285125865177675,0.14324508014727722,0.07961126741958485,0.3036919531613504,0.8723492622375488,53.46638988256454,1.782212996085485
3420,4,9.462652527180027e-05,0.55498030212879,0.370927095413208,0.03695986792445183,0.3676128387451172,0.3399684429168701,0.019602375105023384,0.0,0.6194827295839787,15.959915399551392,0.6810146768887838,0.09528285586698489,0.12812966294586658,0.06783481704835802,0.2577631660123271,0.8705058097839355,53.774505615234375,1.7924835205078125
3440,4,9.455402395815057e-05,0.5484016369403348,0.46125808358192444,0.03941817209124565,0.35425418615341187,0.27180635929107666,0.0448404960334301,0.0,0.6834347434341908,15.223578612009684,0.6479281658927599,0.10801062512804162,0.14451199668374928,0.06327496563608292,0.228276378644461,0.8733620643615723,54.07451765139898,1.8024839217132993
3460,5,9.448106526602611e-05,0.53770595631209,0.26769527792930603,0.02807135134935379,0.30980145931243896,0.29415363073349,0.01903279684484005,0.0,0.6039660274982452,16.551364819208782,0.7123919948935509,0.11861950768665834,0.11086811887269671,0.09030082504085096,0.3559251515067775,0.8739335536956787,54.378532858689624,1.8126177619563208
3480,5,9.440764995289992e-05,0.5429228482931717,0.2759853005409241,0.031171288341283798,0.27961254119873047,0.27544495463371277,0.12456899881362915,0.0,0.5964550065497557,16.37373121579488,0.7168889020880064,0.11558158780363473,0.10792217302051457,0.08313947450898757,0.3323131290539591,0.8713581562042236,54.67924429575602,1.8226414765252008
3500,5,9.433377878098582e-05,0.5374384493171515,0.31966227293014526,0.03610850125551224,0.3091133236885071,0.2776990532875061,0.03505915775895119,0.0,0.6538480600963036,16.060765425364178,0.7033554216225942,0.135922159999609,0.12103783152997494,0.09168574369571368,0.36552672119449364,0.8701400756835938,54.979289921124774,1.8326429973708258
3520,5,9.425945251723036e-05,0.5402885508561556,0.24644850194454193,0.025685768574476242,0.26995736360549927,0.22463582456111908,0.10613781958818436,0.0,0.6194169446825981,16.700715621312458,0.7213301807641983,0.1398250860246745,0.10616149380803108,0.10422286957327742,0.43055817928292195,0.86773681640625,55.28602127234141,1.8428673757447136
3540,5,9.418467193330502e-05,0.5363204045199556,0.30728772282600403,0.0269525907933712,0.24292129278182983,0.24302397668361664,0.06931736320257187,0.0,0.6468094885349274,16.080028136571247,0.6908815403779348,0.121655029498718,0.12472957355732267,0.08166670732184271,0.3213942230636762,0.8733625411987305,55.586018760999046,1.8528672920333014
3560,5,9.410943780559813e-05,0.5444547408085665,0.421470046043396,0.03747861087322235,0.3325843811035156,0.29566100239753723,0.04997769370675087,0.0,0.597636333356301,16.467581033706665,0.7072321797410647,0.12326322720301422,0.1033650619739836,0.08980946374967144,0.3549202519908166,0.8654270172119141,55.88595604101817,1.8628652013672722
3580,5,9.403375091520678e-05,0.5493381233621141,0.2632163166999817,0.02228795550763607,0.2524310350418091,0.21472418308258057,0.010262939147651196,0.0,0.5439383188883463,15.253311236699423,0.6551648477713267,0.08048544451594353,0.09556560692462054,0.049336943911012815,0.1808775147999933,0.871506929397583,56.185943110783896,1.8728647703594632
3600,5,9.395761204792875e-05,0.547945916793697,0.4808913469314575,0.06536432355642319,0.3439403772354126,0.35807496309280396,0.04572354629635811,0.0,0.5172578506171703,16.79180034001668,0.7194259713093439,0.08599388624795458,0.08875492858615788,0.07513245192372282,0.2919968340059065,0.9147193431854248,56.488837003707886,1.8829612334569295
3620,5,9.388102199425438e-05,0.5488692255087433,0.2896680533885956,0.023266524076461792,0.27751755714416504,0.24787496030330658,0.05466965213418007,0.0,0.5195652209222317,15.399004856745401,0.6527321909864744,0.07680811970071359,0.08489113809032874,0.047922733156486756,0.1832522213861177,0.876450777053833,56.80570925871531,1.893523641957177
3640,5,9.380398154935824e-05,0.5583870983261005,0.36970260739326477,0.03429558128118515,0.3508467674255371,0.31875380873680115,0.06763653457164764,0.0,0.6383654164771239,16.337940216064453,0.7023352061708769,0.1331562932411378,0.12136596288870681,0.09090746155760082,0.35997180627997627,0.8756763935089111,57.1083071788152,1.90361023929384
3660,5,9.372649151309105e-05,0.553389540681523,0.3949734568595886,0.039091698825359344,0.37342673540115356,0.33028048276901245,0.030969971790909767,0.0,0.5635560366014639,16.222370465596516,0.6691734616955122,0.09869820810854435,0.10011753812432289,0.06969135959066493,0.26227799854347145,0.87137770652771,57.409332613150276,1.9136444204383427
3680,6,9.364855268997126e-05,0.5560451026289011,0.29994258284568787,0.0281711183488369,0.30358922481536865,0.28860270977020264,0.05393332615494728,0.0,0.6482591380675634,15.998517195383707,0.6889706552028656,0.11872977602549574,0.1316591314971447,0.08269650767562614,0.32855083571154287,0.8738327026367188,57.7150395989418,1.9238346532980601
3700,6,9.357016588917666e-05,0.5507058637927357,0.331557035446167,0.02575041353702545,0.21398919820785522,0.18027733266353607,0.03209077939391136,0.0,0.7827776148915291,14.782619794209799,0.6821097259720167,0.16333453678949314,0.16916854679584503,0.09110010279321366,0.3559448320249265,0.8671131134033203,58.01600153048833,1.9338667176829445
3720,6,9.349133192453617e-05,0.5561246638385255,0.24116605520248413,0.02568688988685608,0.23243218660354614,0.23291292786598206,0.025917742401361465,0.0,0.6138831923405329,16.03563141822815,0.6840648526946703,0.10170066001063044,0.1205372309142893,0.06938501379442062,0.256425533327274,0.8744549751281738,58.32495265007019,1.944165088335673
3740,6,9.341205161452112e-05,0.5485886538678016,0.4059215784072876,0.03863431513309479,0.330239474773407,0.3002240061759949,0.03409946709871292,0.0,0.7344600285092989,15.022820393244425,0.6610885287324587,0.12457090429961681,0.1603546697985042,0.0730923684089,0.27462252005088056,0.8671119213104248,58.625997785727186,1.9541999261909062
3760,6,9.3332325782237e-05,0.5482881712472436,0.287146657705307,0.02789873443543911,0.3143172264099121,0.2510131895542145,0.09839648008346558,0.0,0.6080531403422356,16.83264708518982,0.7198862607280413,0.13004796088419177,0.10930891216478565,0.09861046086404134,0.39125856757164,0.8670439720153809,58.92702133258184,1.9642340444193946
3780,6,9.325215525541476e-05,0.5556606213401019,0.33816078305244446,0.04068943113088608,0.33577191829681396,0.3163580894470215,0.012854506261646748,0.0,0.6110907917221388,16.066179037094116,0.6640157823761305,0.09354763833636587,0.11962511424313892,0.06233620463304264,0.23183702980697324,0.873821496963501,59.22752596139908,1.9742508653799693
3800,6,9.317154086640228e-05,0.5539288874484682,0.3229582905769348,0.030361410230398178,0.29679644107818604,0.24977993965148926,0.023618286475539207,0.0,0.6761509552598,15.560709396998087,0.6878366470336914,0.12714851207353853,0.14090190895579077,0.08003304030915553,0.3071174508765001,0.8712561130523682,59.5281880458196,1.9842729348606534
3820,6,9.309048345215569e-05,0.5540519711775348,0.5033755898475647,0.04077884554862976,0.30130887031555176,0.28631269931793213,0.0355508029460907,0.0,0.7583514725168546,14.281355142593384,0.6494967266917229,0.13062362948601897,0.17351861399683086,0.06494013406865468,0.2470792180181227,0.869962215423584,59.834811055660246,1.9944937018553417
3840,6,9.300898385423074e-05,0.5460309687675295,0.1558084636926651,0.026899060234427452,0.2371843457221985,0.2333817183971405,0.0018298121867701411,0.0,0.5647474080324173,16.49956742922465,0.6986561367909113,0.09148574468087066,0.10699491406028921,0.0786694031028839,0.2953592328651046,0.8744771480560303,60.13547913233439,2.004515971077813
3860,6,9.2927042918774e-05,0.5507743974935168,0.28158819675445557,0.03008008562028408,0.33493953943252563,0.2795349955558777,0.021683858707547188,0.0,0.5794053760667642,16.1147936185201,0.6811152895291647,0.10637736303562467,0.10497158901257948,0.07533776681785556,0.28939263200895354,0.8728010654449463,60.43603537480036,2.0145345124933454
3880,6,9.284466149651415e-05,0.5507339848439936,0.30090776085853577,0.02781808003783226,0.25246167182922363,0.26606136560440063,0.065577432513237,0.0,0.5415326716999213,16.841769695281982,0.7186620732148489,0.09111922725357792,0.0949786611917344,0.07968697931871495,0.31714095700193534,0.8715553283691406,60.73628779649734,2.0245429265499113
3900,7,9.276184044275302e-05,0.5571934685868498,0.2688155472278595,0.020146004855632782,0.23272299766540527,0.24458715319633484,0.02545313537120819,0.0,0.5420798597236475,17.304895957310993,0.747824139893055,0.10951884277164936,0.08726664734157649,0.0977530033877966,0.3901741617274555,0.8719322681427002,61.042227554321286,2.034740918477376
3920,7,9.267858061735686e-05,0.5695341594759057,0.42133811116218567,0.03537237271666527,0.28483736515045166,0.26898717880249023,0.06353674829006195,0.0,0.6455287784337997,15.908266544342041,0.6789698600769043,0.10768956623294136,0.13161474364725026,0.07120970455501018,0.2650370751877993,0.8704352378845215,61.35097809235255,2.0450326030784183
3940,7,9.259488288474731e-05,0.561919324466544,0.26680853962898254,0.020905189216136932,0.2022969126701355,0.19565317034721375,0.019441697746515274,0.0,0.6475246995687485,15.525113979975382,0.6449992929895719,0.09008410721170632,0.13362934033979068,0.06168391229584813,0.2303304145620628,0.8730034828186035,61.6515384833018,2.0550512827767267
3960,7,9.251074811389246e-05,0.5618825168757658,0.42286357283592224,0.039643220603466034,0.2695988416671753,0.22826378047466278,0.030864913016557693,0.0,0.5830027169237534,16.372867743174236,0.692138560116291,0.09846191260625016,0.11068589054048061,0.06866375768070364,0.27154038222083315,0.873309850692749,61.952026577790576,2.0650675525930193
3980,7,9.242617717829786e-05,0.5549254066889929,0.24494820833206177,0.01877675950527191,0.22095483541488647,0.19095349311828613,0.05517599731683731,0.0,0.6477038376033306,16.047799666722614,0.694987510641416,0.10690044781023805,0.13110409524630418,0.0760812787282868,0.2918716700792588,0.8712830543518066,62.2522119084994,2.0750737302833135
4000,7,9.234117095599733e-05,0.553702569991151,0.3649221658706665,0.03916627913713455,0.37615323066711426,0.3208463490009308,0.011569180525839329,0.0,0.6086027063429356,15.45233416557312,0.6434311047196388,0.08402761071920395,0.11848746561868624,0.04645293441188352,0.16568167474311354,0.8717029094696045,62.55238624016444,2.0850795413388146
4020,7,9.225573032954405e-05,0.5446377781820233,0.33424755930900574,0.029132818803191185,0.2821720242500305,0.27253130078315735,0.031776610761880875,0.0,0.6779050442079703,15.611330906550089,0.693238876760006,0.1230640597641468,0.14236948927017776,0.0704856553251871,0.26551045331606554,0.8665041923522949,62.86259067058563,2.095419689019521
4040,7,9.216985618600118e-05,0.5574139439507864,0.35785961151123047,0.03891704976558685,0.327788770198822,0.3352789878845215,0.07242505997419357,0.0,0.5392356434216102,16.130834499994915,0.6800414795676867,0.07808900620280342,0.09789594025774435,0.05806336644375485,0.22109062252672051,0.8732931613922119,63.16247667868932,2.105415889289644
4060,7,9.208354941693283e-05,0.5503443300360644,0.34860989451408386,0.032280322164297104,0.32686400413513184,0.3231048583984375,0.04033727943897247,0.0,0.6597027853131294,15.281527916590372,0.6512818584839503,0.1074920017272234,0.13574397072873332,0.05502710221613101,0.20136644730386746,0.8706982135772705,63.462354111671445,2.1154118037223815
4080,7,9.199681091839463e-05,0.5456597595449728,0.4443787634372711,0.04198058694601059,0.3057515025138855,0.2444016933441162,0.037264175713062286,0.0,0.7012844507892927,15.184610843658447,0.6790243461728096,0.13451955585994504,0.1527223273773085,0.07328382696670649,0.2784027301095193,0.8725039958953857,63.76263078848521,2.12542102628284
4100,8,9.190964159092458e-05,0.5443058424112536,0.313366174697876,0.030539443716406822,0.29980915784835815,0.27803465723991394,0.11925826221704483,0.0,0.6777425557374954,15.70293116569519,0.6843461046616236,0.12993835657835007,0.1410567562349818,0.07797978214379823,0.3064365073699843,0.8729500770568848,64.06978182792663,2.1356593942642212
4120,8,9.182204233953366e-05,0.5480625625017731,0.44606468081474304,0.03068077564239502,0.30861198902130127,0.25532352924346924,0.09277824312448502,0.0,0.6678531480332216,14.94860831896464,0.6269264792402586,0.08157709342512218,0.14304131811315363,0.04293071603487161,0.1553948915679939,0.8714923858642578,64.37557610670726,2.1458525368902417
4140,8,9.173401407369636e-05,0.5428477401486757,0.26062560081481934,0.02565772645175457,0.3032625913619995,0.27721384167671204,0.01779876835644245,0.0,0.5842888553937277,15.978439887364706,0.6861752768357595,0.08401542859659954,0.1196667015213858,0.05861780931114812,0.2234621322449212,0.8699564933776855,64.67533455292384,2.1558444850974614
4160,8,9.164555770734134e-05,0.5534553872024874,0.34977367520332336,0.031067034229636192,0.26409441232681274,0.26638883352279663,0.03954118490219116,0.0,0.7615310847759247,14.53524645169576,0.6731282894810041,0.1336704965003512,0.178829530084675,0.06365994602177497,0.2361661081500973,0.8732187747955322,64.97524706919988,2.1658415689733292
4180,8,9.155667415884182e-05,0.5475352388335064,0.2918589413166046,0.02530462108552456,0.20667201280593872,0.22184213995933533,0.04919055476784706,0.0,0.7017287388443947,15.304442326227823,0.6664909472068151,0.11678126115690578,0.15122957053509625,0.062419494254175915,0.2360433520754503,0.8715822696685791,65.27525492906571,2.175841830968857
4200,8,9.146736435100619e-05,0.5344508298146474,0.36135604977607727,0.0366085022687912,0.39423900842666626,0.3510199189186096,0.02476094476878643,0.0,0.6518049451212088,14.590516249338785,0.5883904819687208,0.08726656894114884,0.13058681701394645,0.028840736800826893,0.10024245368185802,0.873870849609375,65.57519994576772,2.1858399981922574
4220,8,9.137762921106836e-05,0.5417508729847009,0.2510794997215271,0.023826051503419876,0.2726479768753052,0.24633321166038513,0.06304016709327698,0.0,0.5967787479360899,16.544411023457844,0.7022553185621897,0.11068409715186465,0.11375238983468576,0.07708401646761393,0.3029958935539154,0.8705909252166748,65.88129213253657,2.1960430710845524
4240,8,9.128746967067805e-05,0.538191547126266,0.30656805634498596,0.028628315776586533,0.26463520526885986,0.28608059883117676,0.050288695842027664,0.0,0.5412553275624911,16.323564847310383,0.6871410583456358,0.08094078234650871,0.09599835781211202,0.06864838150861695,0.2723948372877203,0.8632946014404297,66.1803777138392,2.2060125904613073
4260,8,9.119688666589129e-05,0.5406965984420644,0.3738822042942047,0.02042194828391075,0.18861007690429688,0.1791810244321823,0.05904941260814667,0.0,0.752155231932799,15.102554321289062,0.6943499619762102,0.15341844409704208,0.16320761022242633,0.09229645970811941,0.35731957062274555,0.8659749031066895,66.48035291433334,2.2160117638111116
4280,8,9.110588113716057e-05,0.5330380123521309,0.2640213668346405,0.018390219658613205,0.23936700820922852,0.2008512020111084,0.053059566766023636,0.0,0.7154517645637194,15.479077021280924,0.6929250011841456,0.13947431404482236,0.15445233339613135,0.08412441122610206,0.3244746183891865,0.8724489212036133,66.78025929927826,2.2260086433092754
4300,8,9.101445402932509e-05,0.536399868844092,0.28082215785980225,0.03735153749585152,0.3177517056465149,0.3209632933139801,0.016436435282230377,0.0,0.6428766945997874,15.72469941775004,0.6768299887577692,0.0945063296028159,0.13767539218745448,0.06295956292292844,0.23168102867996573,0.8632307052612305,67.07938783963522,2.235979594654507
4320,9,9.092260629160104e-05,0.5298789654037089,0.40437400341033936,0.027574783191084862,0.2023206353187561,0.22451703250408173,0.051193028688430786,0.0,0.5801954132815202,16.322845458984375,0.6918131659428278,0.10206122696399689,0.10891327871517702,0.0761101311866448,0.2863724638115276,0.8689014911651611,67.38816053072611,2.2462720176908704
4340,9,9.08303388775716e-05,0.5237162656566449,0.2422252744436264,0.03538063168525696,0.3189331889152527,0.30567747354507446,0.06783775240182877,0.0,0.6404851352175077,15.928828398386637,0.671916368107001,0.0998176656324755,0.1306455231864344,0.06288176725650953,0.24164835405297874,0.8666937351226807,67.6870882709821,2.2562362756994037
4360,9,9.07376527451772e-05,0.5425371499986096,0.2362101972103119,0.026962842792272568,0.24233609437942505,0.18239836394786835,0.019505979493260384,0.0,0.56702288488547,16.36309854189555,0.6964511225620905,0.10493491454557939,0.10535422932695258,0.06360595016369851,0.24554092134349048,0.8695905208587646,67.98672842979431,2.2662242809931437
4380,9,9.064454885670544e-05,0.5448435632276298,0.3395451307296753,0.04180589318275452,0.30851560831069946,0.30454501509666443,0.055043235421180725,0.0,0.5600072940190634,16.311029195785522,0.6994032859802246,0.10063260099427267,0.10506637038832362,0.06790839339373633,0.25724716461263597,0.8701810836791992,68.28658732970555,2.276219577656852
4400,9,9.05510281787812e-05,0.5577117288040726,0.33001500368118286,0.025744831189513206,0.2559754252433777,0.2327750325202942,0.03366393968462944,0.0,0.5483387590696415,16.471099456151325,0.707322970032692,0.07903871465135705,0.10411512106657028,0.06457059732350569,0.2497379737773868,0.8652734756469727,68.58600695530573,2.2862002318435244
4420,9,9.045709168235651e-05,0.5615240517957361,0.26542460918426514,0.031650107353925705,0.23651838302612305,0.21651725471019745,0.012313169427216053,0.0,0.6733641053239504,15.781099398930868,0.6855228170752525,0.11908531917089765,0.1465071863071485,0.07343281313693627,0.28150706852135376,0.87331223487854,68.89343416690826,2.296447805563609
4440,9,9.036274034270053e-05,0.5571133712274188,0.42825978994369507,0.0408785343170166,0.3874436616897583,0.32504794001579285,0.06035282090306282,0.0,0.5962330133964618,16.08356769879659,0.6890749235947927,0.09703826074573127,0.11879848925904794,0.06511097866909536,0.23501836404797027,0.8672795295715332,69.19383383194605,2.306461127731535
4460,9,9.026797513938947e-05,0.5434290100579369,0.24856147170066833,0.03211817890405655,0.366801917552948,0.3384069800376892,0.02504035271704197,0.0,0.5495736201604208,16.12134067217509,0.6961874266465505,0.09047466948289763,0.10098262503743172,0.06081389561718838,0.21631240090408194,0.8732635974884033,69.4953270872434,2.3165109029081132
4480,9,9.017279705629628e-05,0.5312672861049447,0.3620029389858246,0.026322782039642334,0.2645804286003113,0.21537840366363525,0.042365483939647675,0.0,0.618097759783268,16.431935389836628,0.6981032664577166,0.11244037933647633,0.12463093938475306,0.07503610218091952,0.28323530353902077,0.8770363330841064,69.79791612227758,2.3265972040759193
4500,9,9.007720708158056e-05,0.5209060514018204,0.3545045256614685,0.03037865087389946,0.22271186113357544,0.22011443972587585,0.03933290019631386,0.0,0.7614415635665258,14.668525298436483,0.6673518816630045,0.14318590645085683,0.17307299375534058,0.07337754742125278,0.27673952269874874,0.8919858932495117,70.10046617190044,2.3366822057300145
4520,9,8.998120620767827e-05,0.5283196905929309,0.37900233268737793,0.03136718273162842,0.314902126789093,0.3186910152435303,0.08363503962755203,0.0,0.7015445629755656,15.894289573033651,0.7125469818711281,0.15835752134973352,0.14668376811526038,0.091047900384927,0.35183729923234996,0.8811910152435303,70.40996735493341,2.346998911831114
4540,10,8.988479543129137e-05,0.5356156601934174,0.4493072032928467,0.04001890867948532,0.3136877417564392,0.3174781799316406,0.040328968316316605,0.0,0.7477347825964292,14.79255978266398,0.6659020110964775,0.13026564873077653,0.169573806903579,0.07119438569564161,0.26605559581763705,0.8741583824157715,70.71709135373433,2.357236378457811
4560,10,8.978797575337756e-05,0.5332535740511831,0.33943796157836914,0.03311287239193916,0.3623136878013611,0.33603590726852417,0.057972416281700134,0.0,0.59396066951255,15.710606733957926,0.657173419992129,0.08029185870493,0.11782821233976971,0.05135960525579073,0.18491208062253214,0.876227855682373,71.01897313197453,2.367299104399151
4580,10,8.969074817913985e-05,0.5281354849357337,0.4879818260669708,0.05630305036902428,0.44918572902679443,0.38371536135673523,0.06914899498224258,0.0,0.6526261406640211,14.402466376622518,0.5746613790591558,0.08552488803186199,0.1234378559006886,0.03113461513037857,0.10150872375313404,0.8738605976104736,71.32018725474676,2.377339575158225
4600,10,8.959311371801608e-05,0.5328324639025367,0.4761461913585663,0.0418468713760376,0.2976350784301758,0.24832889437675476,0.03656218200922012,0.0,0.5170216423769792,16.219600836435955,0.6901643425226212,0.07295076625252311,0.09270105138421059,0.06135268118040668,0.22078498038304548,0.8758125305175781,71.62065031925837,2.387355010641946
4620,10,8.94950733836685e-05,0.5312387767091408,0.4017806947231293,0.025644151493906975,0.25693827867507935,0.25421029329299927,0.08486717194318771,0.0,0.6022350924710432,16.286552508672077,0.6866120398044586,0.09604859707707708,0.1209200769662857,0.06735264202870894,0.2446281573396515,0.8677096366882324,71.92712484200796,2.397570828066932
4640,10,8.939662819397321e-05,0.5192586928530009,0.29079991579055786,0.022920798510313034,0.28852587938308716,0.24875092506408691,0.060984477400779724,0.0,0.5511638006816307,16.893653392791748,0.7261589989066124,0.09744601984593002,0.10321331142701885,0.07581082985151708,0.29113867768319324,0.8731293678283691,72.22788331906001,2.4075961106353336
4660,10,8.929777917100962e-05,0.5274472142931104,0.45400258898735046,0.036713309586048126,0.28789931535720825,0.29886680841445923,0.08900780230760574,0.0,0.5550092980265617,16.316587209701538,0.6951859866579374,0.08372218669815497,0.10398393513804133,0.064881455830387,0.23985219371917826,0.8713490962982178,72.52827215592066,2.417609071864022
4680,10,8.919852734104984e-05,0.5403508085134547,0.40477150678634644,0.030250897631049156,0.2586365342140198,0.2186872810125351,0.06914607435464859,0.0,0.5264442767947912,17.255220254262287,0.7312901193896929,0.0906222966414961,0.08905388838188215,0.08300702159017832,0.3317890172951262,0.8724808692932129,72.82866752545038,2.4276222508483465
4700,10,8.909887373454799e-05,0.5447689445740231,0.4045513868331909,0.036576539278030396,0.3089345097541809,0.29945993423461914,0.056999556720256805,0.0,0.5277577365438143,16.940083106358845,0.7275363430380821,0.09220791777426546,0.09424826875329018,0.07398356404089347,0.2834251973889133,0.8708639144897461,73.12923636436463,2.4376412121454876
4720,10,8.899881938612951e-05,0.5397006693136186,0.2875482141971588,0.03154273331165314,0.2524423599243164,0.26508015394210815,0.01999722793698311,0.0,0.49352826178073883,17.3370734055837,0.7573673079411188,0.0897031029347669,0.08015895871953531,0.08168409870929529,0.3212982771351976,0.8727355003356934,73.4390905102094,2.4479696836736466
4740,10,8.889836533458043e-05,0.5629214103127589,0.3633907437324524,0.025027524679899216,0.28614306449890137,0.28822892904281616,0.04774409532546997,0.0,0.5277929566800594,15.848949988683065,0.6912431145707766,0.07269468361681158,0.09434216875921596,0.05555208526592734,0.20087951345803132,0.8711028099060059,73.74161743323008,2.4580539144410025
4760,11,8.879751262283665e-05,0.5519558468828945,0.3792102336883545,0.050893634557724,0.33132225275039673,0.30921781063079834,0.03628451004624367,0.0,0.6940707589189211,15.144047260284424,0.6198115920027097,0.09971606536683711,0.14882846549153328,0.04796151431053824,0.16286872900408608,0.8693816661834717,74.04478764533997,2.4681595881779987
4780,11,8.869626229797295e-05,0.544356311511282,0.35610324144363403,0.028782468289136887,0.347872793674469,0.3360166549682617,0.06583460420370102,0.0,0.6895239278674126,15.57240629196167,0.6655797809362411,0.11086018959229643,0.1421689081259749,0.06091251876271351,0.21933483295089734,0.8704090118408203,74.34423389832179,2.4781411299440594
4800,11,8.859461541119227e-05,0.53399861032162,0.35427746176719666,0.030993860214948654,0.2873802185058594,0.29896461963653564,0.03739795833826065,0.0,0.5747960892816385,16.685980478922527,0.7162522375583649,0.09095680645921013,0.10877098481763493,0.07603486517638719,0.2846177466271911,0.8659415245056152,74.64373120864232,2.4881243736214107
4820,11,8.849257301781476e-05,0.5313985176830041,0.35880741477012634,0.032294537872076035,0.24025559425354004,0.2708210349082947,0.039679259061813354,0.0,0.5333889263371626,16.374841054280598,0.7006661221385002,0.07871718636967918,0.09584163705056364,0.0648477124708403,0.23367978793976363,0.8691813945770264,74.94818685849508,2.4982728952831694
4840,11,8.839013617726675e-05,0.5290105480773643,0.33791252970695496,0.029121574014425278,0.23288291692733765,0.23810069262981415,0.06893835216760635,0.0,0.6006879135966301,15.540425856908163,0.6566131810347239,0.08604918369515376,0.11669583415443247,0.04864235081615995,0.17291663895593956,0.8670108318328857,75.24712315003077,2.508237438334359
4860,11,8.828730595306986e-05,0.5410923013466937,0.3275011479854584,0.031848181039094925,0.29433608055114746,0.2659818232059479,0.08985152840614319,0.0,0.49639516013364,16.070775190989178,0.7022429530819257,0.06351183473386547,0.0904723470183936,0.0551220092890038,0.21123569910229312,0.866379976272583,75.54604517618814,2.5182015058729386
4880,11,8.818408341282986e-05,0.5474070212301362,0.4624735414981842,0.039268866181373596,0.33155685663223267,0.30559056997299194,0.05021588131785393,0.0,0.5213422266145548,16.684057156244915,0.7334987546006838,0.08644039217721332,0.09949226084757935,0.07443301301364871,0.2855810633098537,0.8690321445465088,75.84817032019298,2.5282723440064325
4900,11,8.808046962822565e-05,0.5356653330107353,0.3850555419921875,0.03062460385262966,0.2583261728286743,0.2656655013561249,0.0634833350777626,0.0,0.5790307788799206,16.52896507581075,0.7159915094574293,0.09633756852285429,0.1188152012499896,0.0763107620302683,0.2864827367057759,0.864579439163208,76.14699308077495,2.538233102692498
4920,11,8.797646567499815e-05,0.5347292850602069,0.3143608868122101,0.030895810574293137,0.26429110765457153,0.30027514696121216,0.07058354467153549,0.0,0.5320104708274206,16.319565614064533,0.6968644087513288,0.0895114429295063,0.09652913056991318,0.07291885391301052,0.27104618337894365,0.869070291519165,76.45143763621648,2.5483812545405495
4940,11,8.787207263293903e-05,0.5243906948483473,0.34702157974243164,0.04558928310871124,0.40597081184387207,0.36816737055778503,0.05076425150036812,0.0,0.6524625929693381,15.39328440030416,0.6533829793334007,0.08814764056693423,0.1391186792064797,0.05841267560980286,0.2070492786581636,0.8732068538665771,76.75164426962534,2.5583881423208448
4960,12,8.77672915858796e-05,0.5259326790347001,0.20736069977283478,0.022374074906110764,0.23432856798171997,0.21097725629806519,0.051192086189985275,0.0,0.6149372632304827,16.059054215749104,0.6883411655823389,0.10331381400200454,0.12937381524931302,0.06581865148936314,0.2419404361439361,0.8678426742553711,77.05699021816254,2.5685663406054178
4980,12,8.766212362167953e-05,0.5265366075724841,0.2863134741783142,0.022125408053398132,0.25460177659988403,0.2058207243680954,0.07130859047174454,0.0,0.6579958721995354,15.83274801572164,0.6929980913798014,0.1171329195865176,0.1408379745077003,0.07949190327648963,0.2979981968264011,0.8711585998535156,77.35721617937088,2.578573872645696
5000,12,8.755656983221554e-05,0.5368897557826057,0.3043178617954254,0.0280400849878788,0.25091367959976196,0.2819859981536865,0.06742747873067856,0.0,0.7427310347557068,15.2291259765625,0.6899419054389,0.15590135008096695,0.15715888582847334,0.08939930375146848,0.3414632316297767,0.8758690357208252,77.65755341450374,2.5885851138167912
5020,12,8.745063131337004e-05,0.5550088228720728,0.5615169405937195,0.0523078553378582,0.313496470451355,0.25890713930130005,0.03956345468759537,0.0,0.512983584155639,15.171047449111938,0.6545813033978144,0.06728499196469784,0.088679776950316,0.03828962123952806,0.13204172003844922,0.8678953647613525,77.96352787415186,2.598784262471729
5040,12,8.734430916501985e-05,0.5539459229628552,0.5483998656272888,0.05296788364648819,0.3323901295661926,0.2813137471675873,0.06392333656549454,0.0,0.5207337848842144,16.635950247446697,0.7059115692973137,0.06026016662574627,0.09755887158892372,0.056800357551599685,0.2103897066911238,0.8746798038482666,78.26346137126286,2.6087820457087623
5060,12,8.723760449102465e-05,0.5432101941637886,0.3678746223449707,0.03150440379977226,0.33687591552734375,0.3117370307445526,0.06863947212696075,0.0,0.5502300200363001,16.592173894246418,0.7068880672256151,0.07684987893497403,0.10271834768354893,0.06260371988471226,0.2247970382040049,0.8699305057525635,78.56650915145875,2.618883638381958
5080,12,8.713051839921565e-05,0.5340022061881368,0.3315359055995941,0.03729262202978134,0.3147946000099182,0.3034251034259796,0.029910806566476822,0.0,0.5487721059471369,16.707289536794026,0.7249904374281565,0.10273421301760456,0.10618637536059726,0.07628223998207515,0.2888643174770881,0.8725974559783936,78.8663313905398,2.6288777130179937
5100,12,8.702305200138395e-05,0.5204429217308537,0.36293548345565796,0.03538749739527702,0.3096177577972412,0.3034239411354065,0.058618515729904175,0.0,0.49955805018544197,16.50325616200765,0.7055892298618952,0.07116780705241994,0.08418180725791237,0.06320624144692291,0.2355354847889182,0.870624303817749,79.1667068640391,2.6388902288013036
5120,12,8.69152064132691e-05,0.5399304298750225,0.43626508116722107,0.048460956662893295,0.31738585233688354,0.2815259099006653,0.017605895176529884,0.0,0.5162945607056221,16.16971731185913,0.6997924397389094,0.07969167379831726,0.0956278033554554,0.046334624206792796,0.18792878553358605,0.8736183643341064,79.47196539640427,2.6490655132134755
5140,12,8.680698275454754e-05,0.5314740206834542,0.3557027578353882,0.03349823132157326,0.3309340476989746,0.3093617558479309,0.10532929748296738,0.0,0.7024569132675728,14.862295071283976,0.613495854039987,0.109828472730111,0.1451219128952785,0.04254740600795644,0.15016884246539453,0.8712692260742188,79.77241925795873,2.6590806419319577
5160,12,8.669838214882082e-05,0.5192369715549255,0.33135008811950684,0.027790363878011703,0.24669009447097778,0.23443210124969482,0.06506162881851196,0.0,0.6271662202974161,15.50405208269755,0.6611089035868645,0.09392659929157658,0.12938141873614353,0.052585535228651926,0.1906847087375354,0.8684651851654053,80.07280319134394,2.6690934397114647
5180,13,8.658940572360412e-05,0.5135638379645912,0.2585463523864746,0.027354449033737183,0.26147890090942383,0.23235122859477997,0.03197800740599632,0.0,0.6551537041862806,15.659259557723999,0.7022966668009758,0.1259559276090427,0.13485247929665176,0.06874804295446003,0.26142235673350195,0.8689284324645996,80.37614292701086,2.6792047642336954
5200,13,8.648005461031442e-05,0.5342014157754089,0.3085017502307892,0.02094683051109314,0.2720400094985962,0.23953603208065033,0.08424024283885956,0.0,0.6924449764192104,15.151601235071817,0.6706153651078542,0.13071311045099387,0.14685406535863876,0.05931510426903101,0.22036167869704182,0.8689062595367432,80.67702231009801,2.689234077003267
5220,13,8.637032994425882e-05,0.5327476292585778,0.29028525948524475,0.029920294880867004,0.2828916907310486,0.2719042897224426,0.1234450563788414,0.0,0.5533897715310255,16.450751225153606,0.7004799346129099,0.08087399703535167,0.10671155527234077,0.06026714731706306,0.22505987787735648,0.8815414905548096,80.98595080773036,2.699531693591012
5240,13,8.626023286462268e-05,0.5328680052137564,0.3287096619606018,0.028655871748924255,0.27303558588027954,0.26971888542175293,0.025799546390771866,0.0,0.49880395891765755,16.751691102981567,0.7195616761843363,0.06912268071689388,0.0924920869821852,0.06261263297876046,0.2443108422713439,0.8740584850311279,81.28736945390702,2.7095789817969003
5260,13,8.614976451445788e-05,0.5259595489644966,0.28731775283813477,0.016210200265049934,0.17374420166015625,0.18719065189361572,0.05817178636789322,0.0,0.6740189132591089,15.731492280960083,0.7023634513219198,0.12098127468065782,0.14738868481733583,0.07377809051765573,0.28133358562428673,0.8674526214599609,81.5880979458491,2.719603264861637
5280,13,8.603892604067091e-05,0.5261593805925806,0.2783903181552887,0.02922140061855316,0.2993059754371643,0.2838626503944397,0.08390101790428162,0.0,0.6873201429843903,15.344115575154623,0.6638970822095871,0.11583244936032729,0.15100345760583878,0.058128846393876964,0.21340795171404767,0.8733806610107422,81.88919618924459,2.7296398729748197
5300,13,8.592771859401092e-05,0.5201480900319897,0.25520631670951843,0.02744615077972412,0.21152585744857788,0.2322002351284027,0.0491013266146183,0.0,0.6244150288403034,15.310345888137817,0.6326993182301521,0.07670102657919581,0.12851423008198087,0.04111442149290021,0.1481205336908302,0.8695683479309082,82.18947734832764,2.7396492449442547
5320,13,8.58161433290579e-05,0.5224049059038606,0.2739144265651703,0.027425339445471764,0.24426579475402832,0.2585000991821289,0.07045290619134903,0.0,0.6039853431284428,16.497285445531208,0.7219368467728297,0.11184978061778979,0.12207004173912785,0.07843741810277359,0.30401144081472675,0.8720905780792236,82.49592342774073,2.7498641142580245
5340,13,8.570420140421052e-05,0.522898865732288,0.4595904052257538,0.0490296296775341,0.35558146238327026,0.37934398651123047,0.08820658922195435,0.0,0.6006604681412379,16.327956120173138,0.6930993298689524,0.09693597798997705,0.12463255734606223,0.06575604142893678,0.24496800964698195,0.8719620704650879,82.79643214543661,2.7598810715145534
5360,13,8.559189398167424e-05,0.5109380608935186,0.3506075441837311,0.0352504625916481,0.303780198097229,0.32931220531463623,0.04798790439963341,0.0,0.5323952858646711,16.622762362162273,0.7095223317543665,0.08152700367976319,0.10139422017064961,0.05929871241890148,0.22162156516093423,0.8668868541717529,83.09693646033605,2.7698978820112017
5380,13,8.54792222274492e-05,0.530253782727603,0.33816519379615784,0.03815404698252678,0.307780385017395,0.28941163420677185,0.0934055894613266,0.0,0.573998628805081,15.910902818044027,0.6612353672583898,0.0785762027583339,0.11088320680639961,0.04415807507426838,0.16467552144207398,0.8648092746734619,83.39698681433995,2.7798995604779986
5400,14,8.536618731131808e-05,0.521554488003117,0.3349449336528778,0.036096688359975815,0.2887451648712158,0.2848663926124573,0.018037134781479836,0.0,0.5336231316129366,16.6741783618927,0.7141934186220169,0.07391438277607615,0.09720794839615171,0.06146804868397091,0.23276791391386228,0.875129222869873,83.70240408579508,2.7900801361931693
5420,14,8.525279040683404e-05,0.518384408994555,0.4470338225364685,0.04096785932779312,0.33140265941619873,0.27580299973487854,0.03810841217637062,0.0,0.64222905660669,15.581077814102173,0.6548289507627487,0.08674256672913377,0.13415844941681082,0.05213146299551723,0.18861947395172055,0.8696763515472412,84.01675583918889,2.8005585279729632
5440,14,8.513903269130841e-05,0.518544648708076,0.2028815597295761,0.025927644222974777,0.24905520677566528,0.25528064370155334,0.034870997071266174,0.0,0.6772623732686043,15.986916700998941,0.7046754931410154,0.13876940885728056,0.14004442806948314,0.08031201102792031,0.31260644767264073,0.8720521926879883,84.31770844856898,2.810590281618966
5460,14,8.502491534579862e-05,0.5225448424454506,0.350286602973938,0.046459540724754333,0.32055360078811646,0.27215585112571716,0.029424289241433144,0.0,0.5595042066027721,16.203294197718304,0.6771620512008667,0.0772656723856926,0.1074905725703998,0.05101779044343857,0.17889628899072044,0.8670053482055664,84.61920530796051,2.820640176932017
5480,14,8.491043955509578e-05,0.5280618018505875,0.41753819584846497,0.03027692250907421,0.24966520071029663,0.1954009234905243,0.02445348910987377,0.0,0.5822163665046295,16.59234841664632,0.7215730398893356,0.09823370500552384,0.11854056810790842,0.06713777228729999,0.24928387240123068,0.870436429977417,84.91924141248067,2.830641380416022
5500,14,8.479560650771249e-05,0.5294767187749719,0.45346352458000183,0.06580620259046555,0.3418084383010864,0.3097742795944214,0.07697542756795883,0.0,0.6139407083392143,16.166733821233112,0.6898741349577904,0.10184731427580118,0.12315993535925042,0.06077880538020963,0.2263967459649724,0.8715431690216064,85.21878156661987,2.8406260522206623
5520,14,8.468041739587048e-05,0.5176911555362547,0.4176229238510132,0.04344518110156059,0.38745975494384766,0.3385714292526245,0.03320526331663132,0.0,0.715456884354353,15.072742700576782,0.6863422517975172,0.11928843012587591,0.16412758217616516,0.0637544631820426,0.2374572640030899,0.8723139762878418,85.52566117842993,2.8508553726143306
5540,14,8.45648734154882e-05,0.5296115634269413,0.29075056314468384,0.0312553271651268,0.26183605194091797,0.28242236375808716,0.03842155635356903,0.0,0.5765874280283848,16.548557837804157,0.7035277187824249,0.0930734874511307,0.11131850291382182,0.06779765246491562,0.2656530040231618,0.8702929019927979,85.82490598360697,2.8608301994535656
5560,14,8.444897576616843e-05,0.5240516218341555,0.40812212228775024,0.03697190806269646,0.2722890377044678,0.24816040694713593,0.028512464836239815,0.0,0.6520606093108654,15.885921160380045,0.7077805424729983,0.11810083128511906,0.1412997613237663,0.07093750301481289,0.2739599460302005,0.8678662776947021,86.12471986611685,2.870823995537228
5580,14,8.433272565118582e-05,0.530282021385623,0.3158504366874695,0.03654266521334648,0.31739187240600586,0.3191780149936676,0.032486576586961746,0.0,0.5380155512442192,15.718509435653687,0.6796815022826195,0.08653278775851835,0.096260099417784,0.04404239678181263,0.1513995433706441,0.8737564086914062,86.42469489177068,2.8808231630590226
5600,15,8.421612427747437e-05,0.5215329981276977,0.45929980278015137,0.04759780317544937,0.31460410356521606,0.29009199142456055,0.08770085871219635,0.0,0.5902725365012884,15.595678885777792,0.6577348907788595,0.08713175898248499,0.11301804113794457,0.048908756908283314,0.16732316129756244,0.8750786781311035,86.73995718558629,2.8913319061862097
5620,15,8.409917285561498e-05,0.518958719978616,0.4091969430446625,0.03005855344235897,0.2748313546180725,0.243508979678154,0.04560289531946182,0.0,0.6641742860277494,16.19158697128296,0.7239222923914591,0.15564867718653244,0.13510390658947555,0.09058068833440881,0.3508141244422983,0.8687679767608643,87.04709717432658,2.901569905810886
5640,15,8.398187259982276e-05,0.5307553377370622,0.38923847675323486,0.03076934814453125,0.3119809627532959,0.29736459255218506,0.05991756543517113,0.0,0.5890866946429014,16.324333031972248,0.7076708202560743,0.09779169071804393,0.12256891991604459,0.060856661589985546,0.22385416105812925,0.8747007846832275,87.347953859965,2.9115984619988335
5660,15,8.386422472793453e-05,0.5158110886410308,0.28596019744873047,0.02902509830892086,0.26809775829315186,0.2571147084236145,0.013750635087490082,0.0,0.47486142193277675,16.994126240412395,0.7387912000219027,0.0775998530655422,0.08430524576794017,0.0710999042017978,0.26800503925716673,0.8760871887207031,87.64908444881439,2.921636148293813
5680,15,8.374623046139615e-05,0.5141203676805848,0.26872017979621887,0.028489556163549423,0.2203119397163391,0.23032701015472412,0.01887446828186512,0.0,0.5022346079349518,16.898065249125164,0.7257429560025533,0.06964120785282417,0.09491446715864268,0.0642405090276787,0.2417208700842986,0.8732302188873291,87.95029451449712,2.9316764838165708
5700,15,8.362789102524976e-05,0.5041562828422981,0.2176225632429123,0.016026748344302177,0.1990235447883606,0.19732896983623505,0.04224170744419098,0.0,0.5629407502710819,17.28257425626119,0.7535725732644399,0.09830687042664397,0.10845156640491703,0.08625219856251286,0.33404050951040437,0.8722407817840576,88.2514470299085,2.94171490099695
5720,15,8.350920764812122e-05,0.5090228439904281,0.38642147183418274,0.041795745491981506,0.35177284479141235,0.3129352927207947,0.039144840091466904,0.0,0.6439415576557318,15.143720149993896,0.6342900258799394,0.08579053662040016,0.1311087291687727,0.046694133580207235,0.1576873340448153,0.8739910125732422,88.55797067483266,2.9519323558277555
5740,15,8.339018156220718e-05,0.5205577271882496,0.3256504237651825,0.031136002391576767,0.34484434127807617,0.322851300239563,0.0331370085477829,0.0,0.5362776375065247,16.247703154881794,0.7310723960399628,0.09089053820141337,0.10335187309167602,0.06236841983098367,0.2397407660133798,0.8708176612854004,88.8588497877121,2.9619616595904033
5760,15,8.327081400326239e-05,0.5320564354970896,0.4956481158733368,0.04287990182638168,0.2824603319168091,0.2466990351676941,0.023124856874346733,0.0,0.710137389600277,15.139433145523071,0.685134768486023,0.1284043834629384,0.1595420739190145,0.06711901275378875,0.24816888049826957,0.8714592456817627,89.15957034826279,2.971985678275426
5780,15,8.315110621058685e-05,0.5408151348985754,0.28612980246543884,0.02970857545733452,0.24437958002090454,0.23426805436611176,0.06211898475885391,0.0,0.64561074351271,15.957242012023926,0.7061915049950281,0.12885903160680423,0.13599921034818346,0.06657683566498401,0.2465361431823112,0.8682456016540527,89.46054770151774,2.982018256717258
5800,15,8.303105942701298e-05,0.5232878721153628,0.2155345231294632,0.017711099237203598,0.16678184270858765,0.1511131376028061,0.053700633347034454,0.0,0.65848458558321,15.892162402470907,0.6951748927434286,0.11704349365424026,0.1402582385661927,0.0642777607239292,0.2377339489999444,0.8740684986114502,89.76166888872783,2.992055629624261
5820,16,8.291067489889261e-05,0.5105207897274016,0.4171963036060333,0.03728128969669342,0.3744540214538574,0.33396458625793457,0.07880387455224991,0.0,0.5781244598329067,16.75138322512309,0.7244053532679876,0.09550904042341492,0.11674562079662626,0.06522051681994609,0.24154881614429707,0.8723599910736084,90.07232437133788,3.0024108123779296
5840,16,8.278995387608413e-05,0.5205709901895633,0.43093234300613403,0.04044917970895767,0.3550693988800049,0.36486682295799255,0.029410939663648605,0.0,0.6947793215513229,14.963627894719442,0.630622481306394,0.13068215718323534,0.1470038421790708,0.04227741796719122,0.15590243568294682,0.874845027923584,90.37242276668549,3.0124140922228495
5860,16,8.266889761193953e-05,0.525291674861836,0.3250700533390045,0.02382115088403225,0.2253440022468567,0.23137295246124268,0.06337036937475204,0.0,0.6142579286048809,16.30416528383891,0.727643129726251,0.12434529987248508,0.1344422037628564,0.0700631894466245,0.2726812503559896,0.8651199340820312,90.67272656361261,3.022424218787087
5880,16,8.254750736329132e-05,0.531732047160344,0.3232195973396301,0.029566150158643723,0.2804889678955078,0.2630702257156372,0.0903780460357666,0.0,0.5082145761698484,15.559372345606485,0.6653786127765974,0.07400308494371446,0.08685063316740772,0.039398451317869,0.14297010157315526,0.8710253238677979,90.97341710329056,3.0324472367763518
5900,16,8.242578439043948e-05,0.5361306867390427,0.29058048129081726,0.0273369662463665,0.2572537660598755,0.25191807746887207,0.0720757469534874,0.0,0.4957183661560218,16.59853188196818,0.7194736550251642,0.07913794952698729,0.09021663445640694,0.05749422567896545,0.22313196535899557,0.8679203987121582,91.27361887296041,3.0424539624320137
5920,16,8.230372995713844e-05,0.5371770313375466,0.3417944014072418,0.036322254687547684,0.27821213006973267,0.2527695596218109,0.05082068592309952,0.0,0.5666579678654671,16.974626382191975,0.7492702205975851,0.11412449079481038,0.11087385023182089,0.08216062921565026,0.33111426543275063,0.8753867149353027,91.58020570278168,3.052673523426056
5940,16,8.218134533058394e-05,0.5168553623259206,0.24352677166461945,0.028807077556848526,0.33295679092407227,0.2943270206451416,0.007586645428091288,0.0,0.6414072550833225,15.036584615707397,0.6312021464109421,0.10176023849370805,0.1223148639229211,0.040989360202564225,0.1420632179757707,0.8720123767852783,91.88056517839432,3.0626855059464773
5960,16,8.205863178139981e-05,0.5095243080387502,0.3442172408103943,0.03964849188923836,0.36490315198898315,0.3066776990890503,0.07027585804462433,0.0,0.644789836059014,15.829941034317017,0.68438337991635,0.11568851498040286,0.13343292440880428,0.060822473669593986,0.22490966312100433,0.8731765747070312,92.18086291154226,3.072695430384742
5980,16,8.19355905836249e-05,0.5039265182548169,0.34813693165779114,0.029966158792376518,0.24031025171279907,0.24380311369895935,0.023770537227392197,0.0,0.6554017439484596,15.785804669062296,0.7016487096746763,0.11729691338471392,0.1421661874787374,0.06838664244275026,0.2542642444631466,0.8692078590393066,92.48112922112146,3.0827043073707157
6000,16,8.181222301469967e-05,0.5029931854595867,0.3941897451877594,0.0269833505153656,0.24052006006240845,0.23897790908813477,0.06592439115047455,0.0,0.6201556182156006,16.532583395640057,0.7307940423488617,0.1258537960662083,0.12969438240609385,0.07763781226557595,0.2967551944523372,0.8694846630096436,92.78154066006343,3.092718022002114
6020,16,8.168853035545313e-05,0.5047944070433817,0.29989877343177795,0.02092585526406765,0.2001878023147583,0.20590166747570038,0.03347678855061531,0.0,0.4413096234202385,17.371142864227295,0.7653713275988897,0.07539966067468579,0.06962106867947361,0.0780864421765066,0.32020072190260346,0.869920015335083,93.0874356865883,3.1029145228862762
6040,17,8.156451389008941e-05,0.5028102833510503,0.3657761812210083,0.025658071041107178,0.2505754232406616,0.25468844175338745,0.04796956107020378,0.0,0.6485054356356462,15.878861427307129,0.7114316746592522,0.12086478383703665,0.13798342289572413,0.07464475148878012,0.2813666901069651,0.8695743083953857,93.39494128624598,3.113164709541533
6060,17,8.14401749061745e-05,0.513644680551206,0.3604505956172943,0.042031120508909225,0.2946327328681946,0.2279810905456543,0.035597946494817734,0.0,0.7075147194166979,15.455811103185018,0.6970196043451627,0.141413958912546,0.15843212706121532,0.08131042986600402,0.3043310189475299,0.8703243732452393,93.69493378798167,3.123164459599389
6080,17,8.131551469462278e-05,0.5155039504271106,0.2510475516319275,0.01999925635755062,0.1998910903930664,0.17447277903556824,0.07145562022924423,0.0,0.6655600319306055,15.753274520238241,0.6854251598318418,0.1297016777098179,0.13862819732590156,0.0697557046997562,0.2547319244820921,0.8755953311920166,93.9962721546491,3.1332090718216365
6100,17,8.119053454968375e-05,0.5285125091355407,0.37306538224220276,0.028925999999046326,0.30377376079559326,0.2472355216741562,0.045926980674266815,0.0,0.5084814516206583,17.188915252685547,0.738328643143177,0.08917241492732005,0.09228888729756529,0.07328568718565459,0.2810196385041557,0.8681795597076416,94.2992436726888,3.14330812242296
6120,17,8.10652357689285e-05,0.5188529619646881,0.20144134759902954,0.019482741132378578,0.21101754903793335,0.22599630057811737,0.01476033590734005,0.0,0.6039440333843231,16.30241592725118,0.7060097480813662,0.10857713264836506,0.12236873043531721,0.0760554355418373,0.2871317251569549,0.8744196891784668,94.60868679285049,3.1536228930950165
6140,17,8.093961965323627e-05,0.5059709520865435,0.30076169967651367,0.02608032524585724,0.2557276487350464,0.2529388666152954,0.019620634615421295,0.0,0.5857096953938404,16.05659619967143,0.6894785811503729,0.09440919066863981,0.11726052822037177,0.06204056020082631,0.22653052102065308,0.8735847473144531,94.91065917015075,3.1636886390050254
6160,17,8.081368750678093e-05,0.5077400110261387,0.41432908177375793,0.057551901787519455,0.24821341037750244,0.24132424592971802,0.0622292198240757,0.0,0.6380629688501358,15.340744256973267,0.6694541101654371,0.1013538349758495,0.1294747337021611,0.055533231324674984,0.20211461162861352,0.876417875289917,95.21226280530294,3.1737420935100977
6180,17,8.068744063701748e-05,0.5121476340882007,0.3790382146835327,0.04383217915892601,0.30542421340942383,0.30108126997947693,0.08821149915456772,0.0,0.5290899487833182,16.646024386088055,0.7382380465666453,0.09448049691590396,0.09763587774200873,0.0727532755190623,0.28213742234087974,0.870488166809082,95.51359885136286,3.183786628378762
6200,17,8.05608803546684e-05,0.507984426470021,0.2716633975505829,0.032848060131073,0.28465408086776733,0.2780667543411255,0.024483492597937584,0.0,0.6076573953032494,16.108967065811157,0.6942529280980428,0.09875480983067643,0.12898343445902521,0.06018552027671831,0.2235245871177705,0.8739376068115234,95.81547570228577,3.1938491900761923
6220,17,8.043400797371016e-05,0.5031783942636152,0.33276572823524475,0.0294436514377594,0.2600020170211792,0.27339959144592285,0.05653078481554985,0.0,0.6594062149524689,15.754215955734253,0.670430970688661,0.10713688385757533,0.14080010828646747,0.06232951800517516,0.22728037957726469,0.8763427734375,96.12365872462591,3.2041219574875304
6240,18,8.030682481135942e-05,0.5135814123059043,0.3684126138687134,0.04312102124094963,0.3016136884689331,0.2864640951156616,0.04591771587729454,0.0,0.5623529056708018,17.141360998153687,0.7451793750127157,0.10006648454476487,0.10142379050905054,0.08659993599907136,0.34663614650807256,0.8805913925170898,96.44015254974366,3.2146717516581216
6260,18,8.01793321880595e-05,0.5197855949297381,0.294628769159317,0.026877671480178833,0.24423587322235107,0.21460625529289246,0.026410112157464027,0.0,0.5573791805654764,17.099453846613567,0.7451332956552505,0.10201903822069819,0.10888606157492507,0.07728796576372009,0.29238563247914,0.8741722106933594,96.74164715607961,3.2247215718693205
6280,18,8.005153142746659e-05,0.5279219910555084,0.31120866537094116,0.028217650949954987,0.19120734930038452,0.157864511013031,0.025045258924365044,0.0,0.6444951966404915,15.824660380681356,0.6714327608545622,0.11247240989045663,0.13518248803236269,0.05258908272530376,0.1857650696395219,0.8797471523284912,97.0439970811208,3.234799902704027
6300,18,7.992342385643602e-05,0.5147710274161751,0.2477298527956009,0.030058663338422775,0.255507230758667,0.2561563551425934,0.00986865907907486,0.0,0.5818373945852121,16.17624584833781,0.6828017036120096,0.09105004150081765,0.11581458269872448,0.05137733535097637,0.18061012164054607,0.8734495639801025,97.34549495776494,3.244849831925498
6320,18,7.97950108050085e-05,0.5138324819521058,0.44056326150894165,0.03678446263074875,0.22563695907592773,0.23519426584243774,0.05895139276981354,0.0,0.6134670730680227,16.488747278849285,0.7268137782812119,0.12290220690721815,0.1243438029831106,0.07395319396230414,0.2738374437216077,0.8735256195068359,97.65187520980835,3.2550625069936117
6340,18,7.966629360639634e-05,0.509151200913666,0.3070943057537079,0.03651326894760132,0.31273823976516724,0.29620158672332764,0.01856440305709839,0.0,0.5637656326095263,16.507091840108234,0.7126009091734886,0.1051500970074399,0.10696989264000546,0.068454825933176,0.2572650535624813,0.8755440711975098,97.95312333901724,3.2651041113005745
6360,18,7.953727359696951e-05,0.5017553536688255,0.28475967049598694,0.023863494396209717,0.2105621099472046,0.2055959552526474,0.029785893857479095,0.0,0.45759283813337487,16.906059583028156,0.7459282428026199,0.07079755650325255,0.08063642037185756,0.06369733447694546,0.24363336519044507,0.8727307319641113,98.2542483607928,3.2751416120264265
6380,18,7.940795211624185e-05,0.5022950208664885,0.26801052689552307,0.02560548298060894,0.23239105939865112,0.27158546447753906,0.09780456870794296,0.0,0.5560253442575535,16.335667848587036,0.6984351351857185,0.0894135670228438,0.11076097275045785,0.05799617698093326,0.22446431803771041,0.873894453048706,98.55529669920604,3.2851765566402014
6400,18,7.927833050685716e-05,0.5027501140534464,0.24389030039310455,0.026189863681793213,0.28450584411621094,0.2595643401145935,0.01969350501894951,0.0,0.5826401747763157,16.455424626668293,0.7317244013150533,0.10792690921913493,0.1205622630871155,0.06889375569087199,0.2682082815921273,0.8755202293395996,98.85690334240596,3.295230111413532
6420,18,7.914841011457526e-05,0.4894115295430821,0.24403966963291168,0.025398094207048416,0.2438010573387146,0.1963556706905365,0.023268330842256546,0.0,0.4410292984296878,17.300155639648438,0.7634592751661936,0.06378091211346062,0.07722901976244016,0.06710217463445257,0.25560951564164663,0.8721942901611328,99.16417884031931,3.305472628010644
6440,18,7.901819228825792e-05,0.5070368896934994,0.27226898074150085,0.02660241723060608,0.23760771751403809,0.22366321086883545,0.013104117475450039,0.0,0.5583765432238579,16.703434069951374,0.7088926459352175,0.07784838601946831,0.11080448761243712,0.06511209955930429,0.24305010058014886,0.8741567134857178,99.46608143250147,3.315536047750049
6460,19,7.888767837985501e-05,0.5125677210896946,0.25560882687568665,0.020951081067323685,0.24173396825790405,0.24248862266540527,0.04106830433011055,0.0,0.6707768887281418,15.905967394510904,0.7121147140860558,0.1391480348326943,0.14056400514461778,0.07439389029671227,0.27197943233080546,0.8720717430114746,99.78470731178919,3.326156910392973
6480,19,7.875686974439035e-05,0.5218885332215459,0.36210474371910095,0.03853587433695793,0.2757163643836975,0.2858547568321228,0.06008995324373245,0.0,0.6390231723586718,17.108676830927532,0.7631512383619944,0.160229584032839,0.11783539249815723,0.11116021060099063,0.45642903355077247,0.868178129196167,100.08602712154388,3.336200904051463
6500,19,7.862576773994769e-05,0.5275234707105867,0.3300251066684723,0.029947970062494278,0.24180394411087036,0.2581973671913147,0.055208902806043625,0.0,0.5771114683399597,16.621429363886516,0.7035051956772804,0.09424376386133107,0.11551500044085762,0.06947268821171416,0.2623272613101025,0.8654999732971191,100.38700505892436,3.346233501964145
6520,19,7.849437372765663e-05,0.5247070570422216,0.42544591426849365,0.047912776470184326,0.39727574586868286,0.34477418661117554,0.028708353638648987,0.0,0.49363286048173904,17.03584162394206,0.7191221838196119,0.06954733874987472,0.08886457911946556,0.06725319154743788,0.2601678061420733,0.8721802234649658,100.69379968245825,3.3564599894152747
6540,19,7.836268907167841e-05,0.5086266721671945,0.25060489773750305,0.025258630514144897,0.20781654119491577,0.2271847128868103,0.05172284319996834,0.0,0.5830998321374258,16.763179222742718,0.7314642841617266,0.09961708635091782,0.1199072018604387,0.0739543475027114,0.2845212657808919,0.8744299411773682,100.99467064142227,3.3664890213807426
6560,19,7.823071513919182e-05,0.5032955485665855,0.3066672086715698,0.026397785171866417,0.2537202835083008,0.2434839904308319,0.04229780659079552,0.0,0.5179039239883423,17.06631565093994,0.733216350277265,0.08228462096303701,0.10111023028465835,0.0642920565349579,0.2440387696789747,0.8702411651611328,101.2960477789243,3.3765349259641435
6580,19,7.809845330037896e-05,0.5083805543738605,0.2947835922241211,0.031986504793167114,0.2846935987472534,0.28480976819992065,0.05359013006091118,0.0,0.5694643507401148,17.02929385503133,0.7595649510622025,0.1174240338362076,0.11058668368919329,0.0807642241177911,0.3191836527972059,0.8828256130218506,101.59787451823553,3.3865958172745176
6600,19,7.796590492841111e-05,0.5075753068826675,0.3291265666484833,0.027124755084514618,0.33666718006134033,0.2864833176136017,0.09404104202985764,0.0,0.5507283819218477,16.34166081746419,0.7070466130971909,0.0830431038683111,0.10724758356809616,0.05521302307765423,0.20164500804491003,0.8743352890014648,101.9005762775739,3.3966858759191303
6620,19,7.78330713994343e-05,0.4998994578936861,0.3472048044204712,0.03503041714429855,0.3226953148841858,0.30116400122642517,0.04120538383722305,0.0,0.5660253819078207,16.083345413208008,0.6766415983438492,0.07784909759224816,0.10973960415206173,0.05508184006951276,0.20162755484918968,0.8721320629119873,102.20743489662806,3.406914496554269
6640,19,7.769995409255518e-05,0.49721129818042986,0.33295419812202454,0.0409855879843235,0.3051310181617737,0.36173325777053833,0.04622221365571022,0.0,0.5246564584473768,16.963163057963055,0.7358100786805153,0.08356265825304118,0.10243106108497489,0.06848363463888579,0.2541097641964866,0.8733792304992676,102.50928527911505,3.4169761759705013
6660,19,7.756655438982663e-05,0.49545122388117485,0.25618836283683777,0.024087339639663696,0.24470525979995728,0.23248980939388275,0.049174897372722626,0.0,0.5265801629672447,16.87044103940328,0.7265985235571861,0.08437347056513483,0.1038725750351494,0.06582366761854659,0.2433515134696129,0.869952917098999,102.81156413157781,3.42705213771926
6680,20,7.743287367623345e-05,0.496875397752177,0.2859562039375305,0.022243624553084373,0.22800171375274658,0.26278501749038696,0.06641371548175812,0.0,0.5855186606446902,16.919936895370483,0.7448475857575735,0.10657275256446817,0.11854935555972836,0.08377936869080506,0.3257601182637948,0.8756334781646729,103.11781651178995,3.4372605503929985
6700,20,7.72989133396779e-05,0.5039729763641195,0.21418747305870056,0.027497082948684692,0.24813473224639893,0.2446906864643097,0.03521069139242172,0.0,0.5339787118136883,16.80451011657715,0.7236351917187372,0.08605851639400829,0.10795788500796664,0.05864647522949698,0.2222186149500141,0.8759181499481201,103.421347117424,3.447378237247467
6720,20,7.71646747709654e-05,0.510281584527627,0.3400065302848816,0.03157132491469383,0.23210787773132324,0.2541056275367737,0.0410785935819149,0.0,0.48035790274540585,16.778608798980713,0.7237828349073728,0.0769110531969504,0.08608470535413786,0.05761360968674787,0.2304803588512269,0.8766424655914307,103.73335125048955,3.4577783750163182
6740,20,7.703015936379003e-05,0.5070649025187893,0.31047919392585754,0.03056749701499939,0.2773197293281555,0.28643617033958435,0.02302534691989422,0.0,0.5816608909517527,16.145781596501667,0.703315389653047,0.09300260914658959,0.11870554699139162,0.052866648370664654,0.19281735055317933,0.8728036880493164,104.03590902487437,3.467863634162479
6760,20,7.689536851472002e-05,0.5103354570209283,0.3235756456851959,0.028107158839702606,0.2592916488647461,0.24010691046714783,0.02861602231860161,0.0,0.59239988339444,16.032100439071655,0.6975094303488731,0.08737657930363309,0.12143935076892376,0.05236694005692367,0.19262396519215227,0.8745806217193604,104.33784169753393,3.477928056584464
6780,20,7.676030362318333e-05,0.508893005587925,0.24716894328594208,0.019283123314380646,0.17958921194076538,0.17582564055919647,0.03231705352663994,0.0,0.5691475253552198,16.931448141733807,0.7443531652291616,0.10464774800295179,0.11280219282277605,0.07635873638355406,0.30670865933114494,0.8753187656402588,104.64077493747075,3.488025831249025
6800,20,7.662496609145314e-05,0.5050681663457157,0.3026294410228729,0.025294950231909752,0.26645368337631226,0.23715488612651825,0.026266446337103844,0.0,0.5638246138890585,16.52904399236043,0.7213992749651273,0.08583216089755297,0.11190758933397857,0.06585747615661769,0.23774509954223919,0.8766372203826904,104.94266228278478,3.4980887427594927
6820,20,7.648935732463314e-05,0.4988927876334483,0.36110448837280273,0.034844446927309036,0.27610331773757935,0.24814891815185547,0.06865517795085907,0.0,0.5702314799030622,16.847849051157635,0.7492041140794754,0.10753123174336823,0.11520313590087673,0.08080500627164094,0.3042513905992647,0.878119707107544,105.25150543053945,3.508383514351315
6840,20,7.635347873064312e-05,0.4875840370440361,0.39421117305755615,0.033307965844869614,0.2204713225364685,0.19261066615581512,0.038461245596408844,0.0,0.4876533094793558,17.457363446553547,0.7623241593440374,0.07854237492111596,0.08955171280963854,0.07030019606992771,0.27001211731906305,0.8809881210327148,105.55494695901871,3.5184982319672904
6860,20,7.621733172020422e-05,0.4994127736349054,0.34291717410087585,0.03277437016367912,0.22011715173721313,0.2542368471622467,0.02186468057334423,0.0,0.5636195459713539,16.176708062489826,0.67743698010842,0.07688266673887317,0.11244847845624793,0.03710642341651361,0.13128587312530726,0.8823151588439941,105.86078277826309,3.5286927592754362
6880,20,7.608091770682442e-05,0.5051884062422441,0.326269268989563,0.028201717883348465,0.27183616161346436,0.24581263959407806,0.030873816460371017,0.0,0.4877410276482503,17.01180664698283,0.73306571940581,0.07179981673305685,0.09371441247111018,0.046906431859414704,0.19177035920173777,0.8687422275543213,106.16373495260875,3.538791165086958
6900,21,7.594423810678367e-05,0.504543208675821,0.2735653817653656,0.022894106805324554,0.26896530389785767,0.26167014241218567,0.04074016958475113,0.0,0.5032338071614504,15.804564396540323,0.6889493490258852,0.06842588980428198,0.0938479673456062,0.03967929552229841,0.1621128513916946,0.8729038238525391,106.48046593666076,3.549348864555359
6920,21,7.580729433911936e-05,0.5168786735525069,0.3569081723690033,0.025820773094892502,0.19615942239761353,0.2317037582397461,0.0675412192940712,0.0,0.4930534952630599,16.183785518010456,0.6984115516146024,0.06929098408330571,0.08762917413630268,0.03416941195345399,0.142757187592162,0.8805475234985352,106.79038377602895,3.559679459200965
6940,21,7.567008782561156e-05,0.5136070546134649,0.3494109809398651,0.03562774881720543,0.2902168035507202,0.30327755212783813,0.028435107320547104,0.0,0.44877078632513684,16.78118101755778,0.7333923876285553,0.059757930734618145,0.079921203750101,0.05069174748959168,0.19903269480511715,0.8742833137512207,107.09390965302785,3.5697969884342617
6960,21,7.553261999076815e-05,0.5228691088047461,0.39297306537628174,0.03630118444561958,0.2186981439590454,0.24383705854415894,0.031302791088819504,0.0,0.5486622142295042,15.881393512090048,0.6612504944205284,0.0763073731213808,0.10365484383973209,0.04043632807423075,0.149334241011688,0.8714728355407715,107.40029206673304,3.580009735557768
6980,21,7.539489226181016e-05,0.5133551188996831,0.29689186811447144,0.027516961097717285,0.2413509488105774,0.22674992680549622,0.05756452679634094,0.0,0.576284920796752,16.03443702061971,0.6956796745459238,0.07823804554275492,0.13006794368001548,0.047897336961548055,0.18607007094529268,0.8743422031402588,107.70279082457225,3.5900930274857417
7000,21,7.525690606865687e-05,0.5128214874379168,0.2869189381599426,0.03814385086297989,0.3735485076904297,0.3581651449203491,0.02874395065009594,0.0,0.5404539052397013,16.19114351272583,0.7008407190442085,0.07946511019359935,0.10645908168093725,0.04053446500223468,0.15215843975205312,0.8755772113800049,108.0053796450297,3.60017932150099
7020,21,7.511866284391102e-05,0.5194986742361869,0.28399428725242615,0.0207119919359684,0.173597514629364,0.17781051993370056,0.055293671786785126,0.0,0.6253959822158018,15.98235821723938,0.7129926234483719,0.10548916001888839,0.13950459422035652,0.059516174606063614,0.22893775165456728,0.8765578269958496,108.31431902647019,3.6104773008823394
7040,21,7.498016402284385e-05,0.517135876579221,0.25773754715919495,0.026567738503217697,0.3097118139266968,0.27090543508529663,0.030638858675956726,0.0,0.6773735843598843,15.230199257532755,0.6574032257000605,0.1048181111162359,0.14773897318677467,0.04811656468717212,0.16819645643276585,0.8823440074920654,108.61825919946035,3.6206086399820117
7060,21,7.484141104338033e-05,0.5131308152211499,0.31375303864479065,0.03151976317167282,0.2969624996185303,0.30028200149536133,0.0480356328189373,0.0,0.5543924712886413,16.531112829844158,0.7083700100580851,0.08859604042531415,0.10776450451124799,0.052362111063716424,0.19479476591037714,0.8801929950714111,108.9221515417099,3.630738384723663
7080,21,7.470240534608411e-05,0.5118937388940368,0.2698005139827728,0.03006581962108612,0.23210424184799194,0.23378871381282806,0.046116236597299576,0.0,0.6936745047569275,15.38474448521932,0.6995366116364797,0.11598735726015134,0.15009119734168053,0.06429116006967722,0.23692779616778187,0.8726279735565186,109.22499467929204,3.6408331559764013
7100,22,7.456314837414263e-05,0.5210457106449848,0.3768077492713928,0.028429418802261353,0.29368793964385986,0.23585252463817596,0.08530014753341675,0.0,0.5405098795890808,16.490718921025593,0.7081190496683121,0.09304225313561884,0.10265639441257174,0.051601612601767884,0.186258857392452,0.8730287551879883,109.53029472827912,3.6510098242759703
7120,22,7.44236415733521e-05,0.5227693932606278,0.3620152175426483,0.027030374854803085,0.19982236623764038,0.21364295482635498,0.05419297143816948,0.0,0.5800665648033222,15.977583328882853,0.6710164273778597,0.08661412515423515,0.11249979162080721,0.03900283669504874,0.1414515338170035,0.8706009387969971,109.83713420232137,3.6612378067440456
7140,22,7.42838863921025e-05,0.5078307003830929,0.2612561583518982,0.02650577388703823,0.2503126263618469,0.26771435141563416,0.046308066695928574,0.0,0.5020709379265705,17.240861654281616,0.758626734217008,0.08431345512243835,0.09643785401501438,0.07006070444318042,0.2792401190593161,0.8779110908508301,110.13856875101725,3.6712856250339083
7160,22,7.414388428136264e-05,0.5050909905452353,0.3643263280391693,0.02811865322291851,0.21441757678985596,0.21358856558799744,0.04404809698462486,0.0,0.5685488991439342,16.543656667073567,0.7296449939409891,0.08990633843297308,0.11813571473414247,0.06210907379367696,0.23638633828192146,0.8746836185455322,110.44255156914393,3.681418385638131
7180,22,7.400363669466488e-05,0.4958615761844388,0.25120165944099426,0.025508981198072433,0.2872627377510071,0.266217440366745,0.060486119240522385,0.0,0.5117633771151304,17.00130049387614,0.7475380748510361,0.08220478320832957,0.09908707067370415,0.062372819371045225,0.24219075713401914,0.8795950412750244,110.74835929870605,3.6916119766235354
7200,22,7.386314508809023e-05,0.5192487257846155,0.2853863835334778,0.02148834988474846,0.24619698524475098,0.23296062648296356,0.0963890329003334,0.0,0.5358689526716868,16.615822712580364,0.7045954614877701,0.081026793372902,0.10472606173293157,0.05151472095266482,0.1944660025540295,0.8735625743865967,111.05187915166219,3.7017293050554065
7220,22,7.372241092025316e-05,0.5141558201798057,0.3011644184589386,0.03208029270172119,0.2659355401992798,0.26589128375053406,0.04006702080368996,0.0,0.6301730759441853,16.349634408950806,0.7334428280591965,0.13140855221585793,0.1327443759549748,0.0750814490853703,0.28741863156160846,0.8719158172607422,111.35865400234859,3.711955133411619
7240,22,7.358143565228648e-05,0.5226142182181994,0.28161510825157166,0.026721756905317307,0.2601514458656311,0.28393837809562683,0.025487620383501053,0.0,0.6846738010644913,15.922186454137167,0.7403449813524882,0.14480262181975626,0.1520782316272909,0.08508338246081787,0.3348875294799324,0.8699750900268555,111.65944859186808,3.721981619728936
7260,22,7.344022074782611e-05,0.510191343353403,0.27046647667884827,0.03007417917251587,0.2574894428253174,0.2594841718673706,0.027561884373426437,0.0,0.5676970177640518,16.571302731831867,0.7147037064035734,0.08715457850220529,0.11336632978848436,0.060622472651051466,0.2185443148575194,0.8757636547088623,111.96176794767379,3.7320589315891266
7280,22,7.329876767299595e-05,0.5148122049711494,0.18747015297412872,0.022213688120245934,0.23505955934524536,0.23340412974357605,0.08106180280447006,0.0,0.5284123296538988,16.79487673441569,0.7302329863111178,0.07320044930516319,0.1051544447175481,0.0611220622879707,0.2258788339888931,0.8776283264160156,112.26357471545538,3.742119157181846
7300,22,7.315707789639267e-05,0.5114659015666618,0.28848156332969666,0.035472482442855835,0.22086775302886963,0.22791366279125214,0.03738521412014961,0.0,0.47916977666318417,16.47735579808553,0.7452437505126,0.06507844376293095,0.09003742784261703,0.06068445606400597,0.22817539067314516,0.8735232353210449,112.56555135250092,3.752185045083364
7320,23,7.301515288907039e-05,0.4969989592133486,0.3122950494289398,0.024134641513228416,0.28224289417266846,0.2282545268535614,0.03947386518120766,0.0,0.6157796246310075,16.1786687374115,0.6994339724381765,0.09653771368109366,0.1339892546900294,0.05903321070656437,0.215639502586803,0.8779335021972656,112.87888264656067,3.762629421552022
7340,23,7.287299412452545e-05,0.49388389088907536,0.3996914029121399,0.037661924958229065,0.27825218439102173,0.2955300509929657,0.05642080307006836,0.0,0.5195514559745789,16.546955823898315,0.7296979054808617,0.09663505268029192,0.09425356408411806,0.06537283732640473,0.24994099825959315,0.8755114078521729,113.18079051574071,3.772693017191357
7360,23,7.273060307868111e-05,0.4846070118228822,0.4211880564689636,0.048602886497974396,0.29163360595703125,0.34171104431152344,0.0448613204061985,0.0,0.5012139615913233,17.712948481241863,0.779977927605311,0.10526623636145484,0.08194184709678996,0.09688975662522187,0.39893572199666366,0.8839540481567383,113.4832780679067,3.7827759355968897
7380,23,7.258798122987226e-05,0.4858204842290298,0.4331507682800293,0.061109092086553574,0.3772347569465637,0.3766687512397766,0.06382831186056137,0.0,0.4920427482575178,15.930717627207438,0.6900433748960495,0.06980898129669103,0.08292967605997216,0.04558986777357694,0.1678489693361123,0.8777377605438232,113.7894631266594,3.79298210422198
7400,23,7.244513005882997e-05,0.500761862195045,0.323988676071167,0.02639162167906761,0.2632288932800293,0.24790796637535095,0.035918354988098145,0.0,0.5123871217171351,16.735689481099445,0.7331525683403015,0.07275775972415101,0.09662179716608742,0.0552445792439316,0.20706256276042206,0.8781847953796387,114.0925792892774,3.8030859763092466
7420,23,7.230205104866626e-05,0.5059681272119742,0.2728624641895294,0.02050372026860714,0.20896947383880615,0.18609599769115448,0.04345906898379326,0.0,0.5402861268570026,15.864737033843994,0.6623401890198389,0.07743019005283713,0.09187597476623276,0.038534086784982886,0.14354310684244742,0.8815371990203857,114.40594549179077,3.813531516393026
7440,23,7.215874568485854e-05,0.4917683340415266,0.18781156837940216,0.02373604103922844,0.1934228539466858,0.21770307421684265,0.03720034286379814,0.0,0.5082172856976589,17.15340503056844,0.7492031008005142,0.07859876904297959,0.09548516554588621,0.058765367674905894,0.23388535403434865,0.8781373500823975,114.70962488651276,3.8236541628837584
7460,23,7.201521545523435e-05,0.49968831384817736,0.3194548487663269,0.030624136328697205,0.20816946029663086,0.17942814528942108,0.04808397963643074,0.0,0.4829057653745015,17.009700616200764,0.75971187154452,0.06809004904194312,0.0904805895618417,0.05738529322959287,0.22071346938107375,0.8812408447265625,115.01292941570281,3.8337643138567605
7480,23,7.18714618499558e-05,0.49719429717266544,0.3701203167438507,0.030461780726909637,0.24025070667266846,0.2448820173740387,0.04774985462427139,0.0,0.5651500076055527,16.710144996643066,0.7169778123497963,0.08603664496066896,0.11073588325896046,0.05551351870698537,0.20719721010391368,0.9039297103881836,115.32444020112355,3.8441480067041187
7500,23,7.172748636150413e-05,0.5010129733371338,0.40372607111930847,0.04368655011057854,0.3218470811843872,0.3397197723388672,0.022235196083784103,0.0,0.5956902168691158,16.034456809361775,0.6901633515954018,0.07922951369123026,0.1268443399193612,0.05188331594267352,0.18820382614450698,0.8937199115753174,115.63869780302048,3.8546232601006825
7520,23,7.158329048466425e-05,0.4915808236227025,0.36664682626724243,0.029457688331604004,0.22108453512191772,0.22009986639022827,0.09903612732887268,0.0,0.5201809542874495,16.93001103401184,0.7331442857782046,0.0800281969237734,0.10268812728199092,0.05805004772552862,0.21816284530433966,0.8773024082183838,115.95068409045537,3.865022803015179
7540,24,7.143887571650914e-05,0.5013429409350415,0.21208353340625763,0.024598954245448112,0.2261788249015808,0.24138665199279785,0.015192271210253239,0.0,0.5760074686259031,16.650115966796875,0.7045123552282652,0.09717605931853707,0.11503476962785829,0.05081651984735138,0.1858667500041933,0.876244306564331,116.25952709913254,3.8753175699710845
7560,24,7.129424355638442e-05,0.5088565645936068,0.3148667812347412,0.025764629244804382,0.22141408920288086,0.20896637439727783,0.11824031919240952,0.0,0.5430732735743126,16.999693075815838,0.7449150035778681,0.08082645217126067,0.10778778063302691,0.0673031605547294,0.2605184344931992,0.8792002201080322,116.56213134129843,3.8854043780432805
7580,24,7.114939550589266e-05,0.4996428560529313,0.4753681421279907,0.0451604425907135,0.316079318523407,0.25102585554122925,0.03515569120645523,0.0,0.6539648485680422,15.602339347203573,0.67872587343057,0.09275127794932235,0.1415342686867172,0.0522851889889518,0.18936162763698536,0.8759481906890869,116.86543347438176,3.895514449146059
7600,24,7.100433306887788e-05,0.4925853404006392,0.39683854579925537,0.03037203662097454,0.24069470167160034,0.2322205752134323,0.06324177235364914,0.0,0.5943743325769901,16.61061954498291,0.7236518412828445,0.10440494086254727,0.12208198654380711,0.0561351883969275,0.20601882175172,0.8717961311340332,117.16812968651453,3.9056043228838178
7620,24,7.085905775140992e-05,0.4863790667698942,0.2628079354763031,0.028547462075948715,0.2438260316848755,0.25100862979888916,0.046758756041526794,0.0,0.6224730759859085,16.357730627059937,0.72877769668897,0.11311491240154613,0.13536061024801296,0.06683696110253963,0.2594798949721735,0.8791677951812744,117.47730556726455,3.9159101855754854
7640,24,7.071357106176877e-05,0.50698032263643,0.29117435216903687,0.03152366727590561,0.28616058826446533,0.29492539167404175,0.07955754548311234,0.0,0.5954402051866055,15.684142589569092,0.6695273096362749,0.07889080174605954,0.1208607242865996,0.04253678113243289,0.15341244671832432,0.8730607032775879,117.77920119365056,3.9259733731216855
7660,24,7.056787451042893e-05,0.5087210928513096,0.2593185305595398,0.0213199220597744,0.19809037446975708,0.23065054416656494,0.05095743015408516,0.0,0.5484740311900774,17.087911049524944,0.7588498890399933,0.09533219564367425,0.11280088634653525,0.07544509258745662,0.29525734940332105,0.8736085891723633,118.08147582610448,3.9360491942034828
7680,24,7.042196961004377e-05,0.5085173301803139,0.30172598361968994,0.037859268486499786,0.3577883839607239,0.3818727731704712,0.04896851256489754,0.0,0.5155884170283874,17.175905068715412,0.7586009502410889,0.08065629250962626,0.10084325473078272,0.07440975222297394,0.2910204718831334,0.8729801177978516,118.38315676848093,3.9461052256160314
7700,24,7.027585787542971e-05,0.504891340043932,0.3615925908088684,0.026127105578780174,0.26785463094711304,0.2442573606967926,0.08860183507204056,0.0,0.5980735719203949,16.475555578867596,0.7325863540172577,0.09497612054375085,0.12990485538135876,0.07290617772907187,0.28339882737385447,0.8724472522735596,118.68454151550928,3.9561513838503095
7720,24,7.012954082355065e-05,0.5002785801206389,0.3666286766529083,0.027965035289525986,0.24805235862731934,0.242233008146286,0.04455108195543289,0.0,0.43417623080313206,16.911933104197185,0.7481202806035677,0.06012088771570812,0.07451455312019045,0.057845296131827956,0.22098961303179915,0.8704483509063721,118.99131739536921,3.966377246512307
7740,25,6.998301997350207e-05,0.49834892887834265,0.3826279640197754,0.03574730455875397,0.27541571855545044,0.2809321880340576,0.02998482808470726,0.0,0.5355099060883125,16.88905922571818,0.7393665984272957,0.07158769662915306,0.1120317837392742,0.061467116296460685,0.23094657927074216,0.8728349208831787,119.2968739469846,3.976562464899487
7760,25,6.983629684649538e-05,0.49520492357850077,0.3363437354564667,0.02844121679663658,0.3396100401878357,0.3167927861213684,0.07298918068408966,0.0,0.6124549495677153,16.220778783162434,0.7166999876499176,0.10397422618486664,0.13210545547983862,0.0647377315405968,0.2421146452702074,0.8714203834533691,119.59818059206009,3.986606019735336
7780,25,6.968937296584204e-05,0.5041422840265848,0.23103666305541992,0.022016359493136406,0.2143206000328064,0.2457563579082489,0.0336521714925766,0.0,0.5540261964003245,17.43741710980733,0.7609293932716051,0.1027546301484108,0.10360900465060364,0.0852414217872799,0.3377313057849692,0.8698418140411377,119.89814541339874,3.9966048471132916
7800,25,6.95422498569378e-05,0.5030458481872724,0.34268519282341003,0.025227999314665794,0.21304768323898315,0.21706822514533997,0.023014750331640244,0.0,0.5282326700786749,16.79951850573222,0.7446839312712351,0.07253037367693403,0.10597200319170952,0.06567973122582771,0.25338046143720433,0.8759500980377197,120.19893298943838,4.0066310996479455
7820,25,6.939492904724681e-05,0.5046561698183928,0.27152419090270996,0.03680294007062912,0.29498201608657837,0.3238106369972229,0.024046367034316063,0.0,0.5119237639009953,17.171242316563923,0.7453953524430593,0.07087381628595969,0.09969102608209307,0.06314007551174489,0.24029174901873127,0.8661675453186035,120.50599294106165,4.0168664313687215
7840,25,6.924741206628585e-05,0.5027182110377882,0.24226410686969757,0.015315452590584755,0.2729349136352539,0.2372158020734787,0.0697227492928505,0.0,0.5093229990452528,16.964987357457478,0.7406856392820677,0.07228608725761826,0.09807257015596736,0.057489789258149605,0.2160433374341334,0.8692233562469482,120.80625629027685,4.026875209675895
7860,25,6.90997004456083e-05,0.4941842855695011,0.4820530414581299,0.060267698019742966,0.3001101016998291,0.2643910348415375,0.020215332508087158,0.0,0.7000694088637829,15.283968130747477,0.7251534213622411,0.13448362323370847,0.16193594885143367,0.07121550434699615,0.26794198545262177,0.8733012676239014,121.10825960238775,4.036941986746259
7880,25,6.895179571878845e-05,0.5083833660499013,0.34212732315063477,0.030754845589399338,0.2117869257926941,0.2445593774318695,0.05963779613375664,0.0,0.6160331765810648,16.64525095621745,0.7465200871229172,0.11937922882762822,0.1326681383970109,0.07556698799321153,0.29693279379650694,0.8697018623352051,121.41028487284979,4.047009495761659
7900,25,6.880369942140534e-05,0.5210348568167761,0.3081474304199219,0.02065354213118553,0.20255231857299805,0.18712739646434784,0.01901550404727459,0.0,0.5784213642279307,16.54981271425883,0.7343845764795939,0.09771239588206465,0.12156480432234028,0.06639208358220375,0.26196043751075526,0.8721568584442139,121.7123040676117,4.057076802253723
7920,25,6.865541309102704e-05,0.5127736903070357,0.3284689486026764,0.03105209581553936,0.23306667804718018,0.23512032628059387,0.041976287961006165,0.0,0.5154804748793443,16.78030562400818,0.713096926609675,0.07630098094655709,0.0965788841924884,0.05895091506549348,0.22841345889239825,0.8777587413787842,122.0201764623324,4.067339215411081
7940,25,6.85069382671945e-05,0.4994372521334683,0.3710263967514038,0.03461229428648949,0.26804089546203613,0.2265515774488449,0.03903981298208237,0.0,0.46407498729725677,17.36660925547282,0.7552821636199951,0.07223696354776621,0.08155361444435337,0.06383894964925606,0.2591844500486993,0.8750402927398682,122.32214051882426,4.0774046839608085
7960,26,6.835827649140572e-05,0.49006030621586427,0.30911773443222046,0.033486977219581604,0.298809289932251,0.29413747787475586,0.023181892931461334,0.0,0.5091939568519592,17.156735340754192,0.7382572293281555,0.07434582921930334,0.09630655920640989,0.060125140435543886,0.23065987263478085,0.8723185062408447,122.62920407454173,4.087640135818058
7980,26,6.820942930709965e-05,0.4776312348085008,0.28489676117897034,0.03033052198588848,0.2706446647644043,0.29480576515197754,0.008678674697875977,0.0,0.528528805822134,17.382341782251995,0.7616384029388428,0.08857529644261707,0.10575979033654387,0.0761645599400667,0.2913932956395332,0.8649325370788574,122.92924915154775,4.097641638384925
8000,26,6.806039825964015e-05,0.47767334740650935,0.24755173921585083,0.031217074021697044,0.2322034239768982,0.2169194221496582,0.03874417394399643,0.0,0.5527667924761772,17.14038395881653,0.7639742344617844,0.0931704377924854,0.11302699419585141,0.07707781494669193,0.29375762719957327,0.8721232414245605,123.22862415711084,4.107620805237028
8020,26,6.791118489630006e-05,0.4728578805392342,0.3008074462413788,0.02111879736185074,0.18077659606933594,0.197763130068779,0.06977631151676178,0.0,0.6074556310971578,16.345356067021687,0.7427676369746526,0.10291018370877612,0.1285923890430819,0.07068762994921682,0.2650564068780196,0.8663368225097656,123.53462342818578,4.117820780939526
8040,26,6.7761790766245e-05,0.4743510882836589,0.23812457919120789,0.020468614995479584,0.180803120136261,0.18061117827892303,0.0242803655564785,0.0,0.6418059182663759,15.87158981959025,0.7297589952747027,0.1047146272930232,0.14746317436749284,0.06377456673573595,0.2364489587846699,0.8716845512390137,123.83483450015386,4.127827816671795
8060,26,6.761221742051741e-05,0.49141802167132087,0.2764700651168823,0.030249278992414474,0.32237470149993896,0.3046213388442993,0.024504991248250008,0.0,0.5056417075296243,17.38622760772705,0.7501175204912821,0.07705137696625157,0.09901852092959663,0.06848314851231407,0.259208694005131,0.871436595916748,124.13411045074463,4.137803681691488
8080,26,6.746246641202032e-05,0.49297727301921235,0.2755657136440277,0.041342929005622864,0.2735822796821594,0.26808053255081177,0.03977728262543678,0.0,0.5256096975257,16.815638383229572,0.7524141122897466,0.08287563691423698,0.10879429599100893,0.06963010297410867,0.26726463716477156,0.8665769100189209,124.43368151585261,4.147789383861753
8100,26,6.731253929550133e-05,0.49801151013588035,0.22864729166030884,0.019126027822494507,0.24218511581420898,0.2275530993938446,0.03507952019572258,0.0,0.5049071529259285,16.53416379292806,0.7216850916544596,0.0674120680513707,0.09865432588214224,0.05421733801168474,0.198416032695439,0.8721683025360107,124.73321796258291,4.157773932086097
8120,26,6.716243762753644e-05,0.49641228803928855,0.23292399942874908,0.016291683539748192,0.18121051788330078,0.23421692848205566,0.03984573855996132,0.0,0.5081962645053864,17.214701652526855,0.7497179806232452,0.07696017673747106,0.0987345925108953,0.06797446200454776,0.2596549219028516,0.8740124702453613,125.0444257458051,4.16814752486017
8140,26,6.701216296651389e-05,0.5065530177553969,0.30600839853286743,0.03651876375079155,0.29250943660736084,0.26591062545776367,0.06849996000528336,0.0,0.6178003338476022,15.712728261947632,0.6804814984401067,0.08735405615615574,0.13256333548236976,0.050842972534817156,0.17392780561997576,0.8708961009979248,125.34480618238449,4.178160206079483
8160,26,6.686171687261792e-05,0.5045021233235941,0.2500269412994385,0.02394254505634308,0.24461758136749268,0.23333404958248138,0.030468963086605072,0.0,0.6267227331797282,16.435704390207928,0.7434988717238108,0.11916426213627512,0.13800864378837022,0.07348856380254305,0.2745104765424251,0.8716487884521484,125.64538612763087,4.188179537587696
8180,27,6.671110090781264e-05,0.4969512883614961,0.3064255118370056,0.026120593771338463,0.26760977506637573,0.2654484212398529,0.03466584533452988,0.0,0.5501314525802931,16.749268372853596,0.7353809128204981,0.08835413213819265,0.1136963057585738,0.0616157444733703,0.22632356618255886,0.8720643520355225,125.96213623682658,4.198737874560886
8200,27,6.656031663582583e-05,0.4976189830592609,0.26941266655921936,0.028551852330565453,0.2840844392776489,0.2698686718940735,0.039929576218128204,0.0,0.5853878905375799,16.412747144699097,0.7142077262202898,0.08156205070289699,0.12277355570007455,0.057796765097670934,0.2119434377686544,0.871039628982544,126.26459052960078,4.208819684320026
8220,27,6.640936562213269e-05,0.5078858942041595,0.3299197852611542,0.020930102095007896,0.2179429531097412,0.25797924399375916,0.05695298686623573,0.0,0.5436602458357811,16.677335341771443,0.7423868204156557,0.0992053331468593,0.10824642482806336,0.06855165319707753,0.26566226460801606,0.8886361122131348,126.57530705928802,4.219176901976268
8240,27,6.625824943393947e-05,0.5009574978539264,0.35323312878608704,0.029626106843352318,0.24326670169830322,0.23176144063472748,0.07679333537817001,0.0,0.44938621794184047,18.05336840947469,0.7877205262581507,0.07439888802103022,0.07789089471440423,0.07855743175131961,0.30629858189141407,0.8793332576751709,126.88044668038687,4.229348222679562
8260,27,6.61069696401674e-05,0.5024374520198955,0.35590800642967224,0.024331828579306602,0.20460665225982666,0.2148718535900116,0.022768452763557434,0.0,0.5908392189691464,16.217706123987835,0.724640354514122,0.09984113944863732,0.1273372218182141,0.06380462892345597,0.24143618118250743,0.8758082389831543,127.18665495316188,4.239555165105396
8280,27,6.595552781143626e-05,0.48365746409442173,0.30664902925491333,0.017766250297427177,0.17771387100219727,0.16010108590126038,0.033673014491796494,0.0,0.6190054062753916,15.861782789230347,0.6904415239890417,0.0977609742602164,0.13266776375133882,0.056769103018516696,0.21456795643263665,0.878338098526001,127.48964285055796,4.249654761685266
8300,27,6.580392552004806e-05,0.4883961045365047,0.3246542811393738,0.0406692810356617,0.38796669244766235,0.3774053752422333,0.08320846408605576,0.0,0.662985272705555,15.57444977760315,0.6983166585365931,0.11301955309781161,0.14688490297306667,0.05669451399411297,0.20458697898853148,0.8794770240783691,127.7931566119194,4.25977188706398
8320,27,6.565216433997087e-05,0.4848076314925755,0.23580993711948395,0.027197763323783875,0.2813405990600586,0.25166434049606323,0.040406953543424606,0.0,0.5469438266009092,16.784162441889446,0.7393455604712168,0.08942167689515786,0.11446909572590482,0.06419891001463508,0.24246129687790843,0.8766767978668213,128.10253506501516,4.270084502167172
8340,27,6.550024584682232e-05,0.48467839384286704,0.32200711965560913,0.034512680023908615,0.32594728469848633,0.3437986373901367,0.037891510874032974,0.0,0.4884951766580343,16.7970286210378,0.738379217684269,0.07099098445508968,0.09045930511572144,0.04923255182753068,0.17496156410429234,0.8719701766967773,128.40477209488552,4.280159069829517
8360,27,6.534817161785327e-05,0.48249517001351144,0.35948461294174194,0.03223729878664017,0.30524617433547974,0.2962273359298706,0.04526001587510109,0.0,0.47985801473259926,17.595740000406902,0.7780843923489252,0.08077941775660623,0.09245247681709853,0.07213100347540934,0.282311310346069,0.8717198371887207,128.70637373129526,4.290212457709842
8380,28,6.519594323193155e-05,0.4768473248768174,0.21376271545886993,0.02564726397395134,0.27811330556869507,0.2680668532848358,0.03516162559390068,0.0,0.5647192994753519,16.402534405390423,0.6925638541579247,0.0793859614059329,0.11032691310075196,0.04584214835381317,0.17137995420018176,0.8720972537994385,129.01335164705912,4.300445054901971
8400,28,6.50435622695254e-05,0.48264063187884043,0.23438259959220886,0.0210585817694664,0.223690927028656,0.26077502965927124,0.13008339703083038,0.0,0.5146235593905052,17.19542892773946,0.7542334496974945,0.08608671404759992,0.09994521212171424,0.06441837858503939,0.2568075157998299,0.8732428550720215,129.31488154331842,4.310496051443947
8420,28,6.489103031268716e-05,0.47758378679626523,0.3032037317752838,0.03175678849220276,0.2838352918624878,0.3338209092617035,0.10082628577947617,0.0,0.5641152852525314,16.33232506116231,0.7094930782914162,0.08194780210033059,0.11537733911113306,0.048074032785900105,0.16830232489684765,0.8718454837799072,129.62393470207851,4.320797823402617
8440,28,6.473834894503684e-05,0.47615405807861627,0.3007352352142334,0.043426863849163055,0.23573821783065796,0.2058113068342209,0.012876301072537899,0.0,0.514753669500351,17.197967052459717,0.7435173690319061,0.0788704738528891,0.09998517466539686,0.06499510338422128,0.25211028645174915,0.8768830299377441,129.92613976796468,4.330871325598823
8460,28,6.458551975174568e-05,0.48464096938419643,0.3384063243865967,0.028395026922225952,0.23336416482925415,0.21460941433906555,0.05743228644132614,0.0,0.5990094151347876,16.018048604329426,0.671490212281545,0.08412855279377916,0.12139032577926462,0.04129365290575813,0.14580506259186554,0.8798255920410156,130.22877835830053,4.3409592786100175
8480,28,6.443254431951966e-05,0.4865407868196247,0.40210190415382385,0.03851655125617981,0.24638915061950684,0.2522231936454773,0.0645362138748169,0.0,0.47511867992579937,16.924214204152424,0.7374302844206492,0.06929653709415685,0.0832746173678474,0.05066877782387151,0.18430478537497533,0.8776729106903076,130.53194744586943,4.351064914862315
8500,28,6.427942423658302e-05,0.48677187156387525,0.31399327516555786,0.03124331496655941,0.23480713367462158,0.24480748176574707,0.01686801016330719,0.0,0.4357140325009823,17.33487645785014,0.7776496758063635,0.05281850238415328,0.08407226154072718,0.06184861277903441,0.24036365731841547,0.8760464191436768,130.83408366441728,4.361136122147243
8520,28,6.412616109266188e-05,0.4860809222414021,0.2998124063014984,0.02132495306432247,0.24376940727233887,0.23037907481193542,0.04602160304784775,0.0,0.5616528503596783,16.256666898727417,0.7113582020004591,0.0760763158005747,0.11434178392995488,0.04757995008044831,0.1674678087309241,0.8900351524353027,131.15100233952205,4.371700077984068
8540,28,6.397275647896754e-05,0.49873877050350557,0.25154441595077515,0.013407777063548565,0.13261282444000244,0.18304595351219177,0.018907461315393448,0.0,0.5505142460266749,16.555659929911297,0.7394109567006429,0.08568256111307578,0.10353018106384711,0.05995416746009141,0.22905485530976544,0.875896692276001,131.45373057921728,4.381791019307243
8560,28,6.381921198818012e-05,0.4972873415235702,0.3366517424583435,0.03435580059885979,0.32541918754577637,0.341307133436203,0.037915877997875214,0.0,0.4796836245805025,17.04171808560689,0.7612907588481903,0.0632640217346224,0.09024502861906182,0.06097677897460843,0.24027670905607837,0.8721840381622314,131.7565987110138,4.39188662370046
8580,28,6.366552921443198e-05,0.4856367157955818,0.3327769935131073,0.03425488620996475,0.2879596948623657,0.26923584938049316,0.036568302661180496,0.0,0.5840271897614002,15.825253963470459,0.6737936660647392,0.07485678127374161,0.11761035939509218,0.04096257458102379,0.1497551974827564,0.8796398639678955,132.05856140057247,4.401952046685748
8600,29,6.351170975329121e-05,0.4872717987141039,0.415127158164978,0.03510970622301102,0.2752189636230469,0.26300597190856934,0.06032063812017441,0.0,0.459925868238012,17.28313438097636,0.7639553745587667,0.07118727931414139,0.0832929846576669,0.056557486627504906,0.2169476878109642,0.8774769306182861,132.36633683443068,4.412211227814357
8620,29,6.33577552017449e-05,0.49108929782199584,0.27008292078971863,0.027958746999502182,0.2692943215370178,0.2661817669868469,0.015220259316265583,0.0,0.5015389230102301,17.115362485249836,0.7507986227671305,0.0751173246905885,0.09692953984168443,0.05573770747965186,0.20104636789024385,0.8670930862426758,132.67358620166777,4.422452873388926
8640,29,6.320366715818278e-05,0.48810221211367577,0.3696638345718384,0.02569560706615448,0.24295729398727417,0.2704690396785736,0.027146119624376297,0.0,0.47314911397794884,16.416474103927612,0.7247331316272417,0.06215247287499634,0.08422929421067238,0.04894848734263426,0.18378581057053947,0.8820044994354248,132.9759893933932,4.432532979779773
8660,29,6.304944722238048e-05,0.4841963005909628,0.3465854823589325,0.02572895586490631,0.23871064186096191,0.2006874531507492,0.039439793676137924,0.0,0.45674720716973144,17.617541313171387,0.7678140103816986,0.07104727651246569,0.08249568261883476,0.06729596997187896,0.26021718665618787,0.8721022605895996,133.27772086064022,4.442590695354673
8680,29,6.289509699548299e-05,0.48607929402918754,0.2574361264705658,0.031981468200683594,0.33596038818359375,0.34178298711776733,0.020630449056625366,0.0,0.46201346317927044,17.16007701555888,0.7616850982109705,0.06642049432478168,0.08503085290166465,0.05820946372378702,0.22552158541723408,0.8752090930938721,133.57880691687265,4.452626897229089
8700,29,6.274061807998797e-05,0.49102740906513603,0.30194246768951416,0.038552187383174896,0.3542882800102234,0.3001769185066223,0.05430404096841812,0.0,0.5198195595294237,17.08959436416626,0.7482694735129675,0.08332454011013563,0.10578620958734643,0.063448059183429,0.24218488232740623,0.8662209510803223,133.8791647473971,4.4626388249132365
8720,29,6.258601207972918e-05,0.4788095993564519,0.3063094913959503,0.02866261452436447,0.3104437589645386,0.2699640989303589,0.04255101457238197,0.0,0.6507436409592628,15.574878295262655,0.7063472718000412,0.11495062641122124,0.14723341505635867,0.05627183092556978,0.20237806406062606,0.8921895027160645,134.18835097153982,4.4729450323846605
8740,29,6.243128059985983e-05,0.4815774246353499,0.491842120885849,0.03632789105176926,0.2124871015548706,0.20038318634033203,0.03988554701209068,0.0,0.4991363336642583,16.867862542470295,0.731160340209802,0.07593413742936471,0.0941034635020928,0.04875081704680766,0.17686082028508696,0.8686633110046387,134.48924400806428,4.482974800268809
8760,29,6.227642524683582e-05,0.4604941684217415,0.21279986202716827,0.028297265991568565,0.2687733769416809,0.23740339279174805,0.014398574829101562,0.0,0.5680065639317036,16.50682719548543,0.7294029941161474,0.09038461008193818,0.11918125276199797,0.05292733530090614,0.19324651546776295,0.8662810325622559,134.7891324957212,4.492971083190706
8780,29,6.212144762839917e-05,0.4602625361015754,0.2955632507801056,0.021186932921409607,0.24218285083770752,0.21310493350028992,0.04203125834465027,0.0,0.5651714714864889,16.55869237581889,0.7256238435705503,0.09784993347288533,0.11518113052641804,0.05107187206819865,0.1880987777694827,0.8673195838928223,135.08924944798153,4.502974981599384
8800,29,6.19663493535613e-05,0.4595869674832573,0.31177884340286255,0.02928539738059044,0.2388296127319336,0.2429271936416626,0.04887158051133156,0.0,0.4388956241309643,17.74033848444621,0.7842706590890884,0.07253895280882716,0.07887037894265218,0.06762720734795122,0.2646706569820791,0.8652482032775879,135.3891293724378,4.51297097908126
8820,30,6.181113203258625e-05,0.47784080689098324,0.30429041385650635,0.03562180697917938,0.2650681734085083,0.3039034307003021,0.058712542057037354,0.0,0.5186149484167496,17.10084342956543,0.7626667569080988,0.08017097379673611,0.10601954466917297,0.06508669472871341,0.248675075725094,0.8698387145996094,135.69783888657886,4.523261296219296
8840,30,6.165579727697411e-05,0.48358022931523,0.340116947889328,0.04236315190792084,0.25577980279922485,0.2603902816772461,0.01991754211485386,0.0,0.609542473529776,16.092305024464924,0.7292305876811346,0.10361376421695406,0.13022088936784051,0.05895049159301958,0.20930838176917116,0.8659546375274658,135.99686676661173,4.533228892220391
8860,30,6.150034669944413e-05,0.4751246898144534,0.3171994686126709,0.02550104260444641,0.19434428215026855,0.19006335735321045,0.036308545619249344,0.0,0.5629361433287462,15.7022492090861,0.6883714472254118,0.08021306898444891,0.11164813827384602,0.0405811459212683,0.14011310930502738,0.8647947311401367,136.2957794467608,4.543192648225361
8880,30,6.134478191391808e-05,0.47776374567743746,0.3618529438972473,0.027803480625152588,0.272075891494751,0.24971717596054077,0.062463920563459396,0.0,0.5503681444873413,16.463546991348267,0.7097887918353081,0.07488915722139856,0.10914668982679193,0.04703133805146949,0.1725012513554909,0.8668079376220703,136.59486094315847,4.553162031438616
8900,30,6.118910453550345e-05,0.4898492947413104,0.35740840435028076,0.02853258326649666,0.24451220035552979,0.2513585686683655,0.0601617693901062,0.0,0.5530595487604538,16.71461534500122,0.7447572102149328,0.09016876142810691,0.11764571121470495,0.060511961391140096,0.2228883832788349,0.8723418712615967,136.89440743923188,4.563146914641062
8920,30,6.10333161804767e-05,0.4855792187547058,0.26054757833480835,0.025901973247528076,0.2743874788284302,0.257563054561615,0.060899313539266586,0.0,0.5075329629083475,16.72650186220805,0.7226012945175171,0.06698158180171793,0.09840958413075317,0.05023103267064306,0.17872640522149263,0.8715510368347168,137.20082513491312,4.573360837830437
8940,30,6.087741846626647e-05,0.4845591165755275,0.18711569905281067,0.02961849793791771,0.21706509590148926,0.20769166946411133,0.012285868637263775,0.0,0.47529300550619763,17.299902598063152,0.7420980781316757,0.0677672284655273,0.08999538709494201,0.05705975588352885,0.21741309750359505,0.8731744289398193,137.50118685563405,4.583372895187802
8960,30,6.0721413011436815e-05,0.48893609142190064,0.33085620403289795,0.032690420746803284,0.2558330297470093,0.2707816958427429,0.07012970000505447,0.0,0.5622237691034874,16.662125825881958,0.7267896831035614,0.08135227486491203,0.12252129605886611,0.05901567535990828,0.22780095109059897,0.8701188564300537,137.80145653883616,4.593381884627872
8980,30,6.056530143567035e-05,0.47863460640941435,0.2843899130821228,0.027304720133543015,0.20141178369522095,0.23974987864494324,0.03727827966213226,0.0,0.5473299895723661,17.07578945159912,0.7462161928415298,0.10225645681335167,0.11077559426088225,0.0632367339302701,0.24321828780441798,0.8721442222595215,138.1023889183998,4.603412963946661
9000,30,6.040908535975144e-05,0.4819589345108422,0.3325585722923279,0.02576846443116665,0.305331289768219,0.2442774474620819,0.045154597610235214,0.0,0.561826953664422,16.00400455792745,0.6796716302633286,0.08082786172797735,0.10968668386340141,0.03903495600256561,0.13746912277896295,0.8682394027709961,138.4025932232539,4.613419774108463
9020,30,6.0252766405549455e-05,0.48516096468082065,0.2394632250070572,0.02363901399075985,0.2649226188659668,0.26830360293388367,0.02376415580511093,0.0,0.5567569409807523,16.91703263918559,0.7521931827068329,0.08598395407369192,0.12164922956038605,0.06516267045137945,0.2503181899433416,0.8723204135894775,138.70897113482158,4.623632371160719
9040,31,6.0096346196001806e-05,0.5009329756213812,0.27369412779808044,0.017488963901996613,0.22306466102600098,0.20285949110984802,0.038985028862953186,0.0,0.6246219873428345,16.201727867126465,0.7353962063789368,0.10723910836333578,0.14337243952534415,0.06359454707919875,0.23985515867719764,0.8752562999725342,139.01290057500202,4.633763352500067
9060,31,5.9939826355097214e-05,0.49228626857383256,0.22049292922019958,0.01856251060962677,0.2146022915840149,0.20084482431411743,0.05549134686589241,0.0,0.579012718051672,16.269212007522583,0.712248166402181,0.08797626878896897,0.12428058793937619,0.05987714151797263,0.22208389180791113,0.86629319190979,139.3135837038358,4.643786123461194
9080,31,5.978320850785875e-05,0.49080532333776183,0.23917056620121002,0.02089395746588707,0.20009291172027588,0.2141108512878418,0.018451320007443428,0.0,0.45632101595401764,18.01271891593933,0.7828762978315353,0.06959221486679533,0.0832254636863416,0.07502754317184471,0.289270231244948,0.8714239597320557,139.61417853037517,4.653805951012505
9100,31,5.962649428032703e-05,0.4990538787528793,0.2981870770454407,0.03267189487814903,0.21264111995697021,0.19990579783916473,0.026588447391986847,0.0,0.5350858606398106,16.681214570999146,0.7245561704039574,0.07960776523263617,0.10121408714489503,0.04955755440856923,0.17376037424599583,0.8669276237487793,139.9146147886912,4.663820492956374
9120,31,5.94696852995433e-05,0.49890007200785,0.265370637178421,0.021651972085237503,0.17984741926193237,0.2227398157119751,0.07191848009824753,0.0,0.48753661041458446,17.20752962430318,0.7446512877941132,0.07251065033911304,0.08966505832292816,0.05418293313811195,0.2013535221657631,0.8805618286132812,140.22162940104803,4.674054313368267
9140,31,5.9312783193532574e-05,0.4994508419199723,0.3391212821006775,0.025868317112326622,0.20004534721374512,0.18281087279319763,0.04807201027870178,0.0,0.4559809962908427,17.52495503425598,0.7502751102050146,0.06254206153310159,0.08628526287661357,0.05575859968270048,0.21282317702372727,0.8714170455932617,140.52453111012775,4.684151037004259
9160,31,5.9155789591286714e-05,0.49229169546818635,0.25906410813331604,0.03026559203863144,0.2996951937675476,0.27303701639175415,0.0864802673459053,0.0,0.4294656819353501,17.362026532491047,0.7588675866524378,0.05598329422487454,0.07837728918953375,0.05628595264153608,0.21247220612448556,0.8725345134735107,140.82552907466888,4.694184302488963
9180,31,5.899870612274746e-05,0.48379035739123755,0.2980552315711975,0.03115721046924591,0.30295974016189575,0.30733007192611694,0.013107061386108398,0.0,0.5347034987062216,17.330740610758465,0.7784931560357412,0.09587380340830846,0.1144145071845163,0.072492401401343,0.28234961470165715,0.8719315528869629,141.1266328016917,4.704221093389723
9200,31,5.884153441878965e-05,0.47434041329043725,0.37740710377693176,0.055843379348516464,0.3361015319824219,0.33823442459106445,0.06092039868235588,0.0,0.585516482591629,16.60723106066386,0.734681136906147,0.08770636105063287,0.1242806234142997,0.05976855458886183,0.2212948336441927,0.8661682605743408,141.42691437800724,4.7142304792669085
9220,31,5.8684276111204134e-05,0.48461018704058606,0.3679790496826172,0.03723471611738205,0.2545665502548218,0.2503252625465393,0.07166367769241333,0.0,0.5746045795579752,17.02121623357137,0.7802169521649679,0.11125544763424179,0.11903478518467057,0.07935216931086457,0.31448875701012596,0.8669412136077881,141.7334872841835,4.72444957613945
9240,32,5.852693283268093e-05,0.4796840481687866,0.26893675327301025,0.028327208012342453,0.21259427070617676,0.24477265775203705,0.03573423624038696,0.0,0.495421323304375,16.643187443415325,0.7129821876684824,0.06853739747946913,0.09201258166947147,0.05541585111398655,0.20485078380730473,0.872999906539917,142.03843947649003,4.734614649216334
9260,32,5.836950621679223e-05,0.4728088015879404,0.197238489985466,0.018480291590094566,0.19063401222229004,0.1890021562576294,0.04019569233059883,0.0,0.5526930640141169,16.856744289398193,0.758748879035314,0.09248526343567805,0.12072357162833214,0.06655963023447177,0.24757534638047218,0.8724074363708496,142.33879709243774,4.744626569747925
9280,32,5.8211997897975456e-05,0.4851475126020682,0.3717617988586426,0.0370127335190773,0.32198238372802734,0.3076682984828949,0.05586514249444008,0.0,0.4486252026011546,17.492713292439777,0.7780774831771851,0.0706648466346616,0.08573995835401794,0.06617599655874074,0.24800183611329307,0.8724589347839355,142.63905919392903,4.754635306464301
9300,32,5.805440951151633e-05,0.47855031209033255,0.35924163460731506,0.032590217888355255,0.2984907031059265,0.294611394405365,0.025004301220178604,0.0,0.5306971613317728,16.91152222951253,0.753803496559461,0.0842803838154809,0.1123374660753391,0.06813762823175167,0.24953152639054885,0.8722422122955322,142.93896335363388,4.764632111787796
9320,32,5.789674269353174e-05,0.4791981090542799,0.3266925811767578,0.02336243912577629,0.2005378007888794,0.20732033252716064,0.014606456272304058,0.0,0.5903700546671947,16.608351469039917,0.7616917838652929,0.11267164628952742,0.13153401059521871,0.0711039143464983,0.2660507471829822,0.8729617595672607,143.24556900660198,4.774852300220066
9340,32,5.773899908095301e-05,0.475826800756765,0.32656174898147583,0.048646390438079834,0.31936681270599365,0.31372663378715515,0.004594546742737293,0.0,0.5163893649975458,16.468445698420208,0.7118426089485487,0.07622084258632227,0.10082297958433628,0.055533710603909145,0.2015874718225942,0.8692302703857422,143.54583974679312,4.784861324893104
9360,32,5.7581180311508654e-05,0.4740637623048719,0.32686012983322144,0.05809628218412399,0.24834740161895752,0.27006250619888306,0.016001317650079727,0.0,0.4961015085379283,16.83620246251424,0.7418173352877299,0.07540963966907425,0.09847896309061484,0.0651829048835101,0.24299739678496157,0.8733325004577637,143.84714993635814,4.7949049978786045
9380,32,5.742328802370754e-05,0.4743550984139306,0.3151055574417114,0.025354433804750443,0.275535523891449,0.256157249212265,0.02936982922255993,0.0,0.5148180058846871,17.09525267283122,0.7526335641741753,0.07795766529373148,0.10208934333852747,0.06581915794462971,0.24710295794581974,0.8756747245788574,144.14839864571888,4.804946621523963
9400,32,5.726532385682178e-05,0.474916121896103,0.25457262992858887,0.020461473613977432,0.21704590320587158,0.23720717430114746,0.04355178773403168,0.0,0.4465594043334325,17.915393273035686,0.7859490116437277,0.06787422273985365,0.08357581665570085,0.06802369818284536,0.26151123229117895,0.8734176158905029,144.44955562353135,4.814985187451045
9420,32,5.7107289450869794e-05,0.47534141010033,0.24092113971710205,0.02703706920146942,0.25558120012283325,0.2385123074054718,0.06723403930664062,0.0,0.4971393247445424,16.670769611994427,0.717863122622172,0.07432337367737835,0.09029110554944385,0.04252109815423533,0.15628771061115418,0.8710298538208008,144.76173162460327,4.825391054153442
9440,32,5.694918644659919e-05,0.4802297867657291,0.350333034992218,0.022419944405555725,0.2065780758857727,0.2062402218580246,0.02560802549123764,0.0,0.5676812479893366,16.407280524571735,0.7054101551572481,0.0799674696543,0.12012668047100306,0.052058076275443455,0.20098522171528285,0.8813443183898926,145.06227283875148,4.835409094625049
9460,33,5.679101648546983e-05,0.48488752973418453,0.2897770404815674,0.02113233134150505,0.1674877405166626,0.20930814743041992,0.03686361387372017,0.0,0.5738663331915935,17.002727667490642,0.7687768364946047,0.12173196199265393,0.1202445582232692,0.07851085049862211,0.3078633766960014,0.880657434463501,145.3663794795672,4.84554598265224
9480,33,5.663278120963669e-05,0.49014778317339397,0.37468600273132324,0.028000472113490105,0.186872661113739,0.1771833598613739,0.023237453773617744,0.0,0.4645206816494465,16.750863154729206,0.7288051545619965,0.06977834798056971,0.08382213572886857,0.042505071906754725,0.16638791184810875,0.8737497329711914,145.66806011199952,4.855602003733317
9500,33,5.6474482261932884e-05,0.4771933869959299,0.255606472492218,0.02960115484893322,0.2671257257461548,0.2885757386684418,0.05760517343878746,0.0,0.4890518616884947,17.10117181142171,0.7472899084289869,0.07481625502590429,0.09159403785385868,0.05880466606950821,0.22330692529927051,0.8761119842529297,145.96958855787912,4.865652951929304
9520,33,5.631612128585259e-05,0.47905773970635934,0.29457923769950867,0.03251626715064049,0.2877030372619629,0.277010977268219,0.007012916263192892,0.0,0.5254657504459223,16.51506980260213,0.7190651347239813,0.07814202444966543,0.10178830652413043,0.04799900798763123,0.17586727014052236,0.8716669082641602,146.2772455215454,4.8759081840515135
9540,33,5.615769992553393e-05,0.47793269239963476,0.29267653822898865,0.030712712556123734,0.28749513626098633,0.3024251461029053,0.035341762006282806,0.0,0.4784673849741618,17.475759824117024,0.7634439319372177,0.0799100494689562,0.092564407736063,0.06791516061639413,0.25842030061705207,0.8748207092285156,146.5788943330447,4.885963144434823
9560,33,5.599921982574203e-05,0.4671444968082169,0.3003411293029785,0.02466881275177002,0.21682274341583252,0.22233276069164276,0.029877623543143272,0.0,0.4883821979165077,17.773161331812542,0.7729076966643333,0.09540035829625347,0.08555936618623408,0.08624373712518718,0.34210556877819315,0.8708534240722656,146.8807903766632,4.896026345888774
9580,33,5.584068263185177e-05,0.4766032301539697,0.33460733294487,0.046260397881269455,0.35157567262649536,0.2823566794395447,0.038244523108005524,0.0,0.4536014509697755,17.639342784881592,0.7727220257123312,0.07135940199209885,0.07986171628263863,0.06913381042382256,0.2616276858818971,0.8737752437591553,147.18274411360423,4.906091470453474
9600,33,5.568208998983086e-05,0.4787432985317149,0.3876723051071167,0.03128373622894287,0.2519600987434387,0.29287970066070557,0.04556532949209213,0.0,0.5087267694373926,17.18192410469055,0.7607663671175638,0.09244123897091909,0.10297384375536983,0.07006705982547085,0.26423100200058386,0.8750371932983398,147.4843052506447,4.916143508354823
9620,33,5.5523443546222656e-05,0.4735438696004456,0.23153501749038696,0.03779244422912598,0.28199636936187744,0.2934191823005676,0.017718631774187088,0.0,0.514190706734856,17.623754739761353,0.7751856446266174,0.09158382403918287,0.10260908068581061,0.07468830020264829,0.286643513494875,0.8760776519775391,147.79191994667053,4.926397331555685
9640,33,5.5364744948129103e-05,0.4564724127643631,0.21304412186145782,0.030574431642889977,0.23063945770263672,0.22127823531627655,0.0039256056770682335,0.0,0.5711004510521889,17.14829198519389,0.7714081952969233,0.1138192896138538,0.12058306722478433,0.07738959574097945,0.29699876229907124,0.8759958744049072,148.0933507124583,4.93644502374861
9660,33,5.5205995843193624e-05,0.4569548150943388,0.23234425485134125,0.01816512644290924,0.15594851970672607,0.13279709219932556,0.015630315989255905,0.0,0.4579461986819903,17.841101328531902,0.7784019584457079,0.07412268619307062,0.08393185340206731,0.0735810645174669,0.283127317922084,0.8740828037261963,148.39465891917547,4.946488630639182
9680,34,5.5047197879584006e-05,0.4627622182166419,0.25418326258659363,0.026810135692358017,0.29524797201156616,0.31504911184310913,0.04688497260212898,0.0,0.5871397616962591,16.31730055809021,0.7196542297800382,0.09717094182798808,0.12371049279516394,0.055131738093512635,0.19480347188461813,0.8752250671386719,148.70123573939006,4.956707857979668
9700,34,5.48883527059753e-05,0.47383686778700357,0.26454925537109375,0.01903865672647953,0.14015889167785645,0.14138200879096985,0.04053912311792374,0.0,0.5463191655774912,17.177882194519043,0.7683307180802027,0.10383109240369363,0.11260379876264116,0.0737864055078138,0.2824996158226647,0.875713586807251,149.00218121608097,4.966739373869366
9720,34,5.4729461971532715e-05,0.46579814091673666,0.3656434416770935,0.029327308759093285,0.2328472137451172,0.27138862013816833,0.06657319515943527,0.0,0.511312672868371,16.93504047393799,0.7394022097190222,0.0849607766775245,0.10015178014608947,0.06013523264978589,0.22379000989762557,0.8731555938720703,149.3097221493721,4.976990738312403
9740,34,5.4570527325894486e-05,0.47759794974453595,0.325724720954895,0.03156664967536926,0.2423495054244995,0.23199746012687683,0.026321839541196823,0.0,0.4950953107327223,17.70528809229533,0.7641901796062788,0.08272921785034916,0.09504949690943415,0.06682566053958991,0.250719127329913,0.8747563362121582,149.6105085293452,4.987016950978173
9760,34,5.44115504191547e-05,0.4768320130571547,0.39839446544647217,0.04490356892347336,0.27454257011413574,0.3306504189968109,0.05053574964404106,0.0,0.4711187966167927,17.37005631128947,0.7547194783886274,0.07752746246247129,0.08029964363033121,0.057495573895390735,0.2112810286396945,0.8733458518981934,149.91170005400974,4.997056668466992
9780,34,5.425253290184626e-05,0.47791017279150927,0.23613740503787994,0.031229592859745026,0.28795838356018066,0.27113866806030273,0.024614490568637848,0.0,0.4944004037727912,17.09658082326253,0.7397702087958654,0.07677964857694777,0.09078513289039786,0.05252668423021201,0.1905667603132315,0.868215799331665,150.21266078948975,5.007088692982991
9800,34,5.409347642492367e-05,0.478957357287512,0.3161526024341583,0.029588278383016586,0.27265089750289917,0.2653513550758362,0.030302543193101883,0.0,0.4916489397486051,17.417984167734783,0.7582931543389956,0.08605137628249147,0.08940957435830073,0.05991510356861082,0.2180814630859955,0.8698148727416992,150.51366842190424,5.017122280730142
9820,34,5.393438263974593e-05,0.4833216363552595,0.39228010177612305,0.03484773263335228,0.2939349412918091,0.18538662791252136,0.0186114851385355,0.0,0.48998846548298997,17.824774583180744,0.7758013159036636,0.08921215564689854,0.0888413560830734,0.06660686168238912,0.24331339789899753,0.8745768070220947,150.8217112938563,5.027390376461876
9840,34,5.377525319805938e-05,0.48291826745383987,0.32476723194122314,0.027267729863524437,0.2447078824043274,0.28245025873184204,0.028855372220277786,0.0,0.5463615413755178,17.203384002049763,0.780732532342275,0.10039823011241177,0.11416835989803076,0.07221986533311958,0.2778139387850057,0.8749182224273682,151.12252952257793,5.037417650752597
9860,34,5.3616089751980536e-05,0.48361339611355736,0.36150896549224854,0.048971738666296005,0.24451714754104614,0.24699833989143372,0.04965982958674431,0.0,0.4284668453037739,17.33362038930257,0.7773788819710413,0.06182333115826954,0.07489455118775368,0.061499228767140514,0.22785125274888493,0.8712224960327148,151.42365237077078,5.047455079025692
9880,35,5.345689395397901e-05,0.47769609367564153,0.2939269244670868,0.020658215507864952,0.24972891807556152,0.22971533238887787,0.026308774948120117,0.0,0.533612954740723,17.123295466105144,0.74626824259758,0.08881686086004431,0.10327307422730056,0.060823637862499294,0.22918277031699705,0.8736715316772461,151.72771197954813,5.057590399318271
9900,35,5.329766745686022e-05,0.4853473901575038,0.27385184168815613,0.025880612432956696,0.2587352991104126,0.2598118782043457,0.051235541701316833,0.0,0.4672522998104493,17.47351574897766,0.7591254313786825,0.06514132636683909,0.09084804186766798,0.05849384431150446,0.2229266738259784,0.8664963245391846,152.0291749159495,5.067639163864984
9920,35,5.313841191374837e-05,0.48245171960776645,0.34930506348609924,0.02649076282978058,0.20364177227020264,0.22958704829216003,0.039486195892095566,0.0,0.5585603192448616,16.282440900802612,0.7149553646643957,0.07996129185299981,0.11622140285643665,0.054516393877499715,0.20133300218069713,0.8730812072753906,152.33633755445481,5.077877918481827
9940,35,5.29791289780692e-05,0.47977408693863444,0.3427716791629791,0.0341249480843544,0.2562192678451538,0.2767751216888428,0.045689649879932404,0.0,0.5533477986852328,17.125714619954426,0.7574335311849912,0.09566407616842877,0.114075787788765,0.07107801723759621,0.2722227527463639,0.8720934391021729,152.63735788265865,5.087911929421955
9960,35,5.281982030353286e-05,0.4800802892237052,0.28134676814079285,0.02926279604434967,0.3587363362312317,0.341250479221344,0.07994602620601654,0.0,0.5109757197399935,17.19464087486267,0.7465727850794792,0.06938912219960582,0.10369612869213927,0.060785565355961975,0.23362939288596285,0.874481201171875,152.93824532429377,5.097941510809792
9980,35,5.266048754411671e-05,0.47200599106226626,0.2544043958187103,0.0237603597342968,0.2634957432746887,0.22659781575202942,0.024353528395295143,0.0,0.5109338474770387,17.187663157780964,0.7467598095536232,0.07777623222632842,0.10069726034998894,0.06359535393891168,0.24837873350373807,0.8750565052032471,153.23973379532495,5.107991126510832
10000,35,5.250113235404816e-05,0.47762687372330986,0.20597589015960693,0.018762890249490738,0.2083180546760559,0.20106160640716553,0.01756826974451542,0.0,0.4247412948558728,17.644690195719402,0.7801269888877869,0.06264086956666275,0.07271627946333452,0.06717110403538258,0.26067510405978694,0.8724918365478516,153.5408195654551,5.118027318848504
10020,35,5.2341756387787554e-05,0.4795760311732421,0.2803928852081299,0.029096055775880814,0.24464762210845947,0.24929487705230713,0.018150757998228073,0.0,0.5804999340325594,16.282707452774048,0.7212931786974272,0.08325143996626139,0.12236061116511171,0.05975117514820092,0.2246876422114755,0.8773934841156006,153.84844770828883,5.128281590276294
10040,35,5.218236130001085e-05,0.47592850462942743,0.29755160212516785,0.019880859181284904,0.1598578691482544,0.19452618062496185,0.025929661467671394,0.0,0.5328191680212816,17.23588029543559,0.7491014848152796,0.08845229302956299,0.10737042789432136,0.0635227341468139,0.24052631193031135,0.8837277889251709,154.15227448542913,5.138409149514304
10060,35,5.202294874559259e-05,0.48550081144338286,0.248395636677742,0.02081376314163208,0.1786578893661499,0.21116672456264496,0.08458789438009262,0.0,0.4929641919831435,17.28896204630534,0.7622885157664617,0.0819759304550561,0.0941244304518808,0.06704419413951902,0.25393504594368016,0.8745443820953369,154.4530124425888,5.148433748086293
10080,35,5.1863520379588644e-05,0.4814185466820242,0.2627348005771637,0.014613013714551926,0.12518584728240967,0.13678638637065887,0.07692931592464447,0.0,0.4684608442087968,17.744845231374104,0.7825223828355471,0.07839121271602133,0.08936185457489708,0.0741011148149317,0.2825623554262248,0.8713066577911377,154.7534361044566,5.158447870148553
10100,36,5.170407785721906e-05,0.47432393206215834,0.2859288156032562,0.021996527910232544,0.2027469277381897,0.2235436886548996,0.05019481107592583,0.0,0.4926732120414575,17.639444669087727,0.7690939878424009,0.07826521840285171,0.0976550422439521,0.07175719952845777,0.2713281530040232,0.8692982196807861,155.0681198477745,5.16893732825915
10120,36,5.154462283385084e-05,0.47503440131190616,0.35074949264526367,0.02987636625766754,0.25139033794403076,0.2625204026699066,0.06583761423826218,0.0,0.5170449477930864,17.310959498087566,0.7616292387247086,0.0853902634063905,0.10960902282121507,0.06649697285187854,0.25208739771253685,0.8712937831878662,155.37706042130787,5.179235347376929
10140,36,5.138515696498075e-05,0.4726824115148368,0.2801803946495056,0.02507591061294079,0.22366416454315186,0.2072979211807251,0.022186752408742905,0.0,0.5255853521327177,17.029564380645752,0.7495148231585821,0.09045976950702342,0.1104258034716953,0.06114270188845694,0.23349467317827724,0.8704826831817627,155.6774365901947,5.189247886339824
10160,36,5.122568190621821e-05,0.46725063332840233,0.3362698256969452,0.04187541455030441,0.312797486782074,0.3268568515777588,0.03847736865282059,0.0,0.5054833168784777,17.098763704299927,0.7445699175198873,0.07568508445877921,0.10504303212192925,0.05842867006537166,0.22961978978392752,0.8743553161621094,155.97785402933758,5.199261800977919
10180,36,5.1066199313268007e-05,0.4675795414713245,0.40265771746635437,0.02862871252000332,0.19661331176757812,0.22112584114074707,0.10278907418251038,0.0,0.5512819432963928,16.6581772963206,0.737666351099809,0.0866623440418731,0.11755589488893747,0.05683447601503841,0.2222466079639906,0.8757815361022949,156.27773303985595,5.209257767995198
10200,36,5.090671084191319e-05,0.4852789559582138,0.3982941806316376,0.023816194385290146,0.16196942329406738,0.1776200234889984,0.037670910358428955,0.0,0.4408207144588232,17.48414444923401,0.7737432320912679,0.05868054985661398,0.08518595214594495,0.05993437045782974,0.23773115428841926,0.873016357421875,156.57818190654118,5.21927273021804
10220,36,5.074721814799778e-05,0.47503942387167275,0.32199007272720337,0.03213455528020859,0.2566492557525635,0.2592627704143524,0.01934770680963993,0.0,0.5676004358877739,16.385103464126587,0.7110978414614996,0.08593652973120863,0.11913461720740254,0.049210804322187454,0.1890879709323847,0.8723170757293701,156.88468767801922,5.229489589267307
10240,36,5.0587722887409724e-05,0.4878095628580077,0.3372500240802765,0.037452634423971176,0.24589067697525024,0.2592250108718872,0.11552239954471588,0.0,0.5576797121514877,16.730600595474243,0.7523781508207321,0.09110900776630099,0.12265629008073699,0.05698112666108169,0.22273598984942178,0.8731489181518555,157.18443853060404,5.239481284353468
10260,36,5.042822671606351e-05,0.47729462205255846,0.4011363089084625,0.042965494096279144,0.28248870372772217,0.2982082962989807,0.06392870098352432,0.0,0.4879459446916978,17.231855392456055,0.7510877400636673,0.07347157504409552,0.09751427977938544,0.05576001969695261,0.2234269422478974,0.8732156753540039,157.4847910483678,5.249493034945594
10280,36,5.0268731289883196e-05,0.48527305252427655,0.36898401379585266,0.028483744710683823,0.2120456099510193,0.2181350439786911,0.02463420107960701,0.0,0.5095265880227089,17.36177333196004,0.7763123015562693,0.08224633971059864,0.10730295179581101,0.0651497415965423,0.2557037597183477,0.8711967468261719,157.78538132508595,5.259512710836199
10300,36,5.0109238264785e-05,0.47125725424739684,0.14832250773906708,0.01645202562212944,0.21907085180282593,0.19984650611877441,0.007469062227755785,0.0,0.5473986137658358,16.518819729487102,0.7396204074223837,0.09552953705530275,0.11105245521122759,0.04989803560205142,0.17976108125664972,0.8690495491027832,158.08594836393993,5.269531612131331
10320,37,4.994974929666029e-05,0.47174331213193854,0.3268069624900818,0.03006831184029579,0.3012508153915405,0.2852311134338379,0.04507845267653465,0.0,0.5608317131797472,16.799562692642212,0.7560854305823644,0.09077161118726838,0.11993802423504266,0.06448656450633776,0.24157815136376568,0.8737998008728027,158.4078220764796,5.280260735882653
10340,37,4.9790266041358244e-05,0.4682726205512537,0.2560424208641052,0.024485161527991295,0.2910492420196533,0.25464802980422974,0.02460646443068981,0.0,0.5401049051433802,16.945996046066284,0.7464043200016022,0.09084187287159941,0.10965557938272302,0.05313326127626086,0.18998870414427735,0.8711810111999512,158.70801827907562,5.290267275969187
10360,37,4.963079015466878e-05,0.47031896522301386,0.36509087681770325,0.042382605373859406,0.3228193521499634,0.28493720293045044,0.04171448573470116,0.0,0.5151348418245713,17.263393719991047,0.7698935767014822,0.08463561517948454,0.10591493174433708,0.06676331801678646,0.25468857637183234,0.8707385063171387,159.00809413989384,5.300269804663128
10380,37,4.9471323292305335e-05,0.4796992325879829,0.366291344165802,0.04651482030749321,0.35298407077789307,0.38458070158958435,0.038301192224025726,0.0,0.5825396043558916,16.843194405237835,0.7666675051053365,0.11509923929009926,0.12058827424929901,0.07142709632369754,0.27634827445515175,0.8740811347961426,159.30842932462693,5.310280977487564
10400,37,4.9311867109887564e-05,0.4900469440741645,0.29940512776374817,0.021992197260260582,0.18205589056015015,0.2622290551662445,0.03348253667354584,0.0,0.5054594166576862,17.533788919448853,0.7662279556194941,0.0841516546312381,0.09999211979183284,0.06534479948459193,0.24508638174103742,0.8683717250823975,159.6090715090434,5.320302383634779
10420,37,4.9152423262924316e-05,0.4847716184961838,0.28381627798080444,0.028124099597334862,0.24532854557037354,0.27666547894477844,0.060786616057157516,0.0,0.4841496969262759,17.571357091267902,0.7564211959640185,0.07447944649241188,0.09304820085791024,0.057203635728497335,0.20750809069762577,0.8666326999664307,159.91590719223024,5.330530239741008
10440,37,4.899299340679636e-05,0.47417352325891315,0.23854519426822662,0.01729040965437889,0.23186123371124268,0.20157870650291443,0.04216873273253441,0.0,0.5485161573936542,16.565306266148884,0.7111760179201762,0.07681137983771888,0.10743089325048706,0.047174010034888685,0.16481926445505285,0.8710920810699463,160.21651048660277,5.340550349553426
10460,37,4.883357919673918e-05,0.4650828239213586,0.26891040802001953,0.03454652428627014,0.29088956117630005,0.2614298164844513,0.012491676956415176,0.0,0.4733343130598466,17.901048342386883,0.7785856823126475,0.07179998403245752,0.0907050170512362,0.06869471790692346,0.26006161349571566,0.8712239265441895,160.51673545042675,5.350557848347558
10480,37,4.867418228782585e-05,0.4721471060003491,0.2302311211824417,0.0200057290494442,0.19928401708602905,0.19540193676948547,0.019011300057172775,0.0,0.5293146520853043,17.53871464729309,0.789911945660909,0.09543823611668566,0.1103807453235442,0.07749198904970069,0.30247652189890767,0.8708243370056152,160.81673191785814,5.3605577305952705
10500,37,4.8514804334949776e-05,0.47680599066887414,0.3483828902244568,0.02951054833829403,0.20235973596572876,0.2196548879146576,0.016755111515522003,0.0,0.6030236848940452,16.669885396957397,0.7420798937479655,0.09967417286878283,0.13178552890365774,0.059401234309048465,0.21227098126242214,0.86802077293396,161.11690233151117,5.370563411050373
10520,38,4.835544699280762e-05,0.46987000473478363,0.2732849419116974,0.01853451132774353,0.21694624423980713,0.18316245079040527,0.017891952767968178,0.0,0.5277951993048191,17.66366179784139,0.7815957963466644,0.09568502753973007,0.10764266364276409,0.0772925209728948,0.29801882232475857,0.8716623783111572,161.42751938899357,5.380917312966453
10540,38,4.819611191588202e-05,0.4650951844130779,0.30376604199409485,0.03730016201734543,0.2809240221977234,0.2924732565879822,0.039127591997385025,0.0,0.4682503255705039,17.60891358057658,0.7595617771148682,0.06856200733984058,0.08750994368032976,0.0578554147134789,0.20879206391559404,0.8718857765197754,161.72747685511908,5.390915895170636
10560,38,4.803680075842446e-05,0.4732677802113975,0.3547321557998657,0.03317072615027428,0.2282368540763855,0.2130908966064453,0.03016785904765129,0.0,0.499236927057306,17.886451800664265,0.7718131691217422,0.0842210790142417,0.09690029910680922,0.07182980283158197,0.2731131245170466,0.875899076461792,162.0285130898158,5.400950436327193
10580,38,4.787751517443806e-05,0.4638820731218262,0.333585262298584,0.02748810313642025,0.1956719160079956,0.2197353094816208,0.025130465626716614,0.0,0.5250703518589338,17.372968435287476,0.7560995643337568,0.08238496241921728,0.10688635698434981,0.06880990318313707,0.2597895224303515,0.8788089752197266,162.33012803792954,5.411004267930984
10600,38,4.771825681766051e-05,0.4529371858956781,0.27549901604652405,0.02632199227809906,0.2392163872718811,0.21381521224975586,0.014228729531168938,0.0,0.5492818920562664,17.067232767740887,0.7538913115859032,0.08812662129375068,0.1171756654300473,0.06608730675229295,0.24558605152097615,0.8838369846343994,162.63436802625657,5.421145600875219
10620,38,4.7559027341546714e-05,0.45765871590872037,0.2695411145687103,0.021300509572029114,0.19743263721466064,0.14921759068965912,0.013375073671340942,0.0,0.49131944589316845,17.182791868845623,0.7437813058495522,0.06751097560944883,0.09640522859990597,0.05978058362168006,0.22297446631868792,0.8756182193756104,162.9431086063385,5.431436953544616
10640,38,4.739982839925181e-05,0.46003985726188534,0.3503797948360443,0.04056563973426819,0.316284716129303,0.3008306324481964,0.032879799604415894,0.0,0.5123131424188614,17.757042328516643,0.7871642857789993,0.08947536925023253,0.10403921277346936,0.0767887009053745,0.30142274244942446,0.887444257736206,163.2452993830045,5.441509979433484
10660,38,4.724066164361391e-05,0.4544317549137657,0.24888062477111816,0.03153590112924576,0.3283045291900635,0.29351872205734253,0.041766636073589325,0.0,0.5501927429189285,17.130744616190594,0.760600616534551,0.08937127312475984,0.11727801320905035,0.06683284291912886,0.25213911511342635,0.8719198703765869,163.54624087015787,5.451541362338596
10680,38,4.7081528727136914e-05,0.45585310077776986,0.31169331073760986,0.036888763308525085,0.25559186935424805,0.2576383948326111,0.09938064217567444,0.0,0.5003518033772707,17.633797883987427,0.778959701458613,0.07944482404061338,0.10365656737915495,0.06746290569108995,0.26027638177302753,0.8692717552185059,163.84697810411453,5.461565936803818
10700,38,4.692243130197348e-05,0.46527539781637667,0.29177865386009216,0.03540250286459923,0.3113839626312256,0.288168728351593,0.03675210848450661,0.0,0.6057948786765337,15.960554599761963,0.7067898313204447,0.09235192788764834,0.1292639762501825,0.04980026964436878,0.17830624761567873,0.87453293800354,164.14784180323284,5.471594726774428
10720,38,4.676337101990768e-05,0.4702089418036622,0.39664527773857117,0.039437584578990936,0.19494450092315674,0.23228442668914795,0.04643302410840988,0.0,0.49927092405656975,17.572449684143066,0.7695897221565247,0.08204962795769627,0.09892932376400991,0.06461608447451991,0.2469869625691155,0.8773312568664551,164.45495173533757,5.4818317245112524
10740,39,4.660434953233806e-05,0.4675886617006598,0.24016381800174713,0.026870522648096085,0.33149969577789307,0.2590113878250122,0.03271928057074547,0.0,0.5746754854917526,16.39444414774577,0.6947434494892756,0.07748636878518896,0.11649517418647354,0.03870244839609685,0.14406569594178686,0.8678536415100098,164.7724823474884,5.492416078249613
10760,39,4.644536849026035e-05,0.4665874085442658,0.21857601404190063,0.020533207803964615,0.21304941177368164,0.21487140655517578,0.022122569382190704,0.0,0.4687121342867613,17.941945791244507,0.7888788382212321,0.07566276328130202,0.08732394340702078,0.06924320837457675,0.2640485846998424,0.8724331855773926,165.0731126387914,5.502437087959714
10780,39,4.628642954425034e-05,0.46674700019154486,0.2885562777519226,0.023736877366900444,0.29922062158584595,0.28336217999458313,0.05395687744021416,0.0,0.5417769905179739,17.2450745900472,0.7693271537621816,0.09110465975986286,0.11084149219095707,0.06903245479357296,0.253976790543344,0.8737273216247559,165.37312460740407,5.512437486913469
10800,39,4.612753434444681e-05,0.4617715304877875,0.3407871127128601,0.0257471464574337,0.2961617708206177,0.2766454815864563,0.01162958424538374,0.0,0.5568316075950861,17.199875593185425,0.7621903667847315,0.09577747705307874,0.11490413936024363,0.0671499781945551,0.2478510248898105,0.8679499626159668,165.6725578268369,5.522418594227897
10820,39,4.5968684540534355e-05,0.47825029754046294,0.24698026478290558,0.019573360681533813,0.20753365755081177,0.24817806482315063,0.05034824460744858,0.0,0.4868811722844839,17.810819228490193,0.7752336313327154,0.07734844427217137,0.09408508478240533,0.06634168580130377,0.24871710340200728,0.8722569942474365,165.98312103350958,5.532770701116986
10840,39,4.580988178172623e-05,0.48247886072672813,0.3589911460876465,0.04320072382688522,0.257882297039032,0.28120917081832886,0.04722129553556442,0.0,0.5389063867429892,17.433637857437134,0.7793797999620438,0.09567412958395752,0.11123109363358129,0.0723948330110447,0.28300184002132894,0.8669078350067139,166.28259141842526,5.542753047280842
10860,39,4.565112771674726e-05,0.48326646051073635,0.3576749563217163,0.047004442662000656,0.31959521770477295,0.347775936126709,0.042253926396369934,0.0,0.49064976784090203,17.85758074124654,0.7731668651103973,0.08484805125573819,0.0898950296369466,0.06744290600131948,0.26007299191356154,0.872805118560791,166.58232716321945,5.552744238773982
10880,39,4.54924239938168e-05,0.4784088765102797,0.260879784822464,0.029969630762934685,0.1861816644668579,0.19819745421409607,0.037127960473299026,0.0,0.4374597736944755,18.119045575459797,0.7987439334392548,0.07337799312716181,0.0793851161883636,0.06989077984698353,0.2712011369383783,0.8741378784179688,166.88231328725814,5.5627437762419385
10900,39,4.5333772260631394e-05,0.4751968257103793,0.2873750925064087,0.014768342487514019,0.15696054697036743,0.1484394371509552,0.06091442331671715,0.0,0.47841888666152954,18.153395573298138,0.8018181224664053,0.09196666632355614,0.086649378253655,0.08481619255590803,0.33590386509736575,0.8716070652008057,167.18477827310562,5.572825942436854
10920,39,4.5175174164347956e-05,0.48331442957215837,0.353502094745636,0.0340653732419014,0.3289543390274048,0.32709330320358276,0.07053778320550919,0.0,0.4274158434321483,17.851702372233074,0.7890836844841639,0.06568533021279356,0.07440426251427694,0.061207334278337425,0.23206225112467524,0.8725681304931641,167.49437356392542,5.583145785464181
10940,39,4.5016631351566456e-05,0.47545632390088655,0.340027391910553,0.03061480075120926,0.25589776039123535,0.22244414687156677,0.05364043638110161,0.0,0.5432841368019581,16.949838399887085,0.7328091288606325,0.0852668493647467,0.10582309656522491,0.05177244742993604,0.1901519885710017,0.8718643188476562,167.7950446287791,5.593168154292637
10960,40,4.485814546831292e-05,0.4790118105250864,0.2240263968706131,0.014179027639329433,0.21396201848983765,0.20672321319580078,0.023947441950440407,0.0,0.4855310432612896,17.744352022806805,0.7847515046596527,0.07729135741564361,0.09612581870433959,0.06918129227150613,0.2687729407175952,0.868201494216919,168.10018680493036,5.603339560164345
10980,40,4.4699718160022336e-05,0.47959993578426774,0.3551536798477173,0.03561926633119583,0.35473573207855225,0.3421432375907898,0.0900614783167839,0.0,0.5537766702473164,17.05535825093587,0.7665029615163803,0.08645136552778157,0.12003413757139986,0.06361847325355154,0.2406363222240047,0.8744893074035645,168.40091801484425,5.613363933828142
11000,40,4.4541351071521496e-05,0.46428562788923433,0.3395290672779083,0.038470372557640076,0.26038968563079834,0.25810950994491577,0.00910091120749712,0.0,0.6157976500689983,16.35584870974223,0.7479436869422594,0.10474283383651213,0.13876568526029587,0.0636648469160057,0.23669687650081786,0.8725085258483887,168.7018326441447,5.62339442147149
11020,40,4.4383045847012044e-05,0.4662112989150262,0.4138615131378174,0.04743921011686325,0.25668030977249146,0.29490697383880615,0.039001017808914185,0.0,0.4506480482717355,17.49892536799113,0.7808772971232733,0.06728716812689196,0.08537919362160293,0.0637662507149137,0.24487326062411408,0.873619556427002,169.0081219156583,5.633604063855278
11040,40,4.422480413005332e-05,0.4677271258637912,0.22388331592082977,0.021669533103704453,0.1910078525543213,0.22752970457077026,0.023912504315376282,0.0,0.49225135147571564,17.391998767852783,0.7825813889503479,0.0764399820261381,0.10336557394740256,0.06634971507909623,0.2533727080815218,0.8713855743408203,169.3090147058169,5.64363382352723
11060,40,4.4066627563545273e-05,0.46310822374548916,0.35103243589401245,0.034562818706035614,0.3025243878364563,0.2849927842617035,0.034078240394592285,0.0,0.45719790644943714,18.01196002960205,0.7910497834285101,0.07186503149569035,0.09042091210457412,0.06911755081554558,0.2656665393971542,0.8775999546051025,169.60965476433435,5.653655158811145
11080,40,4.390851778971151e-05,0.454187239032108,0.3426797688007355,0.03562348708510399,0.339883029460907,0.2846755087375641,0.028745807707309723,0.0,0.5784068641563257,16.636383454004925,0.7490845372279485,0.08945304570211605,0.1269931715320457,0.06052460991354151,0.2271634717895226,0.8717441558837891,169.91098467906315,5.663699489302106
11100,40,4.375047645008212e-05,0.44720219950402185,0.18372739851474762,0.022259414196014404,0.2125599980354309,0.22061476111412048,0.009501944296061993,0.0,0.5402446873486042,17.2354629834493,0.767642026146253,0.08625916984270919,0.11668930355120789,0.06613604350224539,0.25426538913531904,0.8840806484222412,170.21201277971267,5.673733759323756
11120,40,4.359250518547675e-05,0.4499431998722565,0.24529986083507538,0.018353797495365143,0.14361649751663208,0.15137015283107758,0.03717895224690437,0.0,0.5137026067823172,17.26159914334615,0.7619591454664866,0.07420099645175716,0.10763819735835899,0.060565461976115,0.22944281063973904,0.8678555488586426,170.52028600374857,5.684009533458286
11140,40,4.343460563598747e-05,0.4561631520375452,0.24616572260856628,0.02041919156908989,0.19711506366729736,0.20675811171531677,0.04896048456430435,0.0,0.5154712808628877,17.621941169102985,0.781248485048612,0.0951817494563081,0.10483598048714074,0.07627957595303253,0.2971894076591442,0.8740983009338379,170.82134737571081,5.694044912523694
11160,40,4.3276779440961816e-05,0.4556097991389022,0.27631592750549316,0.032425835728645325,0.30816346406936646,0.3316214978694916,0.02334257774055004,0.0,0.5260053630918264,17.19553287823995,0.765718420346578,0.0799222955988212,0.11558015102689917,0.06033760422988879,0.23103431948799302,0.8746581077575684,171.12210213343303,5.704070071114434
11180,41,4.311902823898571e-05,0.44936077700150867,0.3120352625846863,0.024098489433526993,0.20770198106765747,0.24957424402236938,0.054150622338056564,0.0,0.4520191264649232,17.73244055112203,0.7734589874744415,0.06404176371341402,0.0879847499626604,0.05990166497940663,0.23138970147754828,0.8712661266326904,171.42801032463709,5.714267010821237
11200,41,4.296135366786655e-05,0.4658942146461597,0.3421940207481384,0.02299252152442932,0.1738089919090271,0.19161181151866913,0.022887133061885834,0.0,0.5385825727134943,17.169691403706867,0.7550517196456591,0.08633598245003006,0.11329745856875723,0.06234745761519827,0.2357067732326951,0.8739378452301025,171.728327580293,5.724277586009768
11220,41,4.280375736461601e-05,0.4591150565469122,0.2938920259475708,0.025633465498685837,0.15903371572494507,0.2038179636001587,0.04756952077150345,0.0,0.4979870095849037,17.769954840342205,0.7836777617534002,0.08926208156415007,0.10063602038743821,0.07129861011476764,0.27487496575552295,0.8726935386657715,172.03544878562292,5.734514959520764
11240,41,4.26462409654333e-05,0.4602052288464973,0.25974857807159424,0.02149767242372036,0.20541876554489136,0.22542481124401093,0.02378467284142971,0.0,0.5701748908807834,16.839941104253132,0.7481206109126409,0.0929050238549032,0.12198946472596038,0.06056317339905284,0.2221407996151935,0.8764908313751221,172.33663470347722,5.744554490115908
11260,41,4.2488806105687996e-05,0.4605990527029521,0.26230940222740173,0.01650976575911045,0.22197073698043823,0.2336038053035736,0.05161328613758087,0.0,0.6199290081858635,16.410058975219727,0.7661890337864558,0.12377679280259392,0.1388427879322659,0.07539027490631932,0.2910982522351498,0.8743288516998291,172.63790386517843,5.754596795505948
11280,41,4.2331454419903086e-05,0.4555146383934297,0.24840250611305237,0.018969392403960228,0.17634791135787964,0.1819271296262741,0.04173257574439049,0.0,0.5246212407946587,16.951884667078655,0.7428059180577596,0.0767353961921551,0.10464100048623302,0.057211785492571915,0.20872919498519463,0.8689572811126709,172.93815151055654,5.764605050351885
11300,41,4.2174187541738066e-05,0.45886683326904315,0.2968834638595581,0.0380878746509552,0.3539823889732361,0.3423014283180237,0.07875217497348785,0.0,0.4619845679650704,17.8084081808726,0.7853285521268845,0.07414289182898673,0.08856381865387614,0.0697544433853843,0.27131846953522076,0.868405818939209,173.23931938409805,5.774643979469935
11320,41,4.201700710397191e-05,0.46395281432540353,0.235542431473732,0.014734949916601181,0.17235183715820312,0.1869615763425827,0.05819199979305267,0.0,0.48382688499987125,17.325533946355183,0.7567653929193815,0.06361151025207205,0.10016288125718181,0.05661341073838147,0.22087118258191782,0.8687493801116943,173.5468551516533,5.784895171721776
11340,41,4.18599147384862e-05,0.4666756920517045,0.21449562907218933,0.02396726980805397,0.29689639806747437,0.2750091552734375,0.12807001173496246,0.0,0.5184255726635456,17.074739933013916,0.7452947373191515,0.07787688576023687,0.10341178371825001,0.05928896884010597,0.23258653638715093,0.8829326629638672,173.8484470208486,5.794948234028286
11360,41,4.1702912076248086e-05,0.4671096745391818,0.2742530107498169,0.03399292007088661,0.2631680369377136,0.3182225823402405,0.014342118985950947,0.0,0.5488017437358698,16.967348098754883,0.7473553791642189,0.07945074039426717,0.11467504772272977,0.05920564954927117,0.22735336344736756,0.902092695236206,174.15698941548666,5.805232980516222
11380,42,4.1546000747293407e-05,0.45560660315423696,0.2442864179611206,0.028221864253282547,0.28355932235717773,0.26285573840141296,0.03326652571558952,0.0,0.5587177127599716,16.89577889442444,0.7466548333565394,0.08632400979033926,0.11794652552767233,0.057556833013553514,0.21385825069790537,0.9056730270385742,174.47184606790543,5.815728202263514
11400,42,4.1389182380709764e-05,0.46346048098911824,0.3386208713054657,0.02844357118010521,0.22691398859024048,0.29438674449920654,0.03418105095624924,0.0,0.49071352183818817,17.858682711919148,0.7857368538777033,0.07901164008812471,0.09855100935833021,0.06561616107964338,0.25571436815979803,0.9063212871551514,174.78459026416144,5.826153008805381
11420,42,4.123245860461963e-05,0.4550207246681606,0.19561266899108887,0.02419661357998848,0.28827595710754395,0.22867804765701294,0.022037334740161896,0.0,0.48927852635582286,17.356042226155598,0.7469318633278211,0.07576589574190704,0.09415170372548429,0.055028329176076855,0.21241336603733627,0.9124429225921631,175.10361489454905,5.8367871631516355
11440,42,4.1075831046163366e-05,0.45379329783551137,0.1842310130596161,0.023199554532766342,0.20544087886810303,0.21565929055213928,0.053296931087970734,0.0,0.514228543266654,17.712908109029133,0.779541219274203,0.08919664455408399,0.10097964014858007,0.07174516616875982,0.28111598069186916,0.9353530406951904,175.42654937108358,5.847551645702786
11460,42,4.0919301331482416e-05,0.4585508953593328,0.27047884464263916,0.023666610941290855,0.15469008684158325,0.13567373156547546,0.017815761268138885,0.0,0.4701191149652004,17.39003825187683,0.7516710286339124,0.060109089805998585,0.09191922267729585,0.05558673671582297,0.21453001055624554,0.9379594326019287,175.7509093284607,5.858363644282023
11480,42,4.07628710857024e-05,0.45695155433692064,0.2668072581291199,0.017270801588892937,0.17254161834716797,0.15126103162765503,0.034344930201768875,0.0,0.56095519165198,16.76042111714681,0.7375294690330824,0.08802570622753013,0.11857400191101161,0.05745018043092965,0.21553572281845845,0.8982467651367188,176.06398879686992,5.86879962656233
11500,42,4.060654193291616e-05,0.4471134310795867,0.30924445390701294,0.02910779044032097,0.24017959833145142,0.28170329332351685,0.07945462316274643,0.0,0.5128913000226021,17.403141975402832,0.7597032835086187,0.08185590820556338,0.09982724377716129,0.06112674883942501,0.23088406450485557,0.8928201198577881,176.3749963204066,5.879166544013553
11520,42,4.04503154961671e-05,0.4589451587085054,0.3750179409980774,0.03395650535821915,0.2673581838607788,0.23948286473751068,0.03170451149344444,0.0,0.5713108206788698,16.716562350591023,0.753565713763237,0.09659313308921727,0.1202189859680154,0.0671401056460442,0.2509880091075212,0.8909003734588623,176.69809999863307,5.889936666621102
11540,42,4.029419339743204e-05,0.45430468737672636,0.2722741663455963,0.020731158554553986,0.19637763500213623,0.18728893995285034,0.07234684377908707,0.0,0.46480932521323365,17.77347461382548,0.7750798910856247,0.07271347982300953,0.08618929406458681,0.0670322342452478,0.2552606317800713,0.9007225036621094,177.00805780887603,5.900268593629201
11560,42,4.0138177257604666e-05,0.46798677266732464,0.41237837076187134,0.038352545350790024,0.2532334327697754,0.2644100785255432,0.08508438616991043,0.0,0.44160643965005875,17.62084158261617,0.7809964021046957,0.0695519010451707,0.08104495162313635,0.06352029043244495,0.2437560888091949,0.8885300159454346,177.31757318576177,5.910585772858726
11580,42,3.9982268696478544e-05,0.4581164761056698,0.31119489669799805,0.017947502434253693,0.20138174295425415,0.21588817238807678,0.06319830566644669,0.0,0.46399084106087685,17.962837378184002,0.7881697515646616,0.07510923636569218,0.08881551213562489,0.06812264177609574,0.26325760591267183,0.8965492248535156,177.62601877450942,5.920867292483647
11600,43,3.9826469332730294e-05,0.4649927850227238,0.28953275084495544,0.02680397592484951,0.1848706603050232,0.17619916796684265,0.005323709920048714,0.0,0.49856233100096387,17.67793122927348,0.7762839396794637,0.0817257562990893,0.09794438969005238,0.0676119530670059,0.25595362441857683,0.896728515625,177.93958651622137,5.931319550540712
11620,43,3.967078078390286e-05,0.45987032126170596,0.331389456987381,0.028754694387316704,0.21304631233215332,0.23370137810707092,0.017819877713918686,0.0,0.4673711384336154,17.336833397547405,0.7627931833267212,0.07537848942659119,0.08316522345624187,0.05519087466068,0.2102216439826324,0.892042875289917,178.25722909768422,5.941907636589474
11640,43,3.95152046663887e-05,0.4532187183570631,0.3065977692604065,0.04201730340719223,0.3100079298019409,0.32826071977615356,0.011711692437529564,0.0,0.45370926273365814,17.13426597913106,0.7624592557549477,0.0641413686204363,0.08751076646149158,0.04864133656585843,0.18718962343130194,0.9015636444091797,178.56668812036514,5.952222937345505
11660,43,3.935974259541293e-05,0.4449891770464503,0.3018287122249603,0.024677515029907227,0.2653076648712158,0.26781365275382996,0.054494645446538925,0.0,0.42864958941936493,17.570610761642456,0.7750728577375412,0.06138383834199472,0.079913987016136,0.05661654527383772,0.22052428835410287,0.909235954284668,178.88030609289805,5.962676869763269
11680,43,3.920439618501667e-05,0.4446223862568276,0.25336363911628723,0.023151125758886337,0.21652847528457642,0.21853622794151306,0.034940022975206375,0.0,0.4868585790197055,17.500857830047607,0.7744475106398264,0.07987140745601871,0.0988188370723616,0.06398287136107683,0.24509754810820927,0.8970670700073242,179.19634997844696,5.973211665948232
11700,43,3.9049167048040173e-05,0.44763089289778124,0.24515275657176971,0.038070641458034515,0.3525034189224243,0.3457150459289551,0.011009464040398598,0.0,0.4682190219561259,17.387935638427734,0.7674780289332072,0.07557172802361575,0.09009858711876652,0.05768360029271042,0.2158994690769098,0.8751885890960693,179.50110311508178,5.98337010383606
11720,43,3.889405679610615e-05,0.4610664903302885,0.35456183552742004,0.05175614356994629,0.3567962050437927,0.327498197555542,0.01502713467925787,0.0,0.5213032780836026,16.565958261489868,0.7345579862594604,0.08374049201269042,0.10452498343180526,0.046084461290929954,0.16140149538180346,0.8682103157043457,179.80931012630464,5.993643670876821
11740,43,3.8739067039603086e-05,0.45417426902809793,0.23639613389968872,0.035560112446546555,0.2723386287689209,0.27601557970046997,0.036364778876304626,0.0,0.509396788974603,17.461145957310993,0.7760980029900869,0.08739636711437594,0.10483408778567206,0.06763272521890361,0.2578115851449018,0.8728814125061035,180.11119485696156,6.003706495232052
11760,43,3.858419938766834e-05,0.4594761835347481,0.3112386167049408,0.028070572763681412,0.18575435876846313,0.1858479231595993,0.03386004641652107,0.0,0.5474899336695671,16.71724049250285,0.742072602113088,0.08779530286450278,0.11666070466691797,0.05412401462473843,0.19865507185088724,0.8764700889587402,180.4130304177602,6.013767680592007
11780,43,3.842945544817164e-05,0.46024138658758773,0.2232564389705658,0.018506359308958054,0.1841854453086853,0.21104881167411804,0.04455297440290451,0.0,0.43704224439958733,17.84663661321004,0.7883841246366501,0.06672706505791708,0.07999631677838889,0.06390697465626131,0.24493896023076642,0.8801982402801514,180.7160832007726,6.023869440025753
11800,43,3.8274836827698295e-05,0.46260584431453755,0.23179751634597778,0.03076966106891632,0.2577528953552246,0.2999468445777893,0.022114397957921028,0.0,0.585622071598967,16.261401494344074,0.7249588395158449,0.094831635159525,0.11934751661663706,0.049124048154970464,0.1743366356769746,0.8754208087921143,181.01871160268783,6.033957053422927
11820,44,3.812034513153247e-05,0.45656212192119733,0.25898411870002747,0.018039047718048096,0.16695386171340942,0.18913137912750244,0.032505493611097336,0.0,0.4936815481632948,17.349236885706585,0.7581391905744871,0.07537156360393221,0.09664897442880002,0.05734959115645986,0.21816486531381749,0.8722543716430664,181.33094596862793,6.044364865620931
11840,44,3.796598196364065e-05,0.4604319480896316,0.19791291654109955,0.019140169024467468,0.2116628885269165,0.1927320957183838,0.030437283217906952,0.0,0.5157099813222885,16.861008405685425,0.7277440304557482,0.07488137437030673,0.0994798219339414,0.04330808353949,0.15736443583260884,0.8787758350372314,181.63158643245697,6.054386214415232
11860,44,3.781174892665487e-05,0.4665463924392194,0.21608185768127441,0.015739891678094864,0.1614866852760315,0.20110487937927246,0.04539502039551735,0.0,0.5431471988558769,17.104465007781982,0.7464817489186922,0.08795732954009013,0.1089193072508682,0.052771777337925,0.19268604537302797,0.8776047229766846,181.93301833470662,6.06443394449022
11880,44,3.76576476218561e-05,0.4464530495079524,0.21248264610767365,0.016419826075434685,0.1731969714164734,0.2007291316986084,0.027815282344818115,0.0,0.5649370749791464,16.715039014816284,0.7344011763731638,0.09958396090025251,0.11231201675466516,0.05232720905463462,0.1873000954338667,0.8671066761016846,182.23349538644155,6.074449846214718
11900,44,3.750367964915769e-05,0.45514014102490175,0.22877351939678192,0.02238611876964569,0.1913459300994873,0.1943167895078659,0.00588154187425971,0.0,0.48076976214845973,17.3436119556427,0.7615703443686167,0.08361657679250295,0.08823637037791988,0.053171143378594105,0.19231732153407807,0.8718223571777344,182.53280826012295,6.0844269420040975
11920,44,3.734984660708865e-05,0.45645723885926753,0.26217198371887207,0.029428234323859215,0.2520577311515808,0.2491600513458252,0.04283739998936653,0.0,0.5167709731807312,16.937939484914143,0.7470343212286631,0.0866052678532221,0.10009753839536147,0.05089187181808732,0.18111068128862165,0.8727152347564697,182.8390921910604,6.0946364063686795
11940,44,3.719615009277714e-05,0.4606622015142242,0.3000865876674652,0.03696192055940628,0.2558830976486206,0.29065242409706116,0.011989451013505459,0.0,0.49984754249453545,17.207446177800495,0.7482586378852526,0.07919752606275407,0.09487015076658943,0.04808474569448022,0.1715028678608209,0.870786190032959,183.13905475139617,6.104635158379873
11960,44,3.70425917019339e-05,0.46173019961899286,0.38518697023391724,0.041373029351234436,0.27469027042388916,0.23770463466644287,0.03410466015338898,0.0,0.5798054877668619,16.733478784561157,0.7517651269833246,0.09460158950903198,0.12457263630560854,0.06003111723641103,0.22511508417400447,0.8722476959228516,183.43913158973058,6.114637719657686
11980,44,3.6889173028835534e-05,0.4752824355700043,0.26885339617729187,0.02937435731291771,0.25785505771636963,0.2780623733997345,0.10674627870321274,0.0,0.5872587493310372,16.46638623873393,0.7200663511951765,0.09768379492346536,0.11825382616370916,0.04880777788771824,0.17329461593180895,0.8759214878082275,183.73921438455582,6.124640479485194
12000,44,3.6735895666308176e-05,0.4554635691276285,0.2811233401298523,0.03171849623322487,0.21363401412963867,0.2368299812078476,0.057075344026088715,0.0,0.562773031493028,16.611795743306477,0.7228906924525896,0.08752580478110096,0.11443767705085603,0.061593492928461106,0.2383226475345013,0.8690800666809082,184.04023807843527,6.134674602614509
12020,45,3.65827612057108e-05,0.47302772215684047,0.2664259374141693,0.016688477247953415,0.17882394790649414,0.20727607607841492,0.05217226594686508,0.0,0.48888348167141277,17.447561899820965,0.7774246533711752,0.07092080798677423,0.09826227683912624,0.059533086846138096,0.2340051743985069,0.873741626739502,184.35008937915165,6.145002979305056
12040,45,3.642977123691871e-05,0.46564761464766896,0.21720153093338013,0.027137938886880875,0.3000696897506714,0.2698892056941986,0.012691016308963299,0.0,0.5483989380300045,17.043996572494507,0.7524673044681549,0.08527458628470247,0.11552965166893872,0.05944631973265628,0.23127557116094977,0.8745641708374023,184.6505155126254,6.155017183754179
12060,45,3.6276927348307116e-05,0.4677100926860553,0.20836453139781952,0.017094019800424576,0.17320096492767334,0.1990961730480194,0.027582524344325066,0.0,0.5061402736852566,16.978905200958252,0.7374059756596884,0.07600117110731927,0.09728860804303126,0.04600918426347727,0.1664299067448486,0.8722488880157471,184.9511115550995,6.1650370518366495
12080,45,3.612423112673457e-05,0.4543168135862637,0.3372451364994049,0.023586822673678398,0.23413044214248657,0.23303918540477753,0.025481194257736206,0.0,0.5066397500534853,17.71248149871826,0.7656166131297747,0.08498557593504136,0.09902643742547794,0.05960041001026184,0.2232888360310674,0.8750090599060059,185.25244431495668,6.1750814771652225
12100,45,3.5971684157526494e-05,0.44937544753014586,0.31225642561912537,0.01600734144449234,0.13445430994033813,0.18646638095378876,0.0733681246638298,0.0,0.4219343413909276,18.07016388575236,0.8099477638800939,0.07228646727956155,0.07017951306294311,0.07822221249807626,0.3137672556225549,0.8713631629943848,185.5527881940206,6.185092939800686
12120,45,3.5819288024458786e-05,0.45868810906685087,0.29963597655296326,0.02295999974012375,0.2320743203163147,0.21391412615776062,0.07691512256860733,0.0,0.5604453328996897,16.73985505104065,0.7334471518794695,0.08407030474733222,0.116107834672386,0.05578810727985745,0.2035787616941062,0.8750360012054443,185.8650555253029,6.19550185084343
12140,45,3.566704430974126e-05,0.4734586261249855,0.2960771322250366,0.042120855301618576,0.42828285694122314,0.40390145778656006,0.017989691346883774,0.0,0.4666504717121522,16.938782771428425,0.7437432358662287,0.06893372692337091,0.08530284125696529,0.045083073196038145,0.16554534965735002,0.8689322471618652,186.1658723394076,6.205529077980254
12160,45,3.5514954594001365e-05,0.4704715342769159,0.21120856702327728,0.024541065096855164,0.2984182834625244,0.29277563095092773,0.040363285690546036,0.0,0.5214065853506327,17.537951628367107,0.7749883035818735,0.08895100102844564,0.1083480261943557,0.06763845697489822,0.26397498131898994,0.8757426738739014,186.46808222134908,6.215602740711636
12180,45,3.5363020456267675e-05,0.454291082332065,0.27670055627822876,0.022542595863342285,0.2143157720565796,0.20979651808738708,0.04723864421248436,0.0,0.487904184187452,17.406134128570557,0.7466936483979225,0.07021131366491318,0.09704630898142402,0.05948019334623082,0.22965483752671967,0.8720564842224121,186.7698019504547,6.225660065015157
12200,45,3.521124347395348e-05,0.4534361378610699,0.20625153183937073,0.018334444612264633,0.2634146809577942,0.24513135850429535,0.029572635889053345,0.0,0.43353644634286564,17.587921301523846,0.7682725414633751,0.05935712201012806,0.07945615713569251,0.05928486664461988,0.22796366636810655,0.870166540145874,187.07033871014912,6.235677957004971
12220,45,3.505962522284048e-05,0.4496848658634626,0.24323320388793945,0.035072632133960724,0.3493899703025818,0.348137229681015,0.006476291920989752,0.0,0.5609621753295263,16.569321552912395,0.7163853645324707,0.0909274527379735,0.11237864111634818,0.04640417421151968,0.16650323832238262,0.8651158809661865,187.3768983244896,6.245896610816319
12240,46,3.4908167277062426e-05,0.4531459323598795,0.27917298674583435,0.03568631410598755,0.3373103141784668,0.31666290760040283,0.027878468856215477,0.0,0.46466687011222046,17.73888436953227,0.7668427328268687,0.07068417615003207,0.08972442912107165,0.05911421212410708,0.22302406062160365,0.8697407245635986,187.6813110510508,6.256043701701694
12260,46,3.475687120908865e-05,0.4448625694864243,0.20580874383449554,0.0211480762809515,0.19478285312652588,0.21336376667022705,0.03479834645986557,0.0,0.5025487616658211,17.594950675964355,0.7620989928642908,0.0840603776953437,0.09981087095696818,0.060397403796741855,0.2269427214606284,0.8697001934051514,187.98065455357235,6.266021818452411
12280,46,3.460573858970796e-05,0.44678071892628773,0.3037848472595215,0.02664985880255699,0.22379708290100098,0.26089340448379517,0.037192635238170624,0.0,0.3912444971501827,18.23345486323039,0.8085825790961584,0.058994849043136295,0.0672992312095382,0.06559225858919407,0.255483841216615,0.8726973533630371,188.2803677558899,6.276012258529663
12300,46,3.4454770988012087e-05,0.4397547743346157,0.24008502066135406,0.019849909469485283,0.1719874143600464,0.21141932904720306,0.048582762479782104,0.0,0.5339040302981933,16.884898980458576,0.7461542164285978,0.0931385948153382,0.10488852435214953,0.05511235255240039,0.20141614998944782,0.8671531677246094,188.58252044121426,6.286084014707141
12320,46,3.430396997137957e-05,0.45022798544901194,0.20625020563602448,0.022737612947821617,0.22841066122055054,0.22936096787452698,0.005098207853734493,0.0,0.4482948165386915,18.091169198354084,0.797724649310112,0.07336793298071081,0.08456502566960725,0.06968588021118194,0.27445624641735444,0.8697457313537598,188.88806966543197,6.296268988847732
12340,46,3.415333710545946e-05,0.4492424057466186,0.30052483081817627,0.02937454730272293,0.20563006401062012,0.2602081596851349,0.075163833796978,0.0,0.43624287843704224,18.273945411046345,0.8050453464190165,0.07653369534422051,0.080304941162467,0.07112967874854803,0.27918716316873377,0.8750808238983154,189.18896642128627,6.306298880709543
12360,46,3.4002873954154926e-05,0.4559356183322049,0.18846966326236725,0.02371741458773613,0.2611539363861084,0.24883978068828583,0.049250178039073944,0.0,0.50274793493251,17.08037789662679,0.7564088553190231,0.07539885110137137,0.09907478043301539,0.05673428356054832,0.2096505951644345,0.8808372020721436,189.49451317389807,6.316483772463268
12380,46,3.3852582079607225e-05,0.45218192567434584,0.2114524245262146,0.011904406361281872,0.14031463861465454,0.16653838753700256,0.058353208005428314,0.0,0.46272439509630203,17.70417865117391,0.7832664599021276,0.0732740680263801,0.08851934563029897,0.06873181790367446,0.2628689867190339,0.8821933269500732,189.7974838455518,6.326582794851727
12400,46,3.370246304217935e-05,0.4524857003633074,0.3050009608268738,0.02257401868700981,0.20302081108093262,0.21918480098247528,0.010637016966938972,0.0,0.5222125289340814,17.010350068410236,0.755384050309658,0.0783130597661842,0.10995396666906097,0.061848449006158095,0.23290252053464594,0.8776044845581055,190.0997633377711,6.336658777925703
12420,46,3.355251840043983e-05,0.453959578050859,0.25345680117607117,0.020477434620261192,0.21682387590408325,0.22824601829051971,0.023558691143989563,0.0,0.4597546346485615,17.32303198178609,0.7677579472462336,0.06564987416971814,0.09003454040397298,0.05620519080143409,0.2102927835585433,0.872262716293335,190.40869139035541,6.346956379678514
12440,46,3.340274971114661e-05,0.45660630373268124,0.30109140276908875,0.02186894416809082,0.17413330078125,0.23022852838039398,0.03813383728265762,0.0,0.46662304426232976,17.801188468933105,0.7829615424076716,0.07548317194662311,0.09080101261762055,0.06981698600495954,0.2689701222909868,0.8739345073699951,190.70948297977446,6.356982765992482
12460,47,3.325315852923086e-05,0.4523423091198884,0.22501961886882782,0.0236964114010334,0.274819016456604,0.24899283051490784,0.027178985998034477,0.0,0.42100237123668194,18.177668650945026,0.7999571760495504,0.05821796193380247,0.08017874796959487,0.06618654448539019,0.25887792286547745,0.8726863861083984,191.02507087389628,6.36750236246321
12480,47,3.3103746407780816e-05,0.437792490293743,0.2478354573249817,0.031259506940841675,0.19010472297668457,0.21407966315746307,0.03893690183758736,0.0,0.4670403301715851,17.69378940264384,0.7728792279958725,0.0705328110436147,0.09080515022982251,0.0648717964954399,0.24857002622659571,0.8728582859039307,191.32631905873617,6.377543968624539
12500,47,3.295451489802569e-05,0.4496419939453391,0.20256899297237396,0.017654016613960266,0.20358943939208984,0.20218610763549805,0.012801087461411953,0.0,0.45107512051860493,17.52759043375651,0.7718195964892706,0.05260771716182882,0.089980069717223,0.05691394097944298,0.21983627624682744,0.8824150562286377,191.62758944829304,6.387586314943102
12520,47,3.280546554931951e-05,0.4407302671442486,0.25509801506996155,0.015658441931009293,0.15688467025756836,0.18757784366607666,0.024219952523708344,0.0,0.45521776005625725,17.976556301116943,0.7894007116556168,0.06520655903626572,0.08691084300252525,0.06649850454943423,0.26310280845923856,0.8766665458679199,191.93850800593694,6.397950266864565
12540,47,3.265659990912507e-05,0.4384422393091926,0.2751297354698181,0.03131762892007828,0.23800128698349,0.21970191597938538,0.012345756404101849,0.0,0.49080306726197404,17.88079833984375,0.7856558362642924,0.0808377086438916,0.09631905653937296,0.07028434494118714,0.27213170620697463,0.8713955879211426,192.23907758792242,6.407969252930747
12560,47,3.2507919522997945e-05,0.4382975633899604,0.30727365612983704,0.04353546351194382,0.38999396562576294,0.3683048188686371,0.011553910560905933,0.0,0.4103443641215563,18.33785128593445,0.8047011544307073,0.06066237766803666,0.07406187404624441,0.0693839481947097,0.27240820847113023,0.8721959590911865,192.54076356490452,6.4180254521634845
12580,47,3.235942593457021e-05,0.43887284438455204,0.2743799388408661,0.02557690441608429,0.23932969570159912,0.24628421664237976,0.029187483713030815,0.0,0.47939407763381797,17.639909982681274,0.7765464584032694,0.07792465274476192,0.09493760053407062,0.06302629767279458,0.23857745741208253,0.8715550899505615,192.84484344323477,6.428161448107826
12600,47,3.221112068553473e-05,0.4509510127924835,0.2517183721065521,0.021014323458075523,0.2077486515045166,0.22490881383419037,0.02442857064306736,0.0,0.4101533492406209,17.931692043940227,0.7894831150770187,0.05742351482198997,0.07531087862497027,0.059053819086825984,0.22820735604248263,0.8757710456848145,193.14585711161297,6.438195237053765
12620,47,3.206300531562887e-05,0.4505241105236515,0.2501593828201294,0.01612849161028862,0.16470301151275635,0.21578244864940643,0.044488467276096344,0.0,0.4594742879271507,18.09414267539978,0.791560540596644,0.07419847726652568,0.08900165718726137,0.06788664548234506,0.2625496051782234,0.8665235042572021,193.45352467298508,6.448450822432836
12640,47,3.191508136261867e-05,0.4466528584742235,0.33805030584335327,0.04009586200118065,0.368358850479126,0.33963918685913086,0.07748164236545563,0.0,0.5728616255025069,16.38916842142741,0.7238357389966646,0.08761118894273584,0.11396887085654518,0.05347155003453901,0.1894766933030703,0.872272253036499,193.75417285760244,6.458472428586748
12660,48,3.1767350362282876e-05,0.4629050006898275,0.2715257406234741,0.028310706838965416,0.26090025901794434,0.2738884687423706,0.0509512796998024,0.0,0.47272896642486256,17.89799650510152,0.7867867797613144,0.07372050055048683,0.09357329847460444,0.06606266088783741,0.2496406105770306,0.8676977157592773,194.06001166899998,6.4686670556333326
12680,48,3.1619813848396854e-05,0.4575411859135489,0.23322716355323792,0.02071385458111763,0.20342040061950684,0.17559406161308289,0.012084178626537323,0.0,0.44884961533049744,18.04921539624532,0.7980824261903763,0.07478741903535345,0.08658855272964998,0.06916248971935023,0.2671306987547062,0.8829574584960938,194.36244271596271,6.478748090532091
12700,48,3.1472473352716886e-05,0.46561916469461717,0.2975717782974243,0.04237068444490433,0.3587303161621094,0.3957851529121399,0.05084550380706787,0.0,0.4798377218345801,17.494048595428467,0.7679897000392278,0.08196196506138552,0.08722479387440464,0.05693477143177006,0.20186882531032263,0.8842461109161377,194.66504520575205,6.4888348401917355
12720,48,3.1325330404964106e-05,0.45832024649577136,0.17402903735637665,0.020920991897583008,0.24133408069610596,0.24805420637130737,0.015043219551444054,0.0,0.46785080060362816,18.164631764094036,0.7958324700593948,0.07427705646577207,0.0899193048985167,0.07301246614026075,0.28058935701847076,0.8767845630645752,194.97450571457546,6.499150190485849
12740,48,3.1178386532808614e-05,0.45226092108059596,0.27068448066711426,0.02266094647347927,0.2517189383506775,0.2673225998878479,0.06696450710296631,0.0,0.5000867924342552,17.667095184326172,0.7784937421480814,0.0817391329698942,0.10109375992959196,0.06849845569178631,0.25974191280759196,0.8695938587188721,195.2759483933449,6.509198279778163
12760,48,3.103164326185371e-05,0.4461795824267968,0.27353382110595703,0.03273986279964447,0.2704687714576721,0.2880980372428894,0.02812495455145836,0.0,0.432874188447992,18.165682395299275,0.8048466742038727,0.06741589426316998,0.08033677613870664,0.07100447499595414,0.27684264801527286,0.8801090717315674,195.57707248926164,6.519235749642054
12780,48,3.0885102115620044e-05,0.4492012249280833,0.2505207657814026,0.022600162774324417,0.21201401948928833,0.23373395204544067,0.020718049257993698,0.0,0.5026930402964354,17.190709988276165,0.7606492141882578,0.07462255546653812,0.1009056761183522,0.06136336141869172,0.2359156992646273,0.9226438999176025,195.88069463570912,6.529356487856971
12800,48,3.0738764615529694e-05,0.4466393510446153,0.34858518838882446,0.03215879201889038,0.21669477224349976,0.23676876723766327,0.02980576455593109,0.0,0.45599849335849285,17.41930317878723,0.7652953515450159,0.06328950229693543,0.08697414347393946,0.06009170623623173,0.23586267156695778,0.890357494354248,196.1916600227356,6.539722000757854
12820,48,3.0592632280890474e-05,0.4426542019749958,0.2631665766239166,0.014323137700557709,0.13324111700057983,0.15019601583480835,0.033923953771591187,0.0,0.4555200046549241,17.50384211540222,0.775850328306357,0.06832643869248303,0.08719437670978633,0.06398646520789374,0.24831235561181197,0.8783955574035645,196.50385284423828,6.550128428141276
12840,48,3.044670662888012e-05,0.4422442178521404,0.22662225365638733,0.024111850187182426,0.31087374687194824,0.2799470126628876,0.018024949356913567,0.0,0.4575337308148543,17.674593528111775,0.7791158532102903,0.06747871662744066,0.08989848077974537,0.06267552221701904,0.24037196461788632,0.8723976612091064,196.80544433991113,6.560181477997038
12860,48,3.030098917453053e-05,0.45509400076464707,0.19964699447155,0.03168817609548569,0.2659434676170349,0.28177452087402344,0.01219882071018219,0.0,0.47253224564095336,17.213926076889038,0.7597731178005537,0.0686624799431725,0.09305023909969763,0.053847946705487135,0.1991963907864622,0.8741340637207031,197.1066394964854,6.570221316549513
12880,49,3.0155481430712108e-05,0.44337285995912346,0.281632661819458,0.03278344124555588,0.22504782676696777,0.26126039028167725,0.03987227380275726,0.0,0.44540195850034553,17.649797280629475,0.7848817706108093,0.06971394859085028,0.08166957782073454,0.06268524507521017,0.23589682338272475,0.8724870681762695,197.4236864209175,6.580789547363917
12900,49,3.0010184908117886e-05,0.442440493382068,0.3629825711250305,0.05049406737089157,0.3510934114456177,0.3685382306575775,0.018962491303682327,0.0,0.5295383278280497,16.512787739435833,0.7117989162604014,0.07604771137068217,0.10196106482974508,0.04972371477826052,0.1855608843821673,0.872603178024292,197.72455171346664,6.590818390448888
12920,49,2.9865101115248057e-05,0.4542189041882942,0.29838448762893677,0.04072452336549759,0.30338752269744873,0.30766841769218445,0.03824656829237938,0.0,0.4109862061838309,18.046888907750446,0.8002153187990189,0.05847247698428956,0.07405612025071275,0.06525656875138255,0.25522930386730214,0.8737640380859375,198.03149133523306,6.6010497111744355
12940,49,2.9720231558394163e-05,0.4439940531673934,0.24820324778556824,0.025855809450149536,0.24673813581466675,0.25052163004875183,0.010182545520365238,0.0,0.43093168176710606,18.04594914118449,0.7916468133529028,0.0628374526700513,0.08119246549904346,0.06110681173463077,0.2361882417224644,0.8761796951293945,198.33293383518856,6.611097794506285
12960,49,2.9575577741623508e-05,0.4384350457234513,0.19500674307346344,0.023750092834234238,0.218827486038208,0.23644724488258362,0.023626577109098434,0.0,0.44824485170344514,17.618860165278118,0.7772840211788813,0.06342712451111186,0.08846648680892857,0.05607326320684727,0.21315261231542204,0.8665423393249512,198.6334703207016,6.62111567735672
12980,49,2.9431141166763524e-05,0.44619911861038275,0.34096628427505493,0.05656394362449646,0.33298343420028687,0.28348344564437866,0.04555336758494377,0.0,0.4293043228487174,18.534923632939655,0.8136573880910873,0.06824818964708936,0.08166990192099051,0.07328162833370945,0.2875418952581557,0.8661093711853027,198.9344922542572,6.631149741808573
13000,49,2.9286923333386227e-05,0.4536185735811599,0.3970722258090973,0.03764937445521355,0.2455640435218811,0.2732164263725281,0.06446994096040726,0.0,0.5046735946089029,16.337972402572632,0.7243675862749418,0.06775043489919468,0.09562049281190742,0.04476694915104996,0.1567613087086515,0.9033339023590088,199.24045353333156,6.641348451111051
13020,49,2.9142925738792528e-05,0.4509615388570268,0.2554669678211212,0.026971809566020966,0.20131593942642212,0.23661786317825317,0.060138486325740814,0.0,0.4667242740591367,18.016337076822918,0.7987042367458344,0.0760749675841494,0.0929119134829803,0.07078392645979131,0.27225817183286627,0.8836231231689453,199.5539945046107,6.651799816820357
13040,49,2.8999149877996893e-05,0.4404666967344987,0.25012099742889404,0.01970294862985611,0.16416388750076294,0.20064418017864227,0.04368140920996666,0.0,0.4635390142599742,17.401108264923096,0.7760591208934784,0.07026121469045227,0.0869197149507024,0.060599005460971966,0.22049919354983352,0.8827893733978271,199.86100440820059,6.662033480273353
13060,49,2.8855597243711586e-05,0.4425441768977305,0.23352265357971191,0.019119150936603546,0.20737844705581665,0.20488572120666504,0.03774399682879448,0.0,0.4531924221664667,17.346139430999756,0.7666476517915726,0.06612565597011284,0.08424532396549528,0.06183973409398194,0.230957982259993,0.8828744888305664,200.1646855711937,6.672156185706457
13080,49,2.8712269326331347e-05,0.4512635449554602,0.2578832507133484,0.030702296644449234,0.28029966354370117,0.2517842650413513,0.0185562577098608,0.0,0.5114523060619831,17.14269455273946,0.7458313778042793,0.07693825806067749,0.09994033927267248,0.053887598842266016,0.19292993902457634,0.8837151527404785,200.4706219792366,6.682354065974553
13100,50,2.856916761391784e-05,0.4537039120802619,0.4750261604785919,0.029118817299604416,0.16458219289779663,0.2283419370651245,0.08496662229299545,0.0,0.43205230372647446,17.645795901616413,0.7810565282901129,0.06431799813766371,0.07618087851865725,0.06410920188169587,0.24525293573440815,0.8777203559875488,200.77761221726735,6.6925870739089115
13120,50,2.8426293592184213e-05,0.4475011034865325,0.23275716602802277,0.021685514599084854,0.23043006658554077,0.23849034309387207,0.06961087137460709,0.0,0.4492212925106287,18.183631976445515,0.7967331856489182,0.07072402418337086,0.08402376266365702,0.07223229984414171,0.27519688416611066,0.8759136199951172,201.08601447343827,6.702867149114609
13140,50,2.8283648744479706e-05,0.4471710543921455,0.29837214946746826,0.03176724165678024,0.2229589819908142,0.2301972508430481,0.010864612646400928,0.0,0.4227657113224268,17.90561270713806,0.7914983828862509,0.06367031586441127,0.07535844838077371,0.06622431486506354,0.2520004997707226,0.8738729953765869,201.38861569166184,6.712953856388728
13160,50,2.8141234551774193e-05,0.4418734593326495,0.2174944281578064,0.01756802201271057,0.1971260905265808,0.20545578002929688,0.05445447564125061,0.0,0.49541601352393627,18.001786788304646,0.7944285273551941,0.08944559046490626,0.09459744740954855,0.07567730427465656,0.2921090403741056,0.873549222946167,201.69108240604402,6.723036080201467
13180,50,2.7999052492642856e-05,0.44823602772920385,0.3456610143184662,0.03847392648458481,0.2910531759262085,0.2607789635658264,0.016121579334139824,0.0,0.4284913931041956,17.64641014734904,0.7881439526875814,0.06047353097660975,0.07806860520081087,0.06201249234833416,0.23270867084449326,0.8774256706237793,201.99341806968053,6.733113935656018
13200,50,2.785710404325081e-05,0.4457761859378279,0.21189594268798828,0.031184982508420944,0.3382717967033386,0.29826804995536804,0.02361295558512211,0.0,0.4912257405618827,16.75312026341756,0.7451210369666418,0.07365695065395399,0.09268503669988025,0.056418395042183794,0.20990084799053543,0.8813481330871582,202.29688246250151,6.743229415416717
13220,50,2.771539067733779e-05,0.44372251135380625,0.35683000087738037,0.03879193216562271,0.23138165473937988,0.24197600781917572,0.030680958181619644,0.0,0.4506130653123061,17.530258019765217,0.7799734969933828,0.07572194722227076,0.08532380566678265,0.060990832019011905,0.23562118881421734,0.8755543231964111,202.60512315034867,6.753504105011622
13240,50,2.7573913866202793e-05,0.44677131492764227,0.36183157563209534,0.03715618699789047,0.2428339719772339,0.28446146845817566,0.021464873105287552,0.0,0.43041470895210904,18.124952872594196,0.8001473347345988,0.06159334976903417,0.08139684288339182,0.06460161187516694,0.2508158229122108,0.8704850673675537,202.90677502950032,6.763559167650011
13260,50,2.7432675078688965e-05,0.44682668148346444,0.22996754944324493,0.024074271321296692,0.22401273250579834,0.23757398128509521,0.020004812628030777,0.0,0.4475409897665183,17.485194603602093,0.7739972621202469,0.06362555472349579,0.08435298874974251,0.059149594152007594,0.22885644774545322,0.8749723434448242,203.20840191841125,6.773613397280375
13280,50,2.7291675781168112e-05,0.43876177660246035,0.1850704699754715,0.020912081003189087,0.20154571533203125,0.1867065131664276,0.031330157071352005,0.0,0.42907249679168064,17.575311581293743,0.7786934127410253,0.05950372644954107,0.07843691110610962,0.05979878330518576,0.23225960778919133,0.8714914321899414,203.51029504934948,6.783676501644982
13300,50,2.7150917437525688e-05,0.43184864065833534,0.39656493067741394,0.04731714352965355,0.36080044507980347,0.38240647315979004,0.07756270468235016,0.0,0.5697091606756052,16.921760479609173,0.7544144789377848,0.0989368340339173,0.12019146233797073,0.06349415307208388,0.24130625296278263,0.8687660694122314,203.811382095019,6.793712736500634
13320,51,2.701040150914547e-05,0.43983201500613683,0.2599189579486847,0.023607339709997177,0.2255237102508545,0.22499065101146698,0.01944086141884327,0.0,0.48358597109715146,16.747387806574505,0.7341984212398529,0.07538919167762453,0.08590914071960883,0.044320673724459164,0.1555389506151683,0.8731129169464111,204.13478912115096,6.804492970705033
13340,51,2.6870129454894455e-05,0.4466493105665506,0.2658440172672272,0.02424304187297821,0.2819827198982239,0.25551506876945496,0.028376756235957146,0.0,0.5082447845488787,18.102473576863606,0.8059448848168055,0.10532256444408135,0.10094629592177543,0.08065609083595601,0.3184186374260621,0.873986005783081,204.4357882420222,6.814526274734074
13360,51,2.6730102731107654e-05,0.4496539845468966,0.2512560188770294,0.035191610455513,0.336631715297699,0.3444245755672455,0.017382508143782616,0.0,0.47885338837901753,17.692227204640705,0.7785986761252085,0.07459282578731125,0.0946789589625868,0.06418177307932638,0.243224832970141,0.878000020980835,204.73850284020105,6.824616761340035
13380,51,2.6590322791573037e-05,0.4375293605883006,0.2879609763622284,0.027243897318840027,0.2606605887413025,0.28810831904411316,0.03131963685154915,0.0,0.4676486098517974,18.205801963806152,0.7997589608033498,0.08370860217308457,0.09165193089707331,0.07088160307400605,0.2730993061241778,0.8742809295654297,205.04008153279622,6.834669384426541
13400,51,2.6450791087516386e-05,0.44524829136276983,0.3532330393791199,0.03261243924498558,0.2659984827041626,0.3079030513763428,0.011928539723157883,0.0,0.4725933192918698,17.88025204340617,0.7766198640068372,0.07578741073269736,0.09249218062243679,0.06518665895485108,0.24605318004879254,0.886737585067749,205.34631093740464,6.8448770312468215
13420,51,2.6311509067586248e-05,0.4428128966629485,0.2423650175333023,0.019033100455999374,0.193192720413208,0.21389786899089813,0.07418172806501389,0.0,0.4537583055595557,17.80538256963094,0.7765998343626658,0.0704800350676206,0.08587916229258884,0.06388191283490001,0.24137349951673637,0.8904414176940918,205.66437935829163,6.855479311943054
13440,51,2.6172478177838898e-05,0.44651385388431036,0.3176113963127136,0.01783531904220581,0.15355944633483887,0.18922987580299377,0.07009508460760117,0.0,0.5153797436505556,17.66040873527527,0.768992284933726,0.08726193307136948,0.10594941980459473,0.06668932960284027,0.2569668189707128,0.8808104991912842,205.96814968983333,6.865604989661111
13460,51,2.603369986172333e-05,0.4395874841081882,0.24927271902561188,0.020654689520597458,0.1814326047897339,0.23225656151771545,0.05219206586480141,0.0,0.45892982246975106,17.762383937835693,0.7773518363634745,0.07229306574233553,0.08676822432740168,0.06316104560921137,0.2449472892013463,0.8805751800537109,206.27078392108282,6.875692797369427
13480,51,2.589517556006628e-05,0.4243206616726939,0.19211702048778534,0.021092534065246582,0.253231942653656,0.24706536531448364,0.02618567645549774,0.0,0.4616963403920333,17.68700337409973,0.7767182836929957,0.07417595124041493,0.08715258005329153,0.060998968303796246,0.23621408006345684,0.8759298324584961,206.57294551928837,6.885764850642946
13500,51,2.5756906711057173e-05,0.4325559945628617,0.30493754148483276,0.02554909884929657,0.22213530540466309,0.24871143698692322,0.0237285066395998,0.0,0.44027407219012576,18.037835518519085,0.7997293670972189,0.07236070118167183,0.08118666691536253,0.06682225010908124,0.2598779044452716,0.8728044033050537,206.8747968395551,6.895826561318503
13520,52,2.5618894750233338e-05,0.433879306233258,0.28650546073913574,0.03139456361532211,0.2428685426712036,0.23541179299354553,0.02635187655687332,0.0,0.4196008772899707,17.862106641133625,0.7936545262734095,0.06237746271389452,0.07626582699065859,0.06403944026202556,0.2420401781247082,0.8752949237823486,207.18776726325353,6.906258908775118
13540,52,2.5481141110465075e-05,0.4354408565989,0.27791914343833923,0.021198345348238945,0.24681591987609863,0.25002896785736084,0.031982045620679855,0.0,0.4284093305468559,18.19852105776469,0.8090067754189173,0.07274296600371599,0.07991050116040489,0.06955056701024825,0.27098394269970333,0.8703727722167969,207.48987936576208,6.916329312192069
13560,52,2.5343647221940628e-05,0.44336765871877953,0.2380790263414383,0.02686537429690361,0.2482450008392334,0.24176999926567078,0.03980523720383644,0.0,0.4377662284920613,17.928622086842854,0.7957253754138947,0.0645901952362196,0.08221628127450292,0.062385866354981605,0.24148977556350557,0.875460147857666,207.79164015054704,6.926388005018234
13580,52,2.5206414512151517e-05,0.45262630945280813,0.3205187916755676,0.02071535587310791,0.16558140516281128,0.19504982233047485,0.12218253314495087,0.0,0.4566650167107582,16.89110040664673,0.7689347664515177,0.07678396288644183,0.08185162361372601,0.045990248218665576,0.16942709126636724,0.8795406818389893,208.09398215214412,6.9364660717381375
13600,52,2.5069444405877637e-05,0.4504295852950824,0.2229788601398468,0.017667585983872414,0.18565088510513306,0.196198508143425,0.02378852292895317,0.0,0.46917587518692017,18.23796073595683,0.8013816028833389,0.07840170956809413,0.09081702315333215,0.07117084993726829,0.2812140505252914,0.876121997833252,208.39609460433323,6.946536486811108
13620,52,2.4932738325172482e-05,0.44199882385011513,0.2479882389307022,0.01716228388249874,0.14563971757888794,0.17036132514476776,0.046529632061719894,0.0,0.45716424596806365,17.91142813364665,0.7874158918857574,0.07395191461017186,0.08691235750236294,0.06268685425377706,0.2380887584506788,0.8723363876342773,208.70379834572475,6.956793278190824
13640,52,2.479629768934837e-05,0.4417461306981112,0.3465414345264435,0.037083160132169724,0.3169132471084595,0.31706833839416504,0.025957366451621056,0.0,0.40841754029194516,17.399447600046795,0.7879645178715388,0.06076151395047253,0.06932900473475456,0.053064780026033986,0.19514496288981967,0.8740150928497314,209.00496470928192,6.966832156976064
13660,52,2.466012391496166e-05,0.43669051546233434,0.3032451272010803,0.021428603678941727,0.24500304460525513,0.26057180762290955,0.015231127850711346,0.0,0.4693092939754327,17.63321566581726,0.7739068021376928,0.08356159798462283,0.08635426431216976,0.05719462633979591,0.21154189918359573,0.8782398700714111,209.3063369870186,6.976877899567286
13680,52,2.45242184157982e-05,0.4234220822232732,0.16201767325401306,0.0216636061668396,0.2145061492919922,0.19669625163078308,0.0029254318214952946,0.0,0.46733397493759793,18.14874045054118,0.796604722738266,0.08405004234307191,0.09035355487669056,0.07210203484547409,0.2878502349961888,0.877741813659668,209.6076736887296,6.986922456290987
13700,52,2.438858260285849e-05,0.4385072187490187,0.3523486852645874,0.028075575828552246,0.21425199508666992,0.23546330630779266,0.03874723240733147,0.0,0.4245039497812589,17.6458527247111,0.7887400637070338,0.06323496320030907,0.07869115167043426,0.061022705800661985,0.23674072706225244,0.8676166534423828,209.90903642177582,6.996967880725861
13720,52,2.425321788434306e-05,0.4372864496844611,0.25200921297073364,0.022128842771053314,0.22924095392227173,0.23772475123405457,0.04980101436376572,0.0,0.5117941591888666,17.163035949071247,0.7502510895331701,0.08454215928742831,0.10287747134200552,0.05405106928876855,0.20683543333275753,0.8765933513641357,210.21630731026332,7.007210243675444
13740,53,2.411812566563791e-05,0.43796882749462485,0.2404140830039978,0.02422235533595085,0.2123643159866333,0.22994039952754974,0.038709260523319244,0.0,0.41774836244682473,17.96434410413106,0.8018380800882975,0.06766068677163938,0.07427887313745239,0.06649560235779393,0.26547720850529993,0.873755931854248,210.5210346500079,7.017367821666929
13760,53,2.3983307349299935e-05,0.4387858807261163,0.28018730878829956,0.036275122314691544,0.18396824598312378,0.15829171240329742,0.0525658018887043,0.0,0.5019067420313755,17.211692253748577,0.7591412961483002,0.08260857809165661,0.0974637373265895,0.060748555083674466,0.2350621617991816,0.8736834526062012,210.82190614938736,7.027396871646245
13780,53,2.3848764335042215e-05,0.4463877281427568,0.31404030323028564,0.022999268025159836,0.2565721273422241,0.23656007647514343,0.03994421288371086,0.0,0.42162096376220387,18.03217275937398,0.8047788689533869,0.06577505670826543,0.07743784954602068,0.06623405249874023,0.25831335833804175,0.875220537185669,211.1224048535029,7.0374134951167635
13800,53,2.371449801971965e-05,0.45070752825367744,0.2720350921154022,0.022289853543043137,0.1836092472076416,0.17091166973114014,0.024103527888655663,0.0,0.4327638217558463,17.758925755818684,0.7902829647064209,0.06617331119592894,0.08059236881407825,0.06026659988459538,0.23318663307211615,0.8723466396331787,211.42278361320496,7.047426120440165
13820,53,2.3580509797314394e-05,0.45855569730778256,0.36401301622390747,0.03467503935098648,0.26469433307647705,0.3213939666748047,0.04675105959177017,0.0,0.4420616738498211,17.683645804723103,0.7886636406183243,0.068978809539906,0.08225841142914513,0.06456218367781151,0.24961115690794858,0.8710305690765381,211.7307028532028,7.057690095106761
13840,53,2.3446801058921346e-05,0.4564054175233527,0.28230875730514526,0.028509054332971573,0.3089730739593506,0.3376111388206482,0.052660442888736725,0.0,0.4388980586081743,18.033310095469158,0.8008770048618317,0.07306747519495813,0.08156194631010294,0.07135397001084956,0.280082788487727,0.8778371810913086,212.03254834016164,7.067751611338721
13860,53,2.3313373192733794e-05,0.45111623904776865,0.32999199628829956,0.020756639540195465,0.21059077978134155,0.21990351378917694,0.021718615666031837,0.0,0.4608437692125638,17.775599161783855,0.7858581691980362,0.07203405236148021,0.08838217900219289,0.06728742517192256,0.25993055545470933,0.8681204319000244,212.33787212371826,7.077929070790609
13880,53,2.3180227584028844e-05,0.4570517870114936,0.29402104020118713,0.024176426231861115,0.22662878036499023,0.19489920139312744,0.023557040840387344,0.0,0.511329647153616,17.09597635269165,0.738445575038592,0.08014171989634633,0.0970975397662683,0.05439069114667787,0.20322707807645202,0.8706254959106445,212.6388422727585,7.08796140909195
13900,53,2.304736561515328e-05,0.44923312686998806,0.2602941393852234,0.0177898071706295,0.14466595649719238,0.1799897402524948,0.02923250012099743,0.0,0.486858665322264,17.48025894165039,0.7635171314080557,0.08175772551277821,0.09131439436565746,0.05517486588426188,0.20095062637913294,0.8697702884674072,212.93913546800613,7.097971182266871
13920,53,2.2914788665509003e-05,0.4431863335221862,0.2029597908258438,0.01607445999979973,0.18162047863006592,0.17751066386699677,0.020947275683283806,0.0,0.47093901224434376,18.03285535176595,0.7901666214068731,0.08327848684381355,0.08882269398732619,0.06775578985583376,0.2653739669106223,0.8739089965820312,213.24542873303096,7.108180957767699
13940,53,2.2782498111538754e-05,0.44676894880538187,0.27272987365722656,0.028081422671675682,0.24582481384277344,0.2898791432380676,0.010756205767393112,0.0,0.46156103536486626,17.79178269704183,0.7810277144114176,0.0800013979896903,0.08500808562067422,0.05831730357286605,0.22169569634239783,0.8696825504302979,213.54551387230555,7.118183795743518
13960,54,2.265049532671189e-05,0.4425058289846597,0.42878592014312744,0.030660923570394516,0.2555088996887207,0.27736204862594604,0.06135745719075203,0.0,0.45917841978371143,17.759801546732586,0.7836889823277792,0.07428501440550793,0.08916211924092336,0.06091559612700208,0.2312445097010244,0.8679904937744141,213.85350352923075,7.128450117641025
13980,54,2.2518781681510133e-05,0.4246001565261194,0.22434794902801514,0.012413064017891884,0.10422831773757935,0.13525614142417908,0.0357343889772892,0.0,0.42227416050930816,18.148813247680664,0.8069981932640076,0.07293560542166233,0.07657573626122692,0.07084525562822819,0.27781624626368284,0.8674936294555664,214.15466047525405,7.138488682508469
14000,54,2.238735854341319e-05,0.42144212694238814,0.2323342263698578,0.027553439140319824,0.26400619745254517,0.25368133187294006,0.03837329521775246,0.0,0.4681851329902808,17.424928108851116,0.7664738694826762,0.07898437269878658,0.08394745830446482,0.05226140271406621,0.18689031547612764,0.8719086647033691,214.45565218130747,7.148521739376916
14020,54,2.2256227276884712e-05,0.4319169187450763,0.2924460470676422,0.02564963325858116,0.18131834268569946,0.190206378698349,0.00477188266813755,0.0,0.4463866197814544,17.90917174021403,0.7926002144813538,0.07330824303525416,0.08286149266429922,0.06645387085154653,0.2582773032852195,0.8712441921234131,214.7632066130638,7.1587735537687935
14040,54,2.2125389243358136e-05,0.42943313602801736,0.33984488248825073,0.0254480242729187,0.22514504194259644,0.23980771005153656,0.044783394783735275,0.0,0.4653768601516883,17.024739980697632,0.7576324741045634,0.07634601869027723,0.08067832429977981,0.04689986961734989,0.1667190682386387,0.8741085529327393,215.0637435555458,7.1687914518515266
14060,54,2.1994845801222378e-05,0.427822194451479,0.2630912959575653,0.03489939868450165,0.23011058568954468,0.2621043920516968,0.009321166202425957,0.0,0.5137898052732149,17.773634274800617,0.7808081855376562,0.08975256928666071,0.1033447804776105,0.06700244399888272,0.2558390121399002,0.8763020038604736,215.36416021982828,7.178805340660943
14080,54,2.1864598305807905e-05,0.4378324172996956,0.36556702852249146,0.0392335020005703,0.2773882746696472,0.3390269875526428,0.0802861899137497,0.0,0.46528597610692185,17.996027151743572,0.7908777644236883,0.07065587905658917,0.0906421843577515,0.06597881088964641,0.25620599590580573,0.8749818801879883,215.66492794354755,7.1888309314515855
14100,54,2.1734648109372606e-05,0.44171005680683756,0.27382469177246094,0.014773073606193066,0.14014357328414917,0.1599321812391281,0.04980029538273811,0.0,0.4790049313257138,17.908194065093994,0.7879262814919153,0.08043180025097998,0.09397134125571359,0.06831989176994697,0.2620654522695325,0.8718574047088623,215.965984471639,7.198866149054633
14120,54,2.160499656108772e-05,0.4424243257045472,0.36788976192474365,0.03312739357352257,0.18132764101028442,0.221248060464859,0.09814884513616562,0.0,0.44575254308680695,17.88224784533183,0.7867232809464136,0.06831369841132652,0.08286073939366774,0.06485290607881987,0.24749165604060347,0.8666155338287354,216.2768179734548,7.209227265781826
14140,54,2.147564500702389e-05,0.4421790789185958,0.35927990078926086,0.027302738279104233,0.14930641651153564,0.1748555302619934,0.07394186407327652,0.0,0.4257859345525503,18.306578556696575,0.8144630541404089,0.07356421894986521,0.07887970690022815,0.07528215773742307,0.2970052503726699,0.885638952255249,216.57809373935063,7.219269791311688
14160,55,2.1346594790137077e-05,0.44917262306230216,0.24440042674541473,0.016832418739795685,0.18069887161254883,0.16946572065353394,0.011107144877314568,0.0,0.5117915843923887,17.439789930979412,0.7651903380950292,0.08028905533931473,0.10274833610112016,0.06073754930614748,0.23771074016324498,0.9278576374053955,216.9087834437688,7.230292781458961
14180,55,2.12178472502548e-05,0.4425671288179791,0.31200531125068665,0.023525595664978027,0.24750876426696777,0.2662748694419861,0.03705818951129913,0.0,0.4829031378030777,17.980523268381756,0.7880076368649801,0.08414507877420295,0.09583527645604177,0.0660373813218691,0.26190297872844065,0.9022877216339111,217.23209752241772,7.241069917413924
14200,55,2.1089403724062083e-05,0.437892685840629,0.2307967096567154,0.027270179241895676,0.2604294419288635,0.26474493741989136,0.04030889645218849,0.0,0.4556488624463479,17.48031735420227,0.7668422510226568,0.06339006223292513,0.08780340105295181,0.05492254950910468,0.2134822765365243,0.9015226364135742,217.5424114425977,7.251413714753257
14220,55,2.0961265545087548e-05,0.43412074785196714,0.1666232943534851,0.015448525547981262,0.19770264625549316,0.17524278163909912,0.016808124259114265,0.0,0.5039426529159149,17.464289903640747,0.7622728149096171,0.0806154419075359,0.10362195934761655,0.056878974830562416,0.21753416117280722,0.8731777667999268,217.85658804972965,7.261886268324322
14240,55,2.0833434043689708e-05,0.43240436165545454,0.27775588631629944,0.019176214933395386,0.18679702281951904,0.21270161867141724,0.053470678627491,0.0,0.4442650930335124,17.772406737009685,0.7778361290693283,0.06379550576887348,0.08462949393486435,0.057922023560174486,0.22579970930448987,0.865814208984375,218.1567658583323,7.2718921952777436
14260,55,2.0705910547043064e-05,0.4275223308536481,0.19586771726608276,0.0212172232568264,0.20835012197494507,0.2288740873336792,0.04319468513131142,0.0,0.45800164466102916,18.09191608428955,0.7918452968200048,0.07407186557115479,0.09025802099230615,0.06757960151034323,0.26537719690664247,0.8689322471618652,218.4567811369896,7.28189270456632
14280,55,2.0578696379124333e-05,0.4333297725522963,0.29665160179138184,0.03150799497961998,0.27305132150650024,0.31061312556266785,0.04132905974984169,0.0,0.528294250369072,17.193973779678345,0.7619705100854238,0.08191014868630604,0.11282786371355707,0.059420579875057396,0.22952476482499728,0.872730016708374,218.75664612849553,7.291888204283184
14300,55,2.0451792860698734e-05,0.4324588851005109,0.32823190093040466,0.028151139616966248,0.2124232053756714,0.23277908563613892,0.05862625315785408,0.0,0.4522412121295929,17.591632604599,0.7713876217603683,0.06610424562611363,0.08675149040804668,0.05688385053707117,0.22200054734606633,0.8773884773254395,219.05710965394974,7.301903655131658
14320,55,2.032520130930624e-05,0.42921929744876475,0.3331359922885895,0.031370215117931366,0.25448358058929443,0.21970129013061523,0.029874231666326523,0.0,0.4643847147623698,17.87705095609029,0.7837491085131963,0.07813831410286101,0.0897435766898773,0.06525654845278371,0.2564592217518525,0.8736445903778076,219.36451187531154,7.312150395843718
14340,55,2.0198923039247912e-05,0.4394058079533154,0.2517021596431732,0.026989532634615898,0.24690431356430054,0.2693570852279663,0.09468584507703781,0.0,0.48304325466354686,17.87333623568217,0.7798120975494385,0.08034364210272377,0.09542432910000737,0.06402167025953531,0.2535102551972324,0.8716857433319092,219.67135959068935,7.322378653022978
14360,55,2.0072959361572294e-05,0.43511272251918226,0.23605455458164215,0.02147052437067032,0.16637027263641357,0.1827874630689621,0.03423229232430458,0.0,0.49673114034036797,17.39961012204488,0.7561136856675148,0.08029099807820538,0.09775901721282439,0.05577755571258339,0.22386853727088732,0.8907506465911865,219.97316552003224,7.332438850667741
14380,56,1.994731158406166e-05,0.4334456615339489,0.194314643740654,0.02062620036303997,0.20301401615142822,0.20153725147247314,0.03700388967990875,0.0,0.4650683992852767,17.9842791557312,0.7865386456251144,0.07889363703063944,0.08918373599987138,0.06468485062941909,0.26145071468570014,0.8725547790527344,220.2788471341133,7.342628237803777
14400,56,1.9821981011218673e-05,0.431276419920485,0.26380982995033264,0.029341384768486023,0.16775023937225342,0.18259136378765106,0.04500714689493179,0.0,0.4721750921259324,17.931134462356567,0.785850261648496,0.08018865436315536,0.09169102129949765,0.06595071997832168,0.2638663634319197,0.8720200061798096,220.5802216331164,7.352674054437213
14420,56,1.9696968944252645e-05,0.43782342959761245,0.2090182900428772,0.01835453324019909,0.21240675449371338,0.21708552539348602,0.0188370980322361,0.0,0.45033060883482295,17.710792620976765,0.7859511723121008,0.07485601771622896,0.08414695970714092,0.0611940830713138,0.24139076547527855,0.8727555274963379,220.88699016968408,7.362899672322803
14440,56,1.9572276681066057e-05,0.43651041807655117,0.2650677561759949,0.026230189949274063,0.21391230821609497,0.23764190077781677,0.060438692569732666,0.0,0.5126746868093809,17.817128737767536,0.7807334909836451,0.08930631413717162,0.10322304434058341,0.06783722362227061,0.27046309199861507,0.8837146759033203,221.1936927596728,7.373123091989093
14460,56,1.944790551624117e-05,0.42596942419913786,0.17802467942237854,0.01566087082028389,0.16276121139526367,0.15337026119232178,0.00929607730358839,0.0,0.4779780115932226,17.455925226211548,0.7625179514288902,0.0744338867847215,0.09178619501604275,0.05634876560758461,0.22308383831246334,0.9175589084625244,221.50682964324952,7.383560988108317
14480,56,1.9323856741026516e-05,0.4383247887006252,0.28535521030426025,0.02085326611995697,0.15065336227416992,0.15479928255081177,0.03556046634912491,0.0,0.44327215664088726,17.750033855438232,0.7780865679184595,0.06874547187577594,0.08146442879330028,0.05963123966516419,0.2391497100788084,0.9178578853607178,221.8231960495313,7.394106534984377
14500,56,1.92001316433235e-05,0.4309743845175114,0.25335896015167236,0.01865772157907486,0.1852625012397766,0.21241232752799988,0.04305943846702576,0.0,0.4406050120790799,17.906864086786907,0.7896506587664286,0.07451882255686955,0.08173540505495938,0.0641021039548584,0.2554445282810114,0.9056131839752197,222.13855157295862,7.404618385765287
14520,56,1.9076731507673047e-05,0.42717183559328986,0.3756641447544098,0.032088227570056915,0.23413628339767456,0.2345627248287201,0.020682262256741524,0.0,0.4643836884448926,18.098082145055134,0.7952402879794439,0.08340955483303829,0.09083811938762665,0.07117601797323335,0.2849393468350172,0.9100322723388672,222.45902144908905,7.415300714969635
14540,56,1.8953657615242243e-05,0.4322090736155576,0.23710837960243225,0.02220994606614113,0.241627037525177,0.2802727222442627,0.02985960803925991,0.0,0.4418475727240245,17.902667999267578,0.7844820072253545,0.06848910374736245,0.08407970187677578,0.06262552564625036,0.2513446072963151,0.9173374176025391,222.77279570500056,7.425759856833352
14560,56,1.883091124381106e-05,0.43149319512731504,0.3481830656528473,0.021757781505584717,0.2015501856803894,0.23908421397209167,0.044133782386779785,0.0,0.4384893750150998,17.606047471364338,0.7792260746161143,0.06852877978235483,0.08029934425245631,0.057259541491723874,0.22808148034594275,0.9146914482116699,223.08603804111482,7.43620126803716
14580,56,1.8708493667759074e-05,0.43375700897088765,0.2455018013715744,0.02196573279798031,0.23959112167358398,0.2141549289226532,0.07648860663175583,0.0,0.4990345599750678,17.619360367457073,0.7758679340283076,0.08819677418267186,0.0994372878392989,0.06422536477277224,0.25564804588529194,0.9334638118743896,223.3994079788526,7.446646932628419
14600,57,1.858640615805222e-05,0.44067806597481957,0.21643774211406708,0.018833866342902184,0.2350177764892578,0.23046493530273438,0.017394578084349632,0.0,0.4762424634148677,17.553857564926147,0.7678970545530319,0.07501143699681218,0.09170521304688671,0.060468748614022676,0.2411209007894451,0.8789324760437012,223.70979982614517,7.456993327538172
14620,57,1.846464998222964e-05,0.44375482708105124,0.3583328127861023,0.035151973366737366,0.26456522941589355,0.27324506640434265,0.035247962921857834,0.0,0.5068674727032582,17.195913791656494,0.7540434673428535,0.0802734274925156,0.10068390907889063,0.05620080528950149,0.22381260483102364,0.8862872123718262,224.0197278181712,7.467324260605706
14640,57,1.8343226404390455e-05,0.43698964631144843,0.2873185873031616,0.026783686131238937,0.27200132608413696,0.25377151370048523,0.03598964586853981,0.0,0.4541891925036907,17.637193600336712,0.7722978591918945,0.07190132953903892,0.08423640621318058,0.056572507304901425,0.22935807696458968,0.8791823387145996,224.32246125936507,7.4774153753121695
14660,57,1.8222136685180697e-05,0.4303534131729024,0.18313665688037872,0.012617538683116436,0.14091843366622925,0.17890726029872894,0.03823563829064369,0.0,0.4498522076755762,17.926482756932575,0.7874568005402883,0.07437181972305883,0.0840984842824665,0.06590323442254555,0.26703879914500495,0.8809077739715576,224.62497727473576,7.487499242491192
14680,57,1.8101382081780262e-05,0.4321027897619975,0.26165449619293213,0.017207559198141098,0.16439712047576904,0.1831238865852356,0.021946053951978683,0.0,0.4659636045495669,17.761684894561768,0.776052122314771,0.07457277915355834,0.0887951964343136,0.06203302101824771,0.24923675862902944,0.8758742809295654,224.92700817982356,7.497566939327452
14700,57,1.798096384788971e-05,0.4394934719187965,0.4624055027961731,0.05064091086387634,0.19850295782089233,0.24253782629966736,0.11179164052009583,0.0,0.5007110238075256,17.463537216186523,0.7684574549396833,0.08145552365617319,0.10014395999976179,0.06101860763208771,0.24128955759277398,0.8782072067260742,225.2280837615331,7.507602792051103
14720,57,1.7860883233717384e-05,0.43846927483251785,0.28068840503692627,0.028726210817694664,0.1632775068283081,0.1764715164899826,0.02623644471168518,0.0,0.47872392398615676,17.51467188199361,0.7671497638026873,0.07633925127712163,0.09305999402634123,0.05866163871806665,0.22666535892163997,0.8731017112731934,225.5361231525739,7.517870771752463
14740,57,1.7741141485966387e-05,0.4563868124332405,0.3085289001464844,0.030369680374860764,0.2215314507484436,0.2607678771018982,0.010897314175963402,0.0,0.4639117283125718,17.761642853418987,0.7785520702600479,0.07129912433976476,0.0884541580453515,0.06312978245974095,0.24667385787787763,0.8767826557159424,225.83752855062485,7.527917618354161
14760,57,1.7621739847821638e-05,0.4496368478775725,0.20776981115341187,0.013129706494510174,0.13942080736160278,0.16236363351345062,0.04804360866546631,0.0,0.4239950217306614,17.939451456069946,0.7962015022834142,0.06607024549421939,0.07766281085258181,0.06310002391480586,0.24750557008453392,0.874293327331543,226.13886429866156,7.537962143288718
14780,57,1.750267955893695e-05,0.45291963687884745,0.21211199462413788,0.02270272932946682,0.22225528955459595,0.24512875080108643,0.012942258268594742,0.0,0.472293629621466,17.515449444452923,0.7623095462719599,0.07193192793056369,0.08997432887554169,0.05836286753500727,0.22994009574705904,0.8833200931549072,226.44117896556855,7.548039298852284
14800,58,1.7383961855422194e-05,0.4476417016824811,0.31913527846336365,0.03270139917731285,0.26172274351119995,0.2618558406829834,0.03133535012602806,0.0,0.44709086107711,18.25501283009847,0.8029179126024246,0.07751851097087968,0.08498633652925491,0.0703658674928275,0.2780917371538552,0.8725264072418213,226.7469430009524,7.55823143336508
14820,58,1.7265587969830414e-05,0.44168027946551847,0.30308833718299866,0.02899828553199768,0.24904555082321167,0.2537270486354828,0.0526772141456604,0.0,0.47329793870449066,17.599570910135906,0.7685683866341909,0.07640950635752895,0.09051459976895289,0.06314686891114847,0.2480730735273524,0.8709924221038818,227.05918157895405,7.5686393859651355
14840,58,1.7147559131145115e-05,0.4247609868288907,0.29492688179016113,0.018134355545043945,0.21274280548095703,0.2189635932445526,0.020781008526682854,0.0,0.4537377518912156,18.203728993733723,0.7974658707777659,0.08006553267213432,0.08575133860788563,0.07268337592143904,0.2893748012456027,0.8691298961639404,227.36001011133195,7.578667003711065
14860,58,1.702987656476737e-05,0.4273563824388911,0.2823023200035095,0.021616753190755844,0.18255645036697388,0.21894411742687225,0.01739204302430153,0.0,0.4126506205648184,18.08269540468852,0.8041779845952988,0.06522641178559173,0.07605695216493173,0.0649834822186015,0.2568654729561372,0.9036290645599365,227.66126020352047,7.588708673450682
14880,58,1.691254149250323e-05,0.4318457239189491,0.1922227442264557,0.012227006256580353,0.14523917436599731,0.17129281163215637,0.026032740250229836,0.0,0.49382416034738225,18.061423619588215,0.7959013531605402,0.08921077305620367,0.10016582008789886,0.07149017953567884,0.27998810837214644,0.9324595928192139,227.96412334044774,7.598804111348258
14900,58,1.679555513255103e-05,0.43369407840446067,0.19902169704437256,0.039147038012742996,0.277737021446228,0.2847689986228943,0.010645542293787003,0.0,0.47348360903561115,17.18244441350301,0.7443871175249418,0.06611000890420242,0.09013821819627826,0.056121197222224015,0.22342591944404624,0.9196627140045166,228.2799190044403,7.609330633481344
14920,58,1.667891869948859e-05,0.4249415861423907,0.23312489688396454,0.02517377957701683,0.22273707389831543,0.20807920396327972,0.08751178532838821,0.0,0.47238808621962863,17.987573464711506,0.790114089846611,0.0838335312225602,0.09302477284588596,0.06749115655706688,0.2629039959812706,0.9075841903686523,228.60270915428796,7.6200903051429325
14940,58,1.656263340426079e-05,0.43664461790873216,0.2614672780036926,0.014947439543902874,0.17112547159194946,0.19234149158000946,0.03998687118291855,0.0,0.4368575159460306,17.73892617225647,0.782699873050054,0.06364370670846918,0.08285097151317379,0.06050839607434517,0.23750257458199153,0.918071985244751,228.9168757359187,7.630562524530623
14960,58,1.6446700454166892e-05,0.43403188115036445,0.22744682431221008,0.02309165522456169,0.2839987874031067,0.2765200436115265,0.01483575627207756,0.0,0.4771295264363289,17.85591260592143,0.7810919135808945,0.07743546917018565,0.09481393020938743,0.06317692374895242,0.2463406937366182,0.908503532409668,229.23137486378351,7.641045828792784
14980,58,1.6331121052848054e-05,0.42979009508313754,0.2698489725589752,0.034675516188144684,0.3066321015357971,0.31576699018478394,0.01299058273434639,0.0,0.4476439965267976,17.986836036046345,0.7918719599644343,0.07395383190702308,0.08569230173121799,0.06660512932152911,0.25963918018070137,0.981205940246582,229.5476480046908,7.651588266823027
15000,58,1.62158964002748e-05,0.43365521580363287,0.2174476534128189,0.020274629816412926,0.1938103437423706,0.19641146063804626,0.018839247524738312,0.0,0.445685609554251,17.59054732322693,0.7791080524524053,0.06876373968341133,0.08411365357989614,0.06266247472641143,0.244470296850936,0.918431282043457,229.8797445654869,7.662658152182897
15020,59,1.6101027692734567e-05,0.4301762585856846,0.46945756673812866,0.05699343979358673,0.20873045921325684,0.18453030288219452,0.037324290722608566,0.0,0.4689301072309415,17.852997541427612,0.7834889342387518,0.07714065291326154,0.09211074467748404,0.06552274884994734,0.2543785350227898,0.9101965427398682,230.20261501073838,7.673420500357945
15040,59,1.598651612281931e-05,0.43549845307954593,0.2869037687778473,0.03729260712862015,0.32111668586730957,0.33091747760772705,0.039526522159576416,0.0,0.4351497162133455,18.182845671971638,0.7985413670539856,0.06608085071837361,0.08400317154486071,0.0667100382799452,0.2572239984504201,0.8962392807006836,230.51256167491277,7.683752055830426
15060,59,1.5872362879413116e-05,0.4305661812530042,0.20355133712291718,0.014808325096964836,0.18332964181900024,0.20707225799560547,0.042766962200403214,0.0,0.44475744167963666,18.02602179845174,0.7867168933153152,0.0688993889330463,0.08523889918896285,0.06619683240370994,0.2545358072966337,0.8875274658203125,230.82032747268676,7.694010915756226
15080,59,1.5758569147679795e-05,0.4294096448093834,0.30862975120544434,0.030249249190092087,0.29317063093185425,0.29193025827407837,0.026948926970362663,0.0,0.4281933518747489,18.280115922292072,0.8026657104492188,0.06929846074093472,0.08018590128895911,0.07000501263378696,0.27021209709346294,0.8854498863220215,231.12687263091405,7.704229087697135
15100,59,1.5645136109050653e-05,0.425324867194006,0.3182884156703949,0.03963741660118103,0.330666720867157,0.3148195743560791,0.03634222224354744,0.0,0.45735953375697136,18.178340673446655,0.7951653798421224,0.07477785308252681,0.08879101081666621,0.06944109977815639,0.26686264743859117,0.8869848251342773,231.4339478413264,7.7144649280442135
15120,59,1.5532064941212272e-05,0.42823477416330114,0.3706301748752594,0.039434485137462616,0.3514487147331238,0.35180148482322693,0.038209520280361176,0.0,0.44506230019032955,18.104853709538776,0.7970191985368729,0.07297992604700002,0.08506913440810009,0.06775007934563539,0.26068253036249767,0.8957405090332031,231.74847943782805,7.7249493145942685
15140,59,1.5419356818094097e-05,0.4265048268512675,0.2384345680475235,0.01797426864504814,0.20105361938476562,0.20500990748405457,0.06905905902385712,0.0,0.43705503828823566,18.001918236414593,0.7973297735055288,0.06834738214754245,0.08311956172639673,0.06529793858697469,0.2514585828916593,0.890467643737793,232.0563626766205,7.735212089220683
15160,59,1.5307012909856426e-05,0.4363768745819543,0.22502194344997406,0.022139355540275574,0.26616549491882324,0.24458801746368408,0.03745005279779434,0.0,0.4456256404519081,17.6256841023763,0.7781038880348206,0.06515207823196595,0.08440707480026917,0.06032218479297378,0.23228260984813626,0.8900554180145264,232.363667567571,7.745455585585701
15180,59,1.5195034382878207e-05,0.43194966799244977,0.3235180974006653,0.03728225454688072,0.2512959837913513,0.24258200824260712,0.013914595358073711,0.0,0.44405503881474334,17.858834981918335,0.7857997914155325,0.06869816162030805,0.08312840590422804,0.06599910485304215,0.25536277145147324,0.8914463520050049,232.67125169038772,7.755708389679591
15200,59,1.5083422399744893e-05,0.4359338239812957,0.22545225918293,0.01994314417243004,0.1598668098449707,0.17082616686820984,0.015408992767333984,0.0,0.4502347024778525,18.14367437362671,0.7927873382965723,0.07051827419887889,0.08636829223145139,0.06793666647916491,0.2625143245201219,0.892117977142334,232.97886483669282,7.765962161223094
15220,59,1.4972178119236405e-05,0.4373336606329869,0.2588072717189789,0.023842167109251022,0.27484554052352905,0.2753964066505432,0.07410058379173279,0.0,0.40454248897731304,17.947574138641357,0.8025688081979752,0.05877282605929808,0.07209385389631445,0.0644914190792902,0.2499374564398419,0.893303394317627,233.29225128094356,7.776408376031452
15240,60,1.4861302696315113e-05,0.44236360560722465,0.3657356798648834,0.040485382080078125,0.2584105134010315,0.29340219497680664,0.03172308951616287,0.0,0.4797872956842184,18.124126434326172,0.788838654756546,0.07910935995592312,0.09571395585821434,0.06865389086306095,0.2657345358959653,0.8882379531860352,233.60230176051456,7.7867433920171525
15260,60,1.4750797282113808e-05,0.43763957054986224,0.2525314688682556,0.01834626868367195,0.11032348871231079,0.11677771806716919,0.019929591566324234,0.0,0.4613590519875288,17.486540873845417,0.7652081524332365,0.06411830081858418,0.08855280915105884,0.05832752648910338,0.2241029151800004,0.8948314189910889,233.90901070435842,7.796967023478614
15280,60,1.4640663023923789e-05,0.4365298510425087,0.3234015703201294,0.02252425253391266,0.23110687732696533,0.2147405445575714,0.020643217489123344,0.0,0.4392486537496249,17.742316166559856,0.7874899258216222,0.06558984509584578,0.0824311494149945,0.06282274979590015,0.24180253645913166,0.8984925746917725,234.21661137342454,7.807220379114151
15300,60,1.4530901065182874e-05,0.4338165717390543,0.3474254310131073,0.039175085723400116,0.2212398648262024,0.2055675983428955,0.07997706532478333,0.0,0.4450976134588321,18.24050172170003,0.8015327652295431,0.07424295321106911,0.08388598534193906,0.07263904886150901,0.2837171739136631,0.8801283836364746,234.52700335184733,7.817566778394911
15320,60,1.442151254546368e-05,0.42609520495352693,0.2102028876543045,0.01936313323676586,0.22527754306793213,0.19011947512626648,0.012794752605259418,0.0,0.45639588000873726,18.22619144121806,0.79737056295077,0.07390471276911822,0.08818031077019194,0.06963500795377926,0.2716212199831551,0.8791494369506836,234.83773234287898,7.827924411429299
15340,60,1.4312498600461653e-05,0.4258317465225956,0.2941143214702606,0.026837971061468124,0.18953204154968262,0.18536996841430664,0.07157261669635773,0.0,0.49030026607215405,17.93139847119649,0.7791119813919067,0.07862006390297954,0.09718304576182907,0.06828074318102816,0.26920192688703537,0.9291765689849854,235.1485766808192,7.83828588936064
15360,60,1.420386036198329e-05,0.4305094695913444,0.22632738947868347,0.024412726983428,0.2596728801727295,0.25661319494247437,0.0063551440834999084,0.0,0.4372473613669475,17.65967043240865,0.7786070009072622,0.06524443143809383,0.07947636895220388,0.061549061803485856,0.24162495237859813,0.9320662021636963,235.46381316184997,7.848793772061666
15380,60,1.4095598957934448e-05,0.43682648074523345,0.2732202410697937,0.03178611025214195,0.27295535802841187,0.2740984559059143,0.07028691470623016,0.0,0.4787742607295513,17.966500679651897,0.786137710014979,0.08358728182925419,0.09391524591906504,0.06751970138231461,0.2618480424650691,0.9298074245452881,235.78558045228323,7.8595193484094406
15400,60,1.3987715512308655e-05,0.4439167063293245,0.2799378037452698,0.02391940727829933,0.18741053342819214,0.2133578658103943,0.030941640958189964,0.0,0.42987713776528835,17.93891779581706,0.7960495005051295,0.0673669922080907,0.07931932248175144,0.06829375151375477,0.26441381753168325,0.9266698360443115,236.10732143719991,7.870244047906664
15420,60,1.3880211145175311e-05,0.438170742678838,0.18581445515155792,0.01820145919919014,0.16772186756134033,0.2153404951095581,0.012299974448978901,0.0,0.47565850615501404,17.472217480341595,0.7692388196786245,0.07756189874966037,0.09118738084692847,0.06473821611143649,0.24824514002962547,0.9182162284851074,236.4396594087283,7.881321980290942
15440,60,1.3773086972668185e-05,0.4338021488767393,0.2080361247062683,0.018684115260839462,0.17043179273605347,0.2151973694562912,0.012068652547895908,0.0,0.46501379646360874,18.366012891133625,0.8074839611848196,0.087481495924294,0.0889407911083915,0.0775232074612921,0.30149536291983997,0.9007799625396729,236.75788475275039,7.891929491758346
15460,61,1.3666344106973777e-05,0.4277662621749711,0.29005736112594604,0.02008271962404251,0.19952768087387085,0.20172318816184998,0.07440648972988129,0.0,0.4680138472467661,18.12146496772766,0.7957611481348673,0.07967356795614416,0.09146313987333667,0.07083776030181484,0.27396465245295654,0.8997452259063721,237.09902121623358,7.903300707207785
15480,61,1.3559983656319777e-05,0.4130955588625289,0.20579610764980316,0.019077720120549202,0.16677820682525635,0.18121179938316345,0.011257767677307129,0.0,0.4389146895458301,18.07777253786723,0.796818753083547,0.07075358453122052,0.08180014425042001,0.06935546208511699,0.2690231427550316,0.8922348022460938,237.413645474116,7.913788182470533
15500,61,1.345400672496357e-05,0.4213815747876004,0.2309313267469406,0.01901717483997345,0.1626187562942505,0.2043483704328537,0.04933781921863556,0.0,0.45718119541804,18.137624740600586,0.7982495874166489,0.07931149954145605,0.08722929521040483,0.07328241085633636,0.28434546173296193,0.8706250190734863,237.7200220545133,7.924000735150443
15520,61,1.3348414413180699e-05,0.41929436607878745,0.25952500104904175,0.02619016170501709,0.2596055865287781,0.2380366176366806,0.014178125187754631,0.0,0.4915399197489023,17.822723468144734,0.7849745601415634,0.08266921299086376,0.09840324597263878,0.0703673400408165,0.27126881429417565,0.8750905990600586,238.0287457148234,7.934291523827447
15540,61,1.3243207817253598e-05,0.421288698193477,0.23060964047908783,0.024400945752859116,0.27786314487457275,0.26691681146621704,0.03724181279540062,0.0,0.4202241400877635,17.89610020319621,0.7929030905167261,0.0633352268487215,0.07605576582930305,0.06699528557841074,0.26024214703251014,0.8825547695159912,238.33138124545414,7.944379374848472
15560,61,1.3138388029460063e-05,0.4336482785516661,0.2639751732349396,0.028755806386470795,0.23839503526687622,0.23530206084251404,0.051289740949869156,0.0,0.4437120084961255,17.943460941314697,0.789858028292656,0.07163564598357136,0.08225451850078323,0.0680107042955404,0.2629819309169596,0.8673341274261475,238.6333819826444,7.954446066088146
15580,61,1.303395613806195e-05,0.43427682923542416,0.3022196292877197,0.04062825068831444,0.3184208273887634,0.36576852202415466,0.04580952972173691,0.0,0.4897854533046484,17.811964909235638,0.7790499304731687,0.08194104726002975,0.09647690513255922,0.06923358108509671,0.267233588478782,0.8695845603942871,238.9344933072726,7.96448311024242
15600,61,1.2929913227293905e-05,0.43448489669737234,0.24574948847293854,0.024056848138570786,0.2574935555458069,0.26401978731155396,0.03868931904435158,0.0,0.5016770971318086,17.48107655843099,0.7630665500958761,0.07672033374282447,0.1002598659728061,0.0633934038606557,0.24144416353241963,0.8735640048980713,239.23601762453714,7.974533920817905
15620,61,1.282626037735211e-05,0.43178687002902905,0.2822279930114746,0.025356777012348175,0.2745921015739441,0.2761506736278534,0.04133289307355881,0.0,0.48319463928540546,17.55115270614624,0.762756310403347,0.07003207703713667,0.09473880702121691,0.059663928135044196,0.2240625766359947,0.8720729351043701,239.54394747813544,7.984798249271181
15640,61,1.272299866438303e-05,0.4253198018562671,0.22610381245613098,0.019318891689181328,0.18699276447296143,0.17333877086639404,0.012505782768130302,0.0,0.4574628546833992,18.131341457366943,0.7935939828554789,0.07137985104186968,0.08887560784139416,0.06799725335176018,0.2630173514851115,0.8744492530822754,239.84467007319134,7.994822335773044
15660,62,1.262012916047227e-05,0.4215890988042692,0.2479347139596939,0.024462483823299408,0.18215727806091309,0.21370981633663177,0.04783196747303009,0.0,0.4390814571330945,18.029869715372723,0.7934726923704147,0.06667253544384782,0.083404358307069,0.06592416627840562,0.2537426080724055,0.8732714653015137,240.15143155654272,8.005047718551424
15680,62,1.2517652933633424e-05,0.43195634323286647,0.2540125548839569,0.025472551584243774,0.25791633129119873,0.25340139865875244,0.05797695368528366,0.0,0.43462778876225155,17.688551743825276,0.7845574617385864,0.063770868180489,0.08133565532890233,0.0613343469502235,0.23408433502878656,0.8672494888305664,240.4534663160642,8.015115543868806
15700,62,1.2415571047797011e-05,0.4291499868322773,0.26729077100753784,0.022945504635572433,0.2228873372077942,0.24720749258995056,0.0232950858771801,0.0,0.5105813549210628,17.543675899505615,0.780654196937879,0.08803212371739474,0.10360041827979413,0.06797790180214426,0.2603813290426677,0.8737068176269531,240.75563850800197,8.025187950266732
15720,62,1.2313884562799421e-05,0.4437679649328631,0.2648579478263855,0.014798998832702637,0.1529836654663086,0.1792270839214325,0.04254116863012314,0.0,0.4224187396466732,18.039471944173176,0.800509641567866,0.06571857766671614,0.0792006521739743,0.0640431072414768,0.24848398617045445,0.86849045753479,241.06348462502163,8.03544948750072
15740,62,1.2212594534371859e-05,0.4492700184821079,0.2988269329071045,0.03782873600721359,0.2719087600708008,0.28601059317588806,0.08183680474758148,0.0,0.47043302841484547,18.016326665878296,0.7986467480659485,0.08052172719246962,0.0934286725453355,0.07115938332439824,0.27568120297721843,0.872291088104248,241.36492592891057,8.045497530963686
15760,62,1.2111702014129513e-05,0.436544278680197,0.3370878994464874,0.023061435669660568,0.13236480951309204,0.16947221755981445,0.0271957628428936,0.0,0.4642802036056916,18.00377090771993,0.7934003919363022,0.07420508461919698,0.09153929217295213,0.06941843790594827,0.26636998795650224,0.8738183975219727,241.66660308043163,8.055553436014387
15780,62,1.2011208049560495e-05,0.44168331906564856,0.2909652590751648,0.024908527731895447,0.2461361289024353,0.22211413085460663,0.018986253067851067,0.0,0.5026275627315044,17.60995626449585,0.7819694528977076,0.08072679328986189,0.10322811513800513,0.06874705076386983,0.2617128786884926,0.8736910820007324,241.9680281241735,8.06560093747245
15800,62,1.1911113684015027e-05,0.44409207685228036,0.24346157908439636,0.021429356187582016,0.19907736778259277,0.23429736495018005,0.01868371292948723,0.0,0.4666805857171615,18.05040701230367,0.7938511967658997,0.0738810964606025,0.09283457645638422,0.06885846022685821,0.2657820326699452,0.8768136501312256,242.26982214053473,8.075660738017824
15820,62,1.1811419956694622e-05,0.4393691097256688,0.2813163101673126,0.015348445624113083,0.151586651802063,0.17142844200134277,0.05865219235420227,0.0,0.4186280785749356,18.443408409754436,0.8128556658824285,0.06877357538112185,0.07612052949314768,0.07233157593079588,0.2819808069616556,0.8772127628326416,242.5811700661977,8.08603900220659
15840,62,1.171212790264129e-05,0.43068103776594413,0.2986091077327728,0.02278830111026764,0.16600292921066284,0.2142271101474762,0.06174149736762047,0.0,0.4232017459968726,18.407063166300457,0.8105939577023188,0.07162868604063988,0.07698177800259808,0.07334345498714935,0.2844333237206394,0.9176714420318604,242.88563205401104,8.0961877351337
15860,62,1.1613238552726754e-05,0.4242979681796456,0.28803545236587524,0.028229545801877975,0.18001896142959595,0.18253397941589355,0.014009128324687481,0.0,0.42367814170817536,18.051383415857952,0.7990770439306895,0.0664286134256558,0.07832699370655147,0.06766332914544777,0.25962183853103354,0.8929107189178467,243.19974515040715,8.10665817168024
15880,63,1.1514752933641802e-05,0.4225424898271581,0.24992142617702484,0.027910858392715454,0.21164703369140625,0.2572161853313446,0.01083538681268692,0.0,0.41664941733082134,18.13528863588969,0.8040158351262411,0.0674099110236222,0.07502138682387093,0.06884079902771521,0.2650006173855879,0.8884272575378418,243.5142684141795,8.117142280472649
15900,63,1.1416672067885581e-05,0.436279046494308,0.33170029520988464,0.04032393544912338,0.32460618019104004,0.32218438386917114,0.024642478674650192,0.0,0.4326263312250376,18.15617831548055,0.79829174776872,0.06978540384972637,0.08035810571163893,0.07057273155078292,0.27224602160806005,0.8940813541412354,243.82185820738474,8.127395273579491
15920,63,1.1318996973755007e-05,0.4418037487834024,0.20680025219917297,0.01562529057264328,0.18311548233032227,0.1506969928741455,0.020164046436548233,0.0,0.46403799019753933,17.82339859008789,0.7832784901062647,0.07078689709305763,0.09059706965292041,0.06736400122330947,0.25890570269389585,0.8811283111572266,244.13549888134003,8.137849962711334
15940,63,1.1221728665334198e-05,0.42798795383282673,0.3022136390209198,0.030495574697852135,0.25975191593170166,0.26150453090667725,0.021275818347930908,0.0,0.4340677224099636,18.293217341105144,0.8014315714438757,0.06640286311845887,0.08198639140887694,0.06859487942843275,0.2662649108943614,0.8715598583221436,244.43738451798757,8.147912817266253
15960,63,1.1124868152483915e-05,0.4377294780176784,0.2544136047363281,0.026602119207382202,0.29380255937576294,0.29130861163139343,0.04541252180933952,0.0,0.40817748941481113,18.11819076538086,0.8055815200010935,0.0617608329789205,0.07371973517266187,0.06499732315370982,0.2524724093011834,0.8728222846984863,244.73820609251658,8.157940203083886
15980,63,1.1028416440831108e-05,0.42463415838780727,0.35811302065849304,0.03353911638259888,0.28912270069122314,0.2951565980911255,0.07405908405780792,0.0,0.4488117042928934,17.94844365119934,0.789216955502828,0.06953314581716602,0.08580281703986904,0.06554387480189855,0.2533415884456851,0.8674473762512207,245.03902160724004,8.167967386908002
16000,63,1.0932374531758471e-05,0.423781661841359,0.18561074137687683,0.018798327073454857,0.20237386226654053,0.19451789557933807,0.03528955951333046,0.0,0.42144585214555264,18.0048828125,0.794282133380572,0.06060511424121531,0.07854359359903769,0.06342278014529835,0.24469988615336744,0.8814351558685303,245.34351350069045,8.178117116689682
16020,63,1.0836743422393992e-05,0.42465482947003064,0.1994697004556656,0.013613631948828697,0.2008427381515503,0.183211550116539,0.04916243627667427,0.0,0.4310763956358035,18.054906209309895,0.7909986277421316,0.06267940282652323,0.08174243425442414,0.06485563470050693,0.2506863627244126,0.8755526542663574,245.65166608095168,8.188388869365056
16040,63,1.0741524105600737e-05,0.4273302303099972,0.2819271385669708,0.030530428513884544,0.21141904592514038,0.19846776127815247,0.08259092271327972,0.0,0.4381396484871705,18.413084348042805,0.8055461098750433,0.07417775775221261,0.0841465022584254,0.0708919815634462,0.2765430902892893,0.8651041984558105,245.95227242708205,8.198409080902735
16060,63,1.0646717569966357e-05,0.4285382828801645,0.2513386905193329,0.018990103155374527,0.18846875429153442,0.2144061028957367,0.03140582889318466,0.0,0.4467292645325263,18.215659141540527,0.7956479042768478,0.07375526275824416,0.08619433827698231,0.068694468439472,0.26617388748987153,0.8719007968902588,246.25294855833053,8.208431618611018
16080,63,1.0552324799792979e-05,0.424349872695479,0.19615408778190613,0.025205817073583603,0.31380289793014526,0.27933451533317566,0.012980060651898384,0.0,0.4237490190813939,18.17535638809204,0.7998463859160742,0.06636131478642876,0.07965738766572693,0.06638677843677049,0.2566562006250024,0.872147798538208,246.5541549404462,8.218471831348207
16100,64,1.0458346775086897e-05,0.43187556741242644,0.299965500831604,0.027745148167014122,0.29831892251968384,0.24327532947063446,0.04709865525364876,0.0,0.4618735232700904,17.91684850056966,0.7865942493081093,0.0715157331221483,0.09137933489612558,0.06481797269291499,0.24851357149468226,0.9365923404693604,246.86003607114156,8.228667869038052
16120,64,1.0364784471548453e-05,0.43906157522406714,0.21737009286880493,0.025211548432707787,0.2186703085899353,0.2529244124889374,0.03317006304860115,0.0,0.45149544688562554,18.09377368291219,0.7913945565621058,0.06832919777794318,0.08855567745525729,0.06503483248789879,0.25145225023681467,0.8700366020202637,247.17126241922378,8.239042080640793
16140,64,1.0271638860561851e-05,0.4451982050275039,0.3291192054748535,0.03061465173959732,0.2542732357978821,0.28453004360198975,0.042545538395643234,0.0,0.4487133212387562,17.98107711474101,0.7900652686754862,0.07005211617797613,0.0854511157694188,0.06566034674390474,0.25348337197845633,0.8715353012084961,247.47659123341242,8.249219707780414
16160,64,1.0178910909185129e-05,0.4331469653277923,0.14148274064064026,0.00910959206521511,0.17969483137130737,0.14381615817546844,0.030371207743883133,0.0,0.4561272965123256,18.04341705640157,0.7943450411160787,0.07559651640159162,0.08900986654175953,0.0669313756198707,0.2606848550283096,0.8748822212219238,247.77766609589258,8.259255536529754
16180,64,1.0086601580140078e-05,0.4286499423884217,0.2023058384656906,0.016014108434319496,0.17599856853485107,0.19518731534481049,0.04968873783946037,0.0,0.44692246119181317,17.71270179748535,0.7850223580996195,0.0714030031284148,0.08537633242932233,0.060005487080409446,0.22952462546527386,0.8864738941192627,248.08165862560273,8.269388620853425
16200,64,9.994711831802276e-06,0.43316976710551613,0.24345530569553375,0.02453671768307686,0.26688623428344727,0.2732697129249573,0.022525927051901817,0.0,0.4808208992083867,17.822699626286823,0.7850172718365988,0.0827510433102196,0.0943113120950081,0.0648519487162544,0.2489026248963042,0.886343240737915,248.39033246040344,8.279677748680115
16220,64,9.903242618191084e-06,0.43053369508121775,0.2557532787322998,0.024288412183523178,0.23420244455337524,0.20842382311820984,0.014518833719193935,0.0,0.44183532769481343,18.17916178703308,0.8028335074583689,0.07394549445333806,0.08488812433047728,0.06777731562033296,0.26612914666872134,0.9051609039306641,248.70986510117848,8.29032883670595
16240,64,9.812194888959803e-06,0.42756219424093145,0.22066807746887207,0.020095575600862503,0.18763160705566406,0.2598206400871277,0.03520790860056877,0.0,0.42836967172722024,17.985435009002686,0.8004541744788488,0.06690562372519211,0.08120854757726192,0.06480024149641395,0.2531758551909165,0.8980047702789307,249.02067384322484,8.300689128107495
16260,64,9.721569589385837e-06,0.43172101293808046,0.2413739562034607,0.024474050849676132,0.23850667476654053,0.22101907432079315,0.037909798324108124,0.0,0.4557942971587181,18.20996395746867,0.8079365243514379,0.08346034391698512,0.0871947571973909,0.07384811523793773,0.289190116846426,0.894747257232666,249.32919764518738,8.31097325483958
16280,64,9.631367660360755e-06,0.4457069121821429,0.3135276734828949,0.027351737022399902,0.26044028997421265,0.24397146701812744,0.04754142463207245,0.0,0.46498711593449116,17.956777572631836,0.7911496808131536,0.07565054314380343,0.09172171261161566,0.06649842464619062,0.2586599954996597,0.8998184204101562,249.6427420457204,8.321424734857347
16300,65,9.541590038380648e-06,0.4398145604750488,0.21086978912353516,0.026010548695921898,0.2648504972457886,0.2644786834716797,0.03779685124754906,0.0,0.45663020201027393,17.634412050247192,0.7749262650807699,0.06604329987683079,0.08877346410670063,0.059112924987196246,0.22805598403581165,0.8914861679077148,249.95304665962854,8.331768221987618
16320,65,9.45223765553634e-06,0.4376701315157362,0.20086172223091125,0.01724126562476158,0.16530364751815796,0.14758776128292084,0.025390567258000374,0.0,0.4098296531786521,17.875918785731,0.7965040355920792,0.05839492935179309,0.07485787333412604,0.06176739871840586,0.24125578220595012,0.8976356983184814,250.27003166278203,8.3423343887594
16340,65,9.363311439503742e-06,0.442256563276954,0.23821647465229034,0.018952295184135437,0.154493510723114,0.19968347251415253,0.07661668956279755,0.0,0.41756768710911274,17.95769468943278,0.8016026218732198,0.06499862302602692,0.0758036920292811,0.0657957506112077,0.2566667317666791,0.8837661743164062,250.5773711323738,8.352579037745794
16360,65,9.2748123135342e-06,0.43858412382150264,0.21693965792655945,0.025517035275697708,0.19773268699645996,0.22591744363307953,0.0694580003619194,0.0,0.44449269336958724,17.77658494313558,0.7918441444635391,0.07250314176251943,0.08256866850636223,0.06434053639796647,0.24904167220335116,0.8933775424957275,250.8839755813281,8.362799186044269
16380,65,9.186741196444927e-06,0.43624922637226576,0.21474690735340118,0.01512175053358078,0.1325770616531372,0.1696937084197998,0.026503466069698334,0.0,0.4452272442479928,17.666677872339886,0.7845107068618139,0.07015085736797615,0.08238480400971392,0.0629654342033477,0.24286196812648664,0.8882229328155518,251.19001063108445,8.37300035436948
16400,65,9.099099002609446e-06,0.4328265115658018,0.28867557644844055,0.024204477667808533,0.22070300579071045,0.1963081955909729,0.052350837737321854,0.0,0.44601901061832905,17.9839715162913,0.793925995628039,0.0761911473236978,0.08399811878123066,0.06594940954395993,0.2543458810753443,0.8932299613952637,251.49837183952332,8.383279061317443
16420,65,9.011886641948121e-06,0.4313316967567852,0.273182213306427,0.025513041764497757,0.28216826915740967,0.2809765934944153,0.07377894967794418,0.0,0.48547227556506795,17.93113334973653,0.7901895443598429,0.08649320180781862,0.09593316303058104,0.06843833197754892,0.2632009529254653,0.927008867263794,251.81486196517943,8.393828732172649
16440,65,8.92510501991864e-06,0.4242223513162919,0.26617905497550964,0.012791010551154613,0.1502665877342224,0.1507064700126648,0.05471746250987053,0.0,0.47433841849366826,18.0247327486674,0.7932819922765096,0.07938831739804962,0.09344665401361206,0.06885616676035253,0.26536836415867915,0.8945591449737549,252.1278271317482,8.404260904391606
16460,65,8.838755037506749e-06,0.4260335601746487,0.2614636719226837,0.018466345965862274,0.18643110990524292,0.21450063586235046,0.048743028193712234,0.0,0.45205098018050194,17.94065507253011,0.7914748340845108,0.07194898023524067,0.08721681497991085,0.0651152330366048,0.24892998816953463,0.898723840713501,252.43680917421977,8.414560305807326
16480,65,8.752837591216783e-06,0.4284592620098477,0.2087932676076889,0.01371122058480978,0.17995774745941162,0.174754798412323,0.1106204017996788,0.0,0.46759448138376075,17.89173436164856,0.7895974665880203,0.07700560639866373,0.09180547923526981,0.06576193841597573,0.2513765061951496,0.8884282112121582,252.7457631746928,8.42485877248976
16500,65,8.66735357306236e-06,0.41908453222897757,0.23936516046524048,0.020640162751078606,0.19229668378829956,0.22736307978630066,0.023778783157467842,0.0,0.45371480224033195,18.238670746485393,0.8030213713645935,0.07846156152134592,0.08702019627460024,0.07188983416100117,0.27921339259906247,0.8947129249572754,253.05647702614468,8.435215900871489
16520,66,8.582303870557179e-06,0.4166424428665166,0.19111642241477966,0.009471111930906773,0.11298888921737671,0.11533942818641663,0.044767383486032486,0.0,0.49002591768900555,17.949079195658367,0.7944114506244659,0.08542242231355472,0.09809758336367932,0.07173085176724601,0.278400845317678,0.9046781063079834,253.38265495300294,8.446088498433431
16540,66,8.497689366705818e-06,0.42419651966484917,0.30270591378211975,0.025057313963770866,0.23850131034851074,0.22095887362957,0.026853621006011963,0.0,0.43771713475386304,18.1074325243632,0.7952380428711573,0.06844537717882883,0.08380301296710968,0.06557424897751347,0.2548071433874694,0.9044189453125,253.69112177292507,8.456370725764168
16560,66,8.413510939994455e-06,0.4274799610258601,0.2937977612018585,0.017123013734817505,0.16678398847579956,0.18254971504211426,0.040858540683984756,0.0,0.4514599796384573,17.752253929773968,0.7789944708347321,0.06868301348930056,0.08808779885823076,0.05870338625655594,0.22495503672821957,0.8855223655700684,253.99886774222057,8.466628924740686
16580,66,8.329769464381876e-06,0.4261397541205622,0.25096815824508667,0.034969352185726166,0.38600778579711914,0.347212016582489,0.027417616918683052,0.0,0.4561957611391942,17.947475512822468,0.7884268561999003,0.0731328932822428,0.0894831380044872,0.06253626123494045,0.24031568598002195,0.8774888515472412,254.30354401667913,8.47678480055597
16600,66,8.246465809290313e-06,0.43500323784795225,0.30815422534942627,0.023692747578024864,0.1583678126335144,0.1648041307926178,0.029138805344700813,0.0,0.4521515325953563,18.25367307662964,0.804545854528745,0.07707836677912962,0.08792616833340038,0.07058926995589652,0.27516315217045223,0.8997883796691895,254.61239537795385,8.487079845931795
16620,66,8.16360083959647e-06,0.425994352475064,0.15385772287845612,0.021040907129645348,0.18903440237045288,0.20451895892620087,0.023329850286245346,0.0,0.44009295913080376,18.231173117955525,0.8044134080410004,0.07247322717342865,0.08479546899483963,0.0681169679896398,0.26553025943311775,0.8991489410400391,254.92838961283366,8.497612987094456
16640,66,8.081175415622524e-06,0.4140599025805481,0.26672354340553284,0.030080169439315796,0.2246273159980774,0.231000155210495,0.0594317726790905,0.0,0.45870578785737354,18.018991708755493,0.7929028421640396,0.07743166797709736,0.0890389375219291,0.06595491848632017,0.25327583952722227,0.9011783599853516,255.24174981911978,8.508058327303992
16660,66,7.999190393127155e-06,0.4191533242568587,0.2245747298002243,0.02389713004231453,0.1733952760696411,0.18671511113643646,0.029214030131697655,0.0,0.4389972736438115,17.903064409891766,0.7904618481794993,0.06965966488827359,0.08341808498583057,0.0626959393901581,0.24105975827710194,0.8975222110748291,255.5548783024152,8.518495943413841
16680,66,7.917646623296758e-06,0.4239520960905549,0.2985648214817047,0.02723916992545128,0.2090417742729187,0.21790441870689392,0.031680140644311905,0.0,0.4635425104449193,17.679893414179485,0.7787931611140569,0.07444566814228892,0.0900656624104489,0.06121930204839869,0.23392607915130528,0.8878824710845947,255.86917718251547,8.528972572750515
16700,66,7.836544952736519e-06,0.424475551805527,0.23776866495609283,0.01907234638929367,0.19470900297164917,0.20203593373298645,0.02881738729774952,0.0,0.430337813993295,17.98996655146281,0.79437122742335,0.06600859041579744,0.0813591843470931,0.06521695401434871,0.25354826560413296,0.8924474716186523,256.17760029236473,8.539253343078824
16720,66,7.755886223461626e-06,0.4155997202322189,0.2753024399280548,0.022963177412748337,0.27306485176086426,0.23283402621746063,0.0254060011357069,0.0,0.41682228818535805,18.27492682139079,0.8100935717423757,0.06841333879327233,0.07698886672204192,0.07077928412366997,0.27660146609626035,0.8920950889587402,256.497614411513,8.549920480383767
16740,67,7.675671272888588e-06,0.41488223458186196,0.3084844648838043,0.027786200866103172,0.2339162826538086,0.24079529941082,0.027856819331645966,0.0,0.44953562195102376,18.09497578938802,0.7955155273278555,0.07433552104471759,0.08767036780376326,0.06785025240176103,0.2630011562088674,0.8893814086914062,256.8245243191719,8.560817477305731
16760,67,7.59590093382652e-06,0.41587701979617436,0.18854564428329468,0.017798615619540215,0.18413621187210083,0.20297184586524963,0.058846574276685715,0.0,0.43991610780358315,18.13645561536153,0.7962795992692312,0.06998042224652389,0.08489161721346053,0.06697268735363403,0.26003168667243287,0.9362752437591553,257.1356215159098,8.571187383863661
16780,67,7.516576034468439e-06,0.4105466588589815,0.24771748483181,0.02374633215367794,0.19638895988464355,0.2081298828125,0.013915524818003178,0.0,0.43022022272149724,18.13708980878194,0.7995434055725733,0.06843949143182147,0.08150591506538066,0.0675206912512129,0.26333740683780477,0.8916659355163574,257.44813489516577,8.581604496505525
16800,67,7.437697398382733e-06,0.4080722328173552,0.258395254611969,0.03435881435871124,0.2907405495643616,0.29410701990127563,0.012881545349955559,0.0,0.4393820861975352,18.118918736775715,0.7969242135683695,0.06931689220734617,0.08452993250367316,0.06704817460426553,0.26148736163635145,0.9074902534484863,257.7585245609283,8.591950818697612
16820,67,7.359265844504598e-06,0.4161133258510537,0.2371617555618286,0.01758064329624176,0.15547388792037964,0.1565934121608734,0.025640934705734253,0.0,0.42911487941940624,18.256590445836384,0.8066062231858572,0.07085671385919506,0.08099188181486996,0.07011329708620906,0.27440322850915516,0.9782862663269043,258.08495058218637,8.602831686072879
16840,67,7.281282187127511e-06,0.4152236732181736,0.22391101717948914,0.017109815031290054,0.18071269989013672,0.1974433958530426,0.02423541247844696,0.0,0.4258613760272662,18.073686917622883,0.8019115179777145,0.06862846546044404,0.08010982976041058,0.06697134502147409,0.26073694542389025,0.9663183689117432,258.41314963102343,8.613771654367447
16860,67,7.203747235894798e-06,0.4335011475300888,0.22579830884933472,0.018663836643099785,0.24259746074676514,0.24010758101940155,0.05687786638736725,0.0,0.4547777269035578,18.29827570915222,0.8066577166318893,0.08237775423648683,0.08775424991141666,0.07305493408983404,0.2845756819641048,0.9359478950500488,258.74665344953536,8.624888448317845
16880,67,7.1266617957911875e-06,0.4221318347597527,0.21528904139995575,0.017570942640304565,0.13151156902313232,0.17437981069087982,0.03204810246825218,0.0,0.4349208641797304,18.1768479347229,0.8062067329883575,0.07387515369125387,0.0827753386375579,0.06989149982109666,0.2716235841878436,0.9228200912475586,259.07535813252133,8.635845271084044
16900,67,7.0500266671345475e-06,0.4191616177041221,0.19486458599567413,0.021522175520658493,0.24293094873428345,0.23733457922935486,0.013176883570849895,0.0,0.45974916219711304,18.20411968231201,0.8002268970012665,0.07761194523085248,0.09059539530426264,0.06994788606905124,0.27125663750550966,0.895794153213501,259.38848498264946,8.646282832754983
16920,67,6.973842645567473e-06,0.4060182093286071,0.35854145884513855,0.03228346258401871,0.28987789154052734,0.29018306732177734,0.052787989377975464,0.0,0.43880967299143475,18.137319485346477,0.7967591832081476,0.06776240209794858,0.08444081255319444,0.06731418357230723,0.26025149319320917,0.8851180076599121,259.704109843572,8.656803661452399
16940,68,6.898110522049063e-06,0.41365988854426816,0.20951266586780548,0.03379448503255844,0.2254108190536499,0.22433161735534668,0.05487024411559105,0.0,0.4615177245189746,18.017578442891438,0.788881907860438,0.07369717887856743,0.089901532554491,0.06851775393905965,0.2638498819856481,0.8868403434753418,260.01914434432985,8.667304811477662
16960,68,6.8228310828467145e-06,0.41340022550322514,0.3167584240436554,0.02627134881913662,0.1675472855567932,0.16065950691699982,0.030522197484970093,0.0,0.4555890193829934,18.30906653404236,0.8041392217079798,0.07960579942234537,0.08839300537312572,0.07267869932746346,0.28227814761075104,0.8931541442871094,260.32573248147963,8.677524416049321
16980,68,6.748005109527997e-06,0.413268731075724,0.21604931354522705,0.011490968987345695,0.1652931571006775,0.16432815790176392,0.024400785565376282,0.0,0.42492578364908695,18.459306240081787,0.8140052656332651,0.07234920053319498,0.07964662631804292,0.0732923498885198,0.28628625263544644,0.8859055042266846,260.633427631855,8.687780921061833
17000,68,6.67363337895245e-06,0.41193864529046825,0.24778924882411957,0.016974961385130882,0.20628052949905396,0.1845061480998993,0.06061558425426483,0.0,0.4466955289244652,18.286478837331135,0.8043583184480667,0.07464175417341969,0.08624902900985697,0.07074426984499124,0.2738867425783114,0.897390604019165,260.942184416453,8.698072813881769
17020,68,6.599716663263575e-06,0.4135766180501547,0.20635056495666504,0.015276184305548668,0.1621057391166687,0.15984366834163666,0.029628664255142212,0.0,0.4201827850192785,18.132383664449055,0.803671399752299,0.06492133197289976,0.07807368082417683,0.06730294663628394,0.25995062731883745,0.8866829872131348,261.2572387337685,8.708574624458949
17040,68,6.526255729880833e-06,0.4255913878787984,0.22789637744426727,0.0256669744849205,0.27456963062286377,0.26835718750953674,0.033695120364427567,0.0,0.40950693003833294,18.11284677187602,0.809538741906484,0.06470898035067049,0.07480369000272317,0.06716539770026099,0.2602931816469539,0.8860046863555908,261.567084701856,8.718902823395199
17060,1,1.7046039554331866e-06,0.5405228428954795,0.2673470675945282,0.025557171553373337,0.23203283548355103,0.22884345054626465,0.08527132868766785,0.0,0.4178966258962949,18.141382932662964,0.8085002650817236,0.06728107020766898,0.07761431502347643,0.0675701514648443,0.26187146319584415,0.8916950225830078,262.03214527368544,8.734404842456183
17080,1,1.6750385035545123e-06,0.4971474013875802,0.257321298122406,0.03170982003211975,0.2982388734817505,0.2831200063228607,0.010967607609927654,0.0,0.42443698458373547,18.13974396387736,0.8060708890358607,0.06823241325433958,0.07973307692869143,0.06754343740811403,0.26138533355498855,0.8852357864379883,262.34944385290146,8.744981461763382
17100,1,1.6461024492754506e-06,0.47012220763468177,0.2769583463668823,0.019503861665725708,0.20866817235946655,0.2213238775730133,0.02114083059132099,0.0,0.42526969127357006,18.210769097010296,0.807193656762441,0.06848592797971585,0.07989153672348369,0.0685194209006361,0.26530226557092235,0.895594596862793,262.67007060448327,8.755669020149442
17120,1,1.6177961656077414e-06,0.4497787078710981,0.150703564286232,0.009052703157067299,0.12312209606170654,0.13997410237789154,0.0411534421145916,0.0,0.423501613860329,18.227962652842205,0.8085800359646479,0.06853632645850832,0.07937549833546985,0.06893500554460016,0.26723893731832504,0.9338393211364746,263.0009129603704,8.766697098679012
17140,1,1.5901200174447932e-06,0.4413058896663394,0.2648164629936218,0.03328503668308258,0.3340602517127991,0.31011438369750977,0.07863078266382217,0.0,0.4187731264779965,18.211715777715046,0.8087502469619116,0.06668488368053328,0.07787283171306957,0.0685640043282712,0.26588954048400576,0.9193975925445557,263.329603878657,8.7776534626219
17160,1,1.5630743615570063e-06,0.4466396942583829,0.2939743101596832,0.024988841265439987,0.23046928644180298,0.25226452946662903,0.06220684200525284,0.0,0.424059155707558,18.208641688028973,0.8077618728081385,0.06842384423891251,0.07950933565470306,0.06888644445941529,0.2668525226075541,0.9256923198699951,263.646373184522,8.788212439484067
17180,1,1.5366595465871783e-06,0.43647496578283895,0.21980497241020203,0.0292435884475708,0.2410237193107605,0.26540642976760864,0.021089570596814156,0.0,0.4225853867828846,18.203892469406128,0.8072738001743952,0.06770075362345035,0.07909061759710312,0.06846559627658942,0.2652320151471279,0.9187846183776855,263.96498750050864,8.79883291668362
17200,1,1.5108759130459922e-06,0.42501284936682876,0.39177560806274414,0.04971025511622429,0.28285956382751465,0.2703796625137329,0.02374577894806862,0.0,0.42088338049749535,18.205708742141724,0.8070226907730103,0.06672052933241833,0.0785229659893296,0.0682824371932921,0.26433297424492513,0.9486865997314453,264.2894960522652,8.809649868408838
17220,1,1.4857237933076426e-06,0.4235510869299239,0.33219966292381287,0.0271109901368618,0.17042630910873413,0.21986469626426697,0.051531754434108734,0.0,0.41939573114116985,18.279554446538288,0.8096875697374344,0.06745747743513096,0.07795891326598146,0.069358756554059,0.26893687730824406,0.8949241638183594,264.6121951977412,8.820406506591373
17240,1,1.4612035116055312e-06,0.41355612746232845,0.33319249749183655,0.027606725692749023,0.16878873109817505,0.1705341339111328,0.07734788954257965,0.0,0.4180769696831703,18.333295981089275,0.8111780534187952,0.0676364056258039,0.07759464904665947,0.06996036670170724,0.2716568973423405,0.8977711200714111,264.92462752660117,8.830820917553371
17260,2,1.4373153840281246e-06,0.4156505004023637,0.1404481679201126,0.010557967238128185,0.11685812473297119,0.14271129667758942,0.023129958659410477,0.0,0.4228278733789921,18.31362295150757,0.8092489441235861,0.06838327802887018,0.07909394969994371,0.06964782451872122,0.2701967703178525,0.9285764694213867,265.2470172961553,8.841567243205176
17280,2,1.4140597185148206e-06,0.4163790227226033,0.24474139511585236,0.026971962302923203,0.26728636026382446,0.2607625126838684,0.007875068113207817,0.0,0.4244650440911452,18.289066235224407,0.8079059273004532,0.06843551544641907,0.07955036718736995,0.06935253426093947,0.2688478926535357,0.9020678997039795,265.55882902145385,8.851960967381796
17300,2,1.391436814852047e-06,0.41896759665446054,0.2070610225200653,0.021961836144328117,0.23372244834899902,0.21539460122585297,0.04837832227349281,0.0,0.4268102354059617,18.2847580909729,0.8071206708749136,0.06884561000730503,0.0803453086621382,0.06913887485015122,0.2680770294232802,0.9466156959533691,265.8789887825648,8.862632959418827
17320,2,1.3694469646693374e-06,0.4292936568279172,0.2751317620277405,0.030820000916719437,0.2147727608680725,0.2266942262649536,0.03640471398830414,0.0,0.4319932485620181,18.223097324371338,0.8042129576206207,0.06918846197764981,0.08207396917383779,0.06820558007298545,0.26407178017226135,0.9403412342071533,266.21154474814733,8.873718158271577
17340,2,1.3480904514356162e-06,0.4366417122050458,0.21672266721725464,0.019003763794898987,0.1919240951538086,0.2177211344242096,0.03157456964254379,0.0,0.42728851176798344,18.169460852940876,0.8031276166439056,0.06688990541310473,0.08079439062963832,0.06717266436581584,0.2599115563048558,0.9333035945892334,266.55261565844216,8.885087188614738
17360,2,1.3273675504555106e-06,0.4243587270666604,0.3188195526599884,0.053208932280540466,0.2719186544418335,0.22387850284576416,0.009358139708638191,0.0,0.42793238287170726,18.150471051534016,0.8025549699862798,0.06703632752495733,0.08090508509088647,0.06713259474120357,0.25951808504760265,0.910494327545166,266.8695195714633,8.895650652382109
17380,2,1.3072785288658292e-06,0.43448790618229416,0.3525262773036957,0.032236889004707336,0.1808178424835205,0.18140964210033417,0.020155491307377815,0.0,0.4357356633991003,18.185481707255047,0.8021077613035837,0.06956651756031947,0.08293624078346924,0.06805831490253861,0.2629969788037918,0.9024479389190674,267.1815521756808,8.90605173918936
17400,2,1.2878236456320982e-06,0.43921771282033484,0.28036215901374817,0.01803620532155037,0.18857568502426147,0.21084976196289062,0.05891776084899902,0.0,0.4429894685745239,18.168501536051433,0.7999899288018545,0.0712278505617922,0.08485322741960938,0.06810739376074211,0.26267978946932335,0.9070913791656494,267.4910868525505,8.916369561751683
17420,2,1.2690031515452325e-06,0.4316358787011296,0.3138944208621979,0.024462025612592697,0.2055416703224182,0.1807662546634674,0.034802600741386414,0.0,0.43720804030696553,18.159969091415405,0.8004166881243387,0.06973174777389927,0.08317571294239977,0.06783936130390926,0.26153834350407124,0.8965644836425781,267.80846434434255,8.926948811478084
17440,2,1.2508172892183027e-06,0.42721814789781953,0.20295201241970062,0.018540650606155396,0.12245732545852661,0.1493295282125473,0.030526619404554367,0.0,0.4270687202612559,18.12983552614848,0.8018810252348582,0.06695266639475118,0.08000843015245417,0.06731585995294154,0.2596936829557473,0.9111061096191406,268.12064058383305,8.937354686127769
17460,2,1.2332662930834102e-06,0.42905917236450963,0.2864573001861572,0.03227468580007553,0.21529877185821533,0.22486673295497894,0.09712910652160645,0.0,0.430308585986495,18.107744773228962,0.8004533499479294,0.0678584402511743,0.08108023452487859,0.06693183761936697,0.25799874106252735,0.8987863063812256,268.4343377391497,8.947811257971658
17480,3,1.2163503893886514e-06,0.4351174939293341,0.24004149436950684,0.035296183079481125,0.36219990253448486,0.3185498118400574,0.10834958404302597,0.0,0.43418788847823936,18.098180611928303,0.7986044486363729,0.06860957066105171,0.08221421526236967,0.06659264813854614,0.25634980049322953,0.8949787616729736,268.7475082000097,8.958250273333656
17500,3,1.2000697961952172e-06,0.4353027810565905,0.2503281831741333,0.01967429183423519,0.19289767742156982,0.1975797861814499,0.017344141378998756,0.0,0.4372987604389588,18.042974948883057,0.795896848042806,0.06883175848898562,0.08317331360145049,0.06591950157995928,0.2533040525899692,0.9040882587432861,269.05874235630034,8.968624745210011
17520,3,1.1844247233745686e-06,0.4358918146142715,0.2986537516117096,0.031603775918483734,0.18447458744049072,0.2231859415769577,0.04641002044081688,0.0,0.435958797732989,18.100845019022625,0.7979307174682617,0.06937971897423267,0.08261689713055437,0.06695451070977883,0.2578894475644285,0.9142124652862549,269.3791118105253,8.97930372701751
17540,3,1.169415372605754e-06,0.4429058700634041,0.22647036612033844,0.017603207379579544,0.18470048904418945,0.21050378680229187,0.03061717003583908,0.0,0.43315390932063264,18.107801755269367,0.7990778138240179,0.0690157305533913,0.08197191018949855,0.06687166148119351,0.2576062747023322,0.9062750339508057,269.6912557562192,8.989708525207307
17560,3,1.1550419373727772e-06,0.44130013842625443,0.15538007020950317,0.011237933300435543,0.15789061784744263,0.1530274748802185,0.012407738715410233,0.0,0.4308284477641185,18.150451342264812,0.8013875981171926,0.06907048982314089,0.08139233189550313,0.06755320861173625,0.2609669997949492,0.8950655460357666,270.0030653119087,9.000102177063624
17580,3,1.1413046029621298e-06,0.42175599990237633,0.2920289933681488,0.046247757971286774,0.28929322957992554,0.2674946188926697,0.023593859747052193,0.0,0.4310031831264496,18.195053259531658,0.8029783417781194,0.06966876547614281,0.08137222802774473,0.06840653186240657,0.2645813462070443,0.9080073833465576,270.31532826821007,9.010510942273669
17600,3,1.1282035464603844e-06,0.4276183360235603,0.2957478165626526,0.023186281323432922,0.17584609985351562,0.19084535539150238,0.06545249372720718,0.0,0.42877140765388805,18.202417453130085,0.8036233832438787,0.06901261290873993,0.0807565078985962,0.06824658580378375,0.2639630856839093,0.9173314571380615,270.6287339806557,9.02095779935519
17620,3,1.1157389367519242e-06,0.42444169482556626,0.3968050479888916,0.02469419501721859,0.1450800895690918,0.13495981693267822,0.047919709235429764,0.0,0.42854017205536366,18.191662391026814,0.8029181063175201,0.06851863725618883,0.08072799825194207,0.06795244695703415,0.26272315946830943,0.9090542793273926,270.94740448792777,9.031580149597591
17640,3,1.1039109345167678e-06,0.4205192687509906,0.2392803430557251,0.02019927091896534,0.1806567907333374,0.1926199197769165,0.01358055043965578,0.0,0.42773757316172123,18.25213360786438,0.8049217859903971,0.06906838837841695,0.08040113560855389,0.06886674628847024,0.26668175106698816,0.9072346687316895,271.25913876692454,9.041971292230818
17660,3,1.0927196922284795e-06,0.41614313109908013,0.19991733133792877,0.00881977565586567,0.09859758615493774,0.1117779016494751,0.051897402852773666,0.0,0.4319959655404091,18.282166481018066,0.8058393398920695,0.07149447767402638,0.08158633519302715,0.06986284761858935,0.2707928837361661,0.9393653869628906,271.5763118664424,9.052543728881412
17680,3,1.0821653541522257e-06,0.41321637292738095,0.18328498303890228,0.019691791385412216,0.19417935609817505,0.20086073875427246,0.025793904438614845,0.0,0.4316707303126653,18.30158829689026,0.8062074035406113,0.07161363561383703,0.08136459118263288,0.07019417838786136,0.27215163748372684,0.9191734790802002,271.8929397384326,9.063097991281085
17700,4,1.0722480563429045e-06,0.41520883617484705,0.332005113363266,0.04169493541121483,0.23264509439468384,0.2872815728187561,0.019156882539391518,0.0,0.42650779833396274,18.287866195042927,0.806677003701528,0.0696154920045625,0.0800301551988179,0.06961306391961196,0.2699800345369361,0.9180014133453369,272.2104098280271,9.073680327600902
17720,4,1.0629679266433824e-06,0.40574821563538843,0.2554580569267273,0.018708080053329468,0.19460469484329224,0.21207579970359802,0.032493073493242264,0.0,0.4230543039739132,18.32223105430603,0.8086780160665512,0.06916108028963208,0.07903493034907362,0.06994930807162415,0.2716433587060733,0.9027860164642334,272.52948132753374,9.084316044251125
17740,4,1.0543250846828739e-06,0.42227235607919267,0.25433817505836487,0.02073614113032818,0.19274640083312988,0.2027444839477539,0.02170371264219284,0.0,0.4234887355317672,18.315775632858276,0.8084977467854818,0.06933531791649082,0.07916446004740217,0.06991527661342513,0.2716423509303819,0.9030475616455078,272.83828717072805,9.094609572357601
17760,4,1.0463196418753681e-06,0.4277162129448213,0.2004837989807129,0.009790007025003433,0.15561848878860474,0.15283194184303284,0.01549425907433033,0.0,0.42103348175684613,18.321465969085693,0.8097793310880661,0.06894456277686087,0.07849915960634296,0.06986968907188963,0.2716645708476955,0.895526647567749,273.14833244482674,9.104944414827559
17780,4,1.0389517014182127e-06,0.42309830801924103,0.1791335642337799,0.00757320923730731,0.08674156665802002,0.08995940536260605,0.010699509643018246,0.0,0.4218902823825677,18.306777874628704,0.8093487670024236,0.06893955759534781,0.07886050836267797,0.06967800959352065,0.27078315759585664,0.9084084033966064,273.45716135899227,9.11523871196641
17800,4,1.032221358290782e-06,0.4237656047511966,0.25722265243530273,0.020061178132891655,0.16516125202178955,0.15299230813980103,0.021295206621289253,0.0,0.4224185279260079,18.27221457163493,0.808152770002683,0.06849766899408265,0.07910338492894714,0.06910828373987567,0.26856105732308194,0.8999791145324707,273.76512698729834,9.125504232909945
17820,4,1.026128699253237e-06,0.4267620659770631,0.3014222979545593,0.024398233741521835,0.2295604944229126,0.228888601064682,0.020414818078279495,0.0,0.42334924327830475,18.27043080329895,0.8080348322788874,0.06873439701104705,0.07947060889141126,0.06900124598971823,0.2683235730298541,0.8959939479827881,274.0856595158577,9.13618865052859
17840,4,1.0206738028454245e-06,0.4252169542959388,0.24264030158519745,0.014981076121330261,0.1882030963897705,0.2099122703075409,0.03511284291744232,0.0,0.4241821163644393,18.296083052953083,0.8086076726516088,0.06907950062304735,0.07977764367718589,0.06921147064051845,0.2693620970134031,0.881831169128418,274.391818634669,9.146393954488966
17860,4,1.0158567393858563e-06,0.41641448911412626,0.2271716594696045,0.021946420893073082,0.24230879545211792,0.2609962821006775,0.016747891902923584,0.0,0.42371373064816,18.311883529027302,0.8091776569684347,0.0691964781250466,0.07966053799133409,0.0694581619463861,0.2703029057857665,0.887270450592041,274.6967463493347,9.15655821164449
17880,4,1.0116775709708124e-06,0.41262949210600797,0.333855539560318,0.023924343287944794,0.24771499633789062,0.22779983282089233,0.05623839050531387,0.0,0.42683842157324153,18.32756241162618,0.8086169560750326,0.07025331889533183,0.08046944507143715,0.06987793136134067,0.2718689586459236,0.9071993827819824,275.0091703414917,9.16697234471639
17900,5,1.0081363514735168e-06,0.411859787364093,0.2542889416217804,0.024651942774653435,0.23724323511123657,0.25088149309158325,0.015725256875157356,0.0,0.43068136150638264,18.300236145655315,0.8064842820167542,0.07063880156386983,0.08158811520446431,0.06955032649619336,0.2703056326135993,0.8991196155548096,275.3210714737574,9.177369049125247
17920,5,1.0052331265434794e-06,0.4167445308410565,0.2725844383239746,0.029649697244167328,0.26829129457473755,0.2635203003883362,0.0940069779753685,0.0,0.4281307340910037,18.276785294214886,0.8056038121382395,0.06946648458357561,0.0807156532325528,0.06904071353545244,0.2684003033421256,0.900503396987915,275.6330367604891,9.187767892016305
17940,5,1.0029679336058727e-06,0.4086728807174664,0.23477117717266083,0.021500006318092346,0.2022618055343628,0.21269717812538147,0.03261883184313774,0.0,0.4281343078861634,18.27349837621053,0.8058885286251704,0.0696034839969467,0.08076023530553687,0.06907905854115431,0.2686089828441089,0.8902342319488525,275.9393665234248,9.197978884114159
17960,5,1.0013408018610718e-06,0.41109572169548136,0.16496862471103668,0.019904155284166336,0.18269842863082886,0.18182456493377686,0.05102097988128662,0.0,0.4267827197909355,18.269187688827515,0.8060397406419119,0.06892082476141778,0.0803989057683132,0.06894383414394477,0.26813522463833744,0.8983104228973389,276.24635532299675,9.208211844099893
17980,5,1.0003517522842584e-06,0.4131063153941417,0.24467210471630096,0.021709129214286804,0.18146872520446777,0.19697505235671997,0.05252677574753761,0.0,0.4280586466193199,18.264630158742268,0.8053824404875437,0.06914423998783935,0.08075093664228916,0.06879927622239021,0.26728637160902674,0.8986835479736328,276.55436633030575,9.218478877676858
18000,5,1.000000797625168e-06,0.4189027604313349,0.2641124129295349,0.0263419970870018,0.24622297286987305,0.2551421523094177,0.026177477091550827,0.0,0.4345386251807213,18.278355757395428,0.8041071991125742,0.0710169304670258,0.08258292688564821,0.06923591491596942,0.2687541545284065,0.9235258102416992,276.86493771076204,9.228831257025401
