step,epoch,lr,loss,l1,mse,ssim_loss,edge,ghost_loss,hf_loss,val_loss,psnr,ssim,ink_err,bg_err,ghost,ghost_keep,sec_per_step,elapsed_min,cost_yuan
20,1,8e-05,2.3595016583155703,1.0875508785247803,0.2067500799894333,0.6145244240760803,0.5005111694335938,0.1536993533372879,0.0,0.5131812120477358,14.584877173105875,0.5666917189955711,0.2269469052553177,0.09356165609576485,0.14724891632795334,0.6517314978621223,0.16306090354919434,0.20808361768722533,0.006936120589574178
40,1,0.00016,1.9323437933827012,0.8094024658203125,0.14287330210208893,0.49482661485671997,0.33712705969810486,0.20050416886806488,0.0,0.48493606845537823,15.3840225537618,0.6232026442885399,0.22882302037694238,0.08721962181681936,0.15569175712086938,0.6905197934670881,0.16310381889343262,0.2760075847307841,0.00920025282435947
60,1,0.00019999990007089986,1.5902583065710647,0.7497972846031189,0.06981661170721054,0.5124650001525879,0.3564978241920471,0.20898105204105377,0.0,0.4601897969841957,14.163023710250854,0.5960836236675581,0.1546792509880933,0.0791529809886759,0.05514319418844851,0.25221120430664584,0.16350722312927246,0.34287080764770506,0.011429026921590169
80,1,0.00019999896246615767,1.2992834594329508,0.5209401249885559,0.047741733491420746,0.42783206701278687,0.3355414867401123,0.14978903532028198,0.0,0.5762483924627304,15.290437698364258,0.6378717149297396,0.2819758199832656,0.11000396345149387,0.1865391047163443,0.8276552395387129,0.16334772109985352,0.4079339027404785,0.013597796758015951
100,1,0.00019999703791828206,1.1350873754499526,0.5606692433357239,0.058689724653959274,0.37799179553985596,0.31307756900787354,0.11142462491989136,0.0,0.5292431811491648,16.222326914469402,0.6563493410746256,0.2818504957990213,0.09543005292388526,0.20400355688550256,0.8939009606838226,0.1632845401763916,0.47357773780822754,0.015785924593607583
120,1,0.00019999412644636293,1.0470851482523253,0.612775444984436,0.0555972084403038,0.412722110748291,0.280661404132843,0.1400739550590515,0.0,0.47778315593798953,14.939911365509033,0.6426105250914892,0.198314600370147,0.08286188475110313,0.11826827173883264,0.5258906578475778,0.16369080543518066,0.5580989599227906,0.018603298664093017
140,1,0.00019999022807927944,0.9383257025324382,0.5391182899475098,0.051877766847610474,0.34033286571502686,0.2593165636062622,0.17272959649562836,0.0,0.5706025908390681,15.233386913935343,0.6514070083697637,0.27033873173323547,0.104404920542782,0.1735585511408069,0.7636363831433383,0.1649949550628662,0.6185587684313456,0.02061862561437819
160,1,0.00019998534285570012,0.860084979367787,0.46106335520744324,0.04059494286775589,0.3591254949569702,0.27162429690361023,0.22182343900203705,0.0,0.66671405484279,14.991523742675781,0.6375386317571005,0.29063107818365097,0.1351259404962713,0.18539786677468906,0.7837069630622864,0.1634678840637207,0.6795559008916219,0.022651863363054064
180,1,0.00019997947082408206,0.7959767375412257,0.5150771141052246,0.060320958495140076,0.38518911600112915,0.32415640354156494,0.17060546576976776,0.0,0.4674532189965248,14.509616613388062,0.631315882007281,0.16793945888904008,0.07579184459014372,0.07366100647910075,0.35129982368512586,0.16362404823303223,0.7399120807647706,0.02466373602549235
200,1,0.00019997261204267072,0.7601233935996913,0.5904574394226074,0.050408244132995605,0.36795365810394287,0.2904942035675049,0.1802370250225067,0.0,0.6583333363135656,15.488743861516317,0.6437167500456175,0.2893852212212302,0.12866520780054005,0.1854807890274308,0.784808180548928,0.16325998306274414,0.7999931295712789,0.026666437652375963
220,2,0.00019996476657949924,0.7308659934793528,0.43921470642089844,0.04870286583900452,0.33040159940719604,0.30065447092056274,0.09190741926431656,0.0,0.5485054751237234,15.211544513702393,0.6447179540991783,0.21039569784294476,0.09966370327906175,0.1271950788795948,0.5427648919549856,0.16354775428771973,0.8694339871406556,0.02898113290468852
240,2,0.00019995593451238784,0.7228682531130739,0.43283572793006897,0.04119429737329483,0.3982638120651245,0.26857760548591614,0.12300276756286621,0.0,0.5378609895706177,14.786529461542765,0.6263730674982071,0.18307248672301119,0.09679498083212158,0.09158204157244075,0.40021186796101654,0.1637256145477295,0.9400183518727621,0.0313339450624254
260,2,0.00019994611592894285,0.7068969082850499,0.38966354727745056,0.05519610643386841,0.5573030710220337,0.4259178340435028,0.1450451761484146,0.0,0.5712692861755689,15.784963130950928,0.6558354571461678,0.22699546407569537,0.10003158873455091,0.14487236433408476,0.6279345994645898,0.16358566284179688,1.0009480237960815,0.03336493412653605
280,2,0.00019993531092655617,0.7057170389993369,0.5323213934898376,0.0434814989566803,0.4151153564453125,0.2808123230934143,0.09835120290517807,0.0,0.560543492436409,15.76037049293518,0.6534251670042673,0.21408413621512326,0.09715458361262624,0.132802622562105,0.5799374824220483,0.16366338729858398,1.0614646116892497,0.03538215372297499
300,2,0.00019992351961240396,0.6943033678651964,0.3324423134326935,0.03741174563765526,0.3689855933189392,0.3552039563655853,0.08136259019374847,0.0,0.5366967096924782,15.0764848391215,0.6401280884941419,0.17563882808793674,0.09383859553120354,0.09692000005055558,0.41825148192319,0.16355562210083008,1.1225457350413004,0.03741819116804335
320,2,0.0001999107421034458,0.6843409396303498,0.5220180153846741,0.042594633996486664,0.35273003578186035,0.2722334861755371,0.1600830852985382,0.0,0.6274999504288038,15.360153754552206,0.6294998551408449,0.20956316861239346,0.11762086268175732,0.12268491842868653,0.5076765987006101,0.1637287139892578,1.1887535532315572,0.039625118441051904
340,2,0.0001998969785264235,0.6788426980682938,0.43951666355133057,0.04837840050458908,0.3883022665977478,0.3138182759284973,0.08180355280637741,0.0,0.6159676437576612,14.711042404174805,0.6168445522586504,0.17571251162073828,0.1220865131101825,0.08158623740415681,0.3347298181192441,0.16379404067993164,1.2535701354344686,0.04178567118114895
360,2,0.00019988222901785968,0.6912662077693787,0.4632975459098816,0.04505231976509094,0.3898468017578125,0.36019429564476013,0.06691725552082062,0.0,0.6694098884860674,14.876911083857218,0.6171090851227442,0.19472444667057556,0.13564194535667246,0.10170361789112742,0.41014822267673234,0.16373968124389648,1.3146690130233765,0.043822300434112546
380,2,0.00019986649372405677,0.6722241840565143,0.39788395166397095,0.04243519902229309,0.3984077572822571,0.33910831809043884,0.12452423572540283,0.0,0.715625618894895,14.925760269165039,0.6377907569209734,0.23631456087936054,0.1454356275498867,0.1303796540437774,0.5320538776842031,0.16333365440368652,1.376320191224416,0.045877339707480536
400,2,0.00019984977280109505,0.6820624377557942,0.43092620372772217,0.043668728321790695,0.42979907989501953,0.3652060031890869,0.09865419566631317,0.0,0.6270006174842516,14.758994023005167,0.6390820468465487,0.19269439611922612,0.12220746211030266,0.09501432110978798,0.39283010363578796,0.1644587516784668,1.4374428908030192,0.04791476302676731
420,2,0.00019983206641483164,0.6689581080387994,0.3982405662536621,0.026682712137699127,0.3406575322151184,0.2322191298007965,0.0580347515642643,0.0,0.6499384219447771,15.013996442159018,0.6470519552628199,0.21408101306720215,0.12616145306012846,0.11197698590430347,0.4576094848188487,0.16397500038146973,1.5031926870346068,0.050106422901153566
440,3,0.0001998133747408984,0.6680024929197245,0.39580199122428894,0.04172727093100548,0.3702867031097412,0.32438912987709045,0.09791912883520126,0.0,0.5718121603131294,14.988110621770224,0.6338791598876318,0.15672273087230595,0.10401637581261722,0.08082933656193993,0.33380414647134865,0.16372179985046387,1.580183736483256,0.05267279121610854
460,3,0.00019979369796470058,0.6680625847384964,0.3131099343299866,0.03211083263158798,0.3541017174720764,0.295583575963974,0.1055959165096283,0.0,0.5609378467003504,14.651375532150269,0.6186672747135162,0.14481240172277798,0.10064819014885208,0.05761689726601948,0.24483237212354486,0.16350793838500977,1.6420602997144063,0.054735343323813544
480,3,0.00019977303628141455,0.6572703779240319,0.31785285472869873,0.03360236436128616,0.35532039403915405,0.30198824405670166,0.06536247581243515,0.0,0.6196611697475115,14.243821382522583,0.6008416886130968,0.14460786499760367,0.12270433997566049,0.047564308836378834,0.2000879339492795,0.16344499588012695,1.7085722049077352,0.05695240683025784
500,3,0.00019975138989598628,0.6498359750754641,0.3525414764881134,0.03008965216577053,0.31033194065093994,0.24995635449886322,0.08124429732561111,0.0,0.6661539276440939,14.83987299601237,0.6117172837257385,0.17147163233973764,0.13239096748557957,0.0835117306560278,0.3310193590481173,0.16442108154296875,1.7806373198827108,0.059354577329423695
520,3,0.00019972875902312913,0.6574884512830756,0.6607263684272766,0.06732051074504852,0.4112733006477356,0.327212929725647,0.1103772222995758,0.0,0.5532602444291115,14.389373222986857,0.6061126465598742,0.114408940076828,0.10035590522668579,0.04259807095778259,0.17927143079313365,0.16424345970153809,1.846619999408722,0.06155399998029073
540,3,0.00019970514388732163,0.6523740256583069,0.5003084540367126,0.050385333597660065,0.4086737036705017,0.36562347412109375,0.10100123286247253,0.0,0.6197825223207474,14.187746524810791,0.5956404283642769,0.13689665293151682,0.11858372999863191,0.05522028987549923,0.22235481119291348,0.1636359691619873,1.9124274253845215,0.06374758084615072
560,3,0.00019968054472280534,0.6409202258722195,0.3680625259876251,0.03458511084318161,0.3259701728820801,0.3003557622432709,0.0644720196723938,0.0,0.9297433545192083,13.040234724680582,0.5555421511332194,0.2337127314372496,0.21463150666518646,0.08784944159825417,0.3392901655963876,0.1633751392364502,1.9730387012163797,0.06576795670721267
580,3,0.0001996549617735826,0.6864382160404943,0.6517379879951477,0.07397088408470154,0.49426722526550293,0.42617231607437134,0.0317305289208889,0.0,0.8352069134513537,14.017568588256836,0.592356930176417,0.21678316999565472,0.17919388244097884,0.09889741718176413,0.3842759415168654,0.16358447074890137,2.034205162525177,0.06780683875083923
600,3,0.00019962839529341403,0.691313414757794,0.4482710361480713,0.03880077600479126,0.3529340624809265,0.3246156871318817,0.08057357370853424,0.0,0.7047867601116499,14.77748958269755,0.6027271548906962,0.170362015678124,0.13602182404561478,0.09184145656498996,0.3576017517427152,0.16350793838500977,2.0953844587008157,0.06984614862336053
620,3,0.00019960084554581598,0.6819563157127533,0.5068246722221375,0.034912802278995514,0.343996524810791,0.23791486024856567,0.058170996606349945,0.0,0.8445979207754135,13.926100730895996,0.5833178559939066,0.21238220550797202,0.18161484531380914,0.08781944843940437,0.34688090689649637,0.16349315643310547,2.1623072465260824,0.07207690821753608
640,3,0.00019957231280405798,0.6941932194042562,0.5506685376167297,0.06003190204501152,0.35102909803390503,0.27903687953948975,0.05306335911154747,0.0,0.8638669202725092,13.611865202585856,0.5844201395908991,0.2056828774511814,0.18764520165595142,0.09006930375471711,0.35021960303526034,0.1634366512298584,2.223297584056854,0.07410991946856181
660,4,0.00019954279735116,0.7082874467434209,0.3373165726661682,0.03452344238758087,0.3485283851623535,0.34991443157196045,0.10093620419502258,0.0,0.6974008828401566,14.616177161534628,0.6105197444558144,0.17527871172536502,0.13118027286096054,0.08608360520818016,0.3555442245507782,0.1634981632232666,2.310822017987569,0.07702740059958564
680,4,0.00019951229947988961,0.7000283149678084,0.47331735491752625,0.04858037829399109,0.36467063426971436,0.36867547035217285,0.10444117337465286,0.0,0.6848502407471339,15.176641384760538,0.633887437482675,0.19515512612732974,0.12297082082791762,0.09816233017905192,0.4153527465056289,0.1649799346923828,2.380869650840759,0.07936232169469197
700,4,0.00019948081949275925,0.6876287674404561,0.3531339466571808,0.03761977329850197,0.4411203861236572,0.3377087116241455,0.03512126952409744,0.0,0.6329794401923815,14.233879327774048,0.5932607352733612,0.13986670530655168,0.11523127928376198,0.03663713172797791,0.17211377087303184,0.16353559494018555,2.4410388747851055,0.08136796249283684
720,4,0.00019944835770202291,0.6659505426499325,0.4245593845844269,0.043586067855358124,0.42885375022888184,0.41761597990989685,0.12808652222156525,0.0,0.6595676566163698,14.563440481821695,0.6016391838590304,0.13775003193454308,0.1236247369511561,0.07245088234247471,0.2967843267727982,0.1634197235107422,2.5090976277987163,0.08363658759329054
740,4,0.00019941491442967334,0.6455780497936127,0.4199292063713074,0.02951774373650551,0.4058382511138916,0.3184148967266083,0.07038819789886475,0.0,0.7255371809005737,14.460423310597738,0.5962728957335154,0.1686498075723648,0.14209437946026976,0.06733554455620999,0.2773851842026819,0.16412901878356934,2.570893081029256,0.08569643603430854
760,4,0.0001993804900074387,0.6446538854306878,0.3402872085571289,0.028643369674682617,0.34746479988098145,0.2751930356025696,0.08218657225370407,0.0,0.6201136683424314,14.757797559102377,0.6159067476789156,0.12366014617410573,0.11362922496416351,0.06736948074434292,0.2720236718993295,0.16368865966796875,2.6312961260477703,0.087709870868259
780,4,0.00019934508477677934,0.6563928019723763,0.4016217589378357,0.03951103240251541,0.33305972814559937,0.2782183587551117,0.08318623155355453,0.0,0.649356963733832,14.168831984202066,0.5864105721314748,0.11139752360230143,0.12458477982065895,0.047967366032852704,0.18812900289512155,0.1636219024658203,2.6918312311172485,0.08972770770390828
800,4,0.0001993086990888843,0.6607439231003849,0.3684316575527191,0.03925766050815582,0.3692929744720459,0.3095846176147461,0.04772377014160156,0.0,0.7051747540632883,14.755904197692871,0.6010040615995725,0.14726908098567615,0.13334353810006921,0.08184325500306758,0.32618756105446,0.1636815071105957,2.7568127274513246,0.09189375758171081
820,4,0.00019927133330466796,0.6663729253616953,0.37521296739578247,0.030877482146024704,0.35990285873413086,0.3171219229698181,0.03348533436655998,0.0,0.631443145374457,14.848304351170858,0.6077812065680822,0.11794081635095856,0.11318996921181679,0.06906087991823866,0.27009946082464675,0.16347050666809082,2.823363486925761,0.0941121162308587
840,4,0.0001992329877947664,0.6478804052972575,0.45275285840034485,0.04283082112669945,0.3293898105621338,0.2673754096031189,0.07126656919717789,0.0,0.5999157205224037,13.871441523234049,0.5852204412221909,0.10394678738984195,0.10474665022709152,0.026861972937529736,0.10959676881744103,0.1633920669555664,2.88355374733607,0.09611845824453566
860,5,0.0001991936629395337,0.6676795935158658,0.35688039660453796,0.0353458896279335,0.45224636793136597,0.3550761640071869,0.031527649611234665,0.0,0.6993120387196541,14.871729135513306,0.6119537527362505,0.14950026165355335,0.128664550117471,0.07763544366356324,0.31188418208198115,0.1608142852783203,2.9631040334701537,0.09877013444900512
880,5,0.0001991533591290382,0.6691069883230679,0.39399683475494385,0.032397013157606125,0.4105367660522461,0.33372682332992554,0.07705830037593842,0.0,0.6310241570075353,15.001264810562134,0.6259743024905523,0.136813300577077,0.10722165520895612,0.07450345239009369,0.3050947514447299,0.16369056701660156,3.0246416568756103,0.10082138856252035
900,5,0.00019911207676305862,0.6800914609301522,0.3708498775959015,0.032149627804756165,0.34113454818725586,0.21939030289649963,0.0674910768866539,0.0,0.7297188316782316,14.543306589126587,0.5845988144477209,0.13123662972992117,0.13798947259783745,0.06752619010777297,0.2676500487141311,0.16350412368774414,3.0903737703959147,0.10301245901319715
920,5,0.00019906981625108014,0.6774707747894986,0.5502508878707886,0.05449458584189415,0.3929542303085327,0.3392854928970337,0.05324343591928482,0.0,0.60520522048076,14.36379305521647,0.5791260475913683,0.09599124199964783,0.10837582058527252,0.04501176700895568,0.1863092555537481,0.16405248641967773,3.1617485880851746,0.10539161960283915
940,5,0.00019902657801229025,0.6691560225214808,0.49278438091278076,0.05742916092276573,0.40290510654449463,0.368842214345932,0.05628903582692146,0.0,0.7825292125344276,14.609379371007284,0.5968007345994314,0.16104819964278827,0.1542080803350969,0.07714898709673434,0.3096247336573221,0.16344761848449707,3.2274803201357525,0.10758267733785841
960,5,0.0001989823624755747,0.6569127007618873,0.3305447995662689,0.044483482837677,0.4109962582588196,0.4034528434276581,0.027083441615104675,0.0,0.6260763481259346,14.74140206972758,0.6129048516352972,0.10675457932732323,0.10993642122908072,0.0629475625729273,0.2566986821422523,0.16453933715820312,3.2985907912254335,0.10995302637418111
980,5,0.00019893717007951308,0.659279297907516,0.3132117688655853,0.043213825672864914,0.4403982162475586,0.3874107301235199,0.059448499232530594,0.0,0.7015801072120667,14.6037970383962,0.6031877746184667,0.1271785558624701,0.12948575243353844,0.0641811705109748,0.25160469025881455,0.1635894775390625,3.3594309449195863,0.11198103149731954
1000,5,0.0001988910012723747,0.6501400674370058,0.2845929265022278,0.015249162912368774,0.21133291721343994,0.18284225463867188,0.08727468550205231,0.0,0.7122598811984062,14.94955579439799,0.6233924453457197,0.14057539809833874,0.12977577881379562,0.08221790652235293,0.33081441050903365,0.2722618579864502,3.421697111924489,0.11405657039748297
1020,5,0.00019884385651211387,0.6545551206479091,0.4551994204521179,0.03631206974387169,0.3840753436088562,0.2574293613433838,0.0923268049955368,0.0,0.5785714834928513,14.51523232460022,0.6167900984485944,0.1124727629463781,0.08560883694074371,0.041816120326984674,0.1848348929885436,0.16411137580871582,3.487713019053141,0.11625710063510471
1040,5,0.00019879573626636567,0.669606752544165,0.4857429265975952,0.04302371293306351,0.4714620113372803,0.39336010813713074,0.047529514878988266,0.0,0.7699130848050117,14.512777407964071,0.5961353729168574,0.13806174966421994,0.15039203451438385,0.07045918111477724,0.2821527680763128,0.16383123397827148,3.549588139851888,0.1183196046617296
1060,5,0.00019874664101244101,0.6862593000090872,0.37030401825904846,0.05592679977416992,0.3210322856903076,0.29662981629371643,0.06782971322536469,0.0,0.7293139174580574,15.038513978322348,0.6162914087375005,0.14143632284619592,0.13493439081040295,0.08293894520135257,0.33825183989988133,0.16371822357177734,3.610155685742696,0.12033852285808987
1080,6,0.00019869657123732214,0.6671302470791312,0.4060717821121216,0.03321029245853424,0.2904071807861328,0.25744831562042236,0.06656572967767715,0.0,0.569344929109017,14.704382260640463,0.626422589023908,0.09949700991538438,0.09208312698385933,0.04931326163932681,0.22020604004236785,0.16394829750061035,3.686880191167196,0.12289600637223985
1100,6,0.00019864552743765763,0.6548347027107533,0.35806310176849365,0.03299164026975632,0.30410218238830566,0.21588020026683807,0.03219947963953018,0.0,0.5695962185660998,14.05283292134603,0.5876740490396818,0.08104251460595564,0.09582612189379605,0.023406454467807303,0.09393004502635449,0.16425728797912598,3.747767714659373,0.12492559048864577
1120,6,0.0001985935101197576,0.6691034023773044,0.3876346945762634,0.03440968319773674,0.3877660632133484,0.32714641094207764,0.07164972275495529,0.0,0.6327209721008936,14.787803093592325,0.6054007510344187,0.10139974833212116,0.1131632046943361,0.057273576840419664,0.21723562487485734,0.1640925407409668,3.8201266010602315,0.1273375533686744
1140,6,0.00019854051979958852,0.6704868368852859,0.3136252462863922,0.024602573364973068,0.2874755263328552,0.25210291147232056,0.052924443036317825,0.0,0.6484073375662168,15.134172677993774,0.630287729203701,0.13220157067884097,0.11318993602286685,0.07259669485078617,0.29919315510514105,0.16443800926208496,3.882240891456604,0.12940802971522014
1160,6,0.00019848655700276831,0.6707763030855188,0.44389206171035767,0.04877723380923271,0.38591450452804565,0.3115283250808716,0.11091438680887222,0.0,0.8359623973568281,13.66502277056376,0.5675358325242996,0.13961336761713028,0.1790766790509224,0.05527924223464321,0.20430266780948098,0.16392755508422852,3.945813540617625,0.1315271180205875
1180,6,0.00019843162226456098,0.6938137076579008,0.40911245346069336,0.03387269750237465,0.32840555906295776,0.2969985604286194,0.0640307068824768,0.0,0.5829512948791186,14.940872271855673,0.6352593625585238,0.09401633505794135,0.09781404279849747,0.062406727874820885,0.24853900726884604,0.16792011260986328,4.008915098508199,0.13363050328360662
1200,6,0.00019837571612987126,0.696770692902669,0.372837096452713,0.034793704748153687,0.34248459339141846,0.274918794631958,0.05116257071495056,0.0,0.6095814084013303,15.329872528711954,0.6497711315751076,0.1360284388065338,0.09541381895542145,0.08364432940090244,0.34757480838082055,0.16538262367248535,4.075953431924185,0.1358651143974728
1220,6,0.0001983188391532394,0.704270521406499,0.5465830564498901,0.05207395181059837,0.3278670907020569,0.24071167409420013,0.08697091042995453,0.0,0.5848439907034239,14.099621693293253,0.5995255758364996,0.08546914973042229,0.10248272832144391,0.03441496057679284,0.12608026937496933,0.16417908668518066,4.155226937929789,0.13850756459765964
1240,6,0.00019826099189883554,0.6826524056156387,0.40397122502326965,0.045157741755247116,0.3421977162361145,0.32506346702575684,0.0714850053191185,0.0,0.6610296840469042,14.864233811696371,0.6089376707871755,0.11583939499475739,0.12240114604884927,0.06377369072288275,0.24858316271142525,0.16392993927001953,4.216736078262329,0.14055786927541097
1260,6,0.00019820217494045407,0.6790205960915167,0.28099149465560913,0.03168224170804024,0.3476354479789734,0.28372836112976074,0.04941423609852791,0.0,0.5799080754319826,14.758764584859213,0.6314854671557745,0.10279737903990528,0.09548994323069399,0.05463935151188211,0.22045280691236258,0.16358351707458496,4.277990261713664,0.14259967539045545
1280,6,0.0001981423888615081,0.6702453988067193,0.4023548662662506,0.043495744466781616,0.4577510952949524,0.4158015251159668,0.06201009824872017,0.0,0.5602671119074026,14.3448646068573,0.60323067009449,0.0845723074268211,0.0923024561594833,0.03233990956373005,0.1260731239930134,0.16344618797302246,4.339395026365916,0.14464650087886385
1300,7,0.00019808163425502346,0.6721657474037495,0.37403303384780884,0.03970066457986832,0.36061978340148926,0.2839706838130951,0.053772617131471634,0.0,0.5528065909941992,14.226927757263184,0.6127181574702263,0.08756703383881938,0.08919135718183084,0.03282679834360765,0.1268205294724215,0.16361474990844727,4.404318126042684,0.1468106042014228
1320,7,0.00019801991172363297,0.6688980792467979,0.44898778200149536,0.038712821900844574,0.3538336753845215,0.283402681350708,0.05481591075658798,0.0,0.6404737308621407,14.816376129786173,0.6184926703572273,0.11125288869846951,0.11604197695851326,0.060627296111885116,0.23514822794293816,0.16365456581115723,4.4709706664085385,0.1490323555469513
1340,7,0.0001979572218795705,0.6532062086623144,0.39914458990097046,0.03218413144350052,0.2974647283554077,0.2685389816761017,0.0446665920317173,0.0,0.6106065064668655,14.844991525014242,0.6094370832045873,0.08862966620786623,0.10877120460976254,0.054751593958247795,0.21673334271393038,0.16381216049194336,4.541416700681051,0.15138055668936837
1360,7,0.0001978935653446647,0.6521775560106684,0.4221273362636566,0.03880251199007034,0.27238786220550537,0.27300068736076355,0.10373067110776901,0.0,0.6892967646320661,15.364043633143107,0.6355356772740682,0.14121481573039835,0.11680406535213644,0.09042064597914842,0.36344185192137957,0.16376042366027832,4.602902483940125,0.15343008279800416
1380,7,0.00019782894275033306,0.6452916467656955,0.4084835350513458,0.03862985968589783,0.39327287673950195,0.31149646639823914,0.015506555326282978,0.0,0.6027438640594482,15.016152620315552,0.616624005138874,0.09920903684740717,0.10065090927210721,0.060858674749562684,0.23786236125637183,0.16361141204833984,4.6657687266667685,0.1555256242222256
1400,7,0.00019776335473757544,0.6334852491206616,0.3873938024044037,0.04310993105173111,0.3735170364379883,0.30404436588287354,0.018053226172924042,0.0,0.5984743063648542,15.005120356877645,0.624260313808918,0.09172403524545106,0.10182349062101408,0.05949469998648221,0.23268816035918213,0.16395020484924316,4.727498006820679,0.15758326689402263
1420,7,0.00019769680195696785,0.6484695511265836,0.5146612524986267,0.03881765529513359,0.4015069603919983,0.3112442195415497,0.07228171080350876,0.0,0.556020530561606,14.807963927586874,0.6278118590513865,0.08697767454114827,0.09056205607273361,0.04946055593477054,0.1925643286244436,0.1634078025817871,4.797376982371012,0.15991256607903376
1440,7,0.00019762928506865605,0.6403745699602525,0.4092174172401428,0.03918800503015518,0.29080289602279663,0.2458566129207611,0.011011946015059948,0.0,0.7088114023208618,15.028242746988932,0.614471897482872,0.1272564415227283,0.12623516233129936,0.08200193130390042,0.32950965594500303,0.16381406784057617,4.8589354713757835,0.1619645157125261
1460,7,0.00019756080474234874,0.6499841531181328,0.36757341027259827,0.046668779104948044,0.3563157916069031,0.33169645071029663,0.014187056571245193,0.0,0.66458377490441,15.152665932973227,0.6307551711797714,0.11247710341756995,0.11787499047138474,0.07367080788720738,0.2936383491297337,0.16406488418579102,4.922173285484314,0.16407244284947714
1480,7,0.0001974913616573112,0.6473777025721192,0.4235595762729645,0.03950326144695282,0.27897214889526367,0.24266432225704193,0.027833828702569008,0.0,0.5544258952140808,14.351622104644775,0.5972541570663452,0.07466580244627866,0.09434729374267838,0.03757300008808009,0.14024859260429035,0.16361665725708008,4.983494400978088,0.16611648003260296
1500,8,0.0001974209565023584,0.6311824584275135,0.29151174426078796,0.03390173614025116,0.3455277681350708,0.31302255392074585,0.01575683429837227,0.0,0.7844775766134262,14.782646814982096,0.6202308187882105,0.16013243320313367,0.14780507947910915,0.09283971642567353,0.3635742147876458,0.1663191318511963,5.061503597100576,0.1687167865700192
1520,8,0.00019734958997584822,0.6536480442953012,0.4391511082649231,0.05008844658732414,0.45478397607803345,0.45300984382629395,0.038678452372550964,0.0,0.5681755890448889,14.512002865473429,0.6259421308835348,0.0967650714076378,0.09193266995928505,0.04155768153511665,0.17278897237371316,0.16347885131835938,5.1285752336184185,0.1709525077872806
1540,8,0.00019727726278567453,0.6496977806478821,0.38356921076774597,0.037900373339653015,0.3188142776489258,0.30414310097694397,0.049077827483415604,0.0,0.6449501862128576,14.84841783841451,0.6264512663086256,0.09971981089223515,0.11566141823476012,0.06275547261942517,0.24672552566467362,0.16349363327026367,5.1947636564572655,0.1731587885485755
1560,8,0.00019720397564926013,0.6648052715952752,0.4932532012462616,0.05613183230161667,0.3731473684310913,0.37305718660354614,0.07908686995506287,0.0,0.7657138953606287,15.27557110786438,0.6526496261358261,0.17554321072318338,0.13134930248964916,0.11009500666775486,0.44842759638347407,0.16375255584716797,5.256124011675516,0.17520413372251722
1580,8,0.0001971297292935496,0.6576819813435573,0.3536970317363739,0.030465273186564445,0.30374211072921753,0.2768062651157379,0.11595175415277481,0.0,0.7318260048826536,15.380577166875204,0.6425738657514254,0.1526642001487992,0.1260932165790688,0.10493222966959531,0.4284409491175955,0.16382765769958496,5.31754979689916,0.17725165989663866
1600,8,0.00019705452445500224,0.6527711792492357,0.3137953579425812,0.03538089245557785,0.3392223119735718,0.31403547525405884,0.08116187155246735,0.0,0.6851747433344523,15.495647033055624,0.6383914723992348,0.13067700917070563,0.11777016825296661,0.09401265282014554,0.380785588005727,0.16364455223083496,5.3784848809242245,0.17928282936414083
1620,8,0.00019697836187958456,0.6418867810443657,0.3380153179168701,0.0304449200630188,0.29690635204315186,0.22901128232479095,0.05407940596342087,0.0,0.6040539418657621,14.612099250157675,0.612012247244517,0.09163910895586014,0.1060615483332764,0.049122986807064575,0.18452890488234433,0.16374850273132324,5.446104288101196,0.1815368096033732
1640,8,0.0001969012423227631,0.6399560803887607,0.500474214553833,0.06671645492315292,0.38254112005233765,0.37999099493026733,0.024201827123761177,0.0,0.6742617636919022,15.355834563573202,0.6377997944752375,0.12218030135739934,0.11948206580498001,0.08009400610304014,0.3347557518546554,0.16362476348876953,5.507732013861339,0.1835910671287113
1660,8,0.00019682316654949668,0.6519642211263398,0.4429795742034912,0.0442967526614666,0.32370615005493164,0.3351762294769287,0.08273444324731827,0.0,0.6560448010762533,15.072268009185791,0.6290048485000929,0.1167378920045766,0.11591684378006241,0.0681519335008819,0.2907701627012681,0.1636824607849121,5.5692446748415625,0.18564148916138543
1680,8,0.00019674413533422912,0.6528033437961555,0.3606456220149994,0.028398755937814713,0.32326436042785645,0.2656213939189911,0.060549404472112656,0.0,0.5895195665458838,15.057600259780884,0.640264593064785,0.10325708680532196,0.09944300929253752,0.05614114586602558,0.23106565698981285,0.163435697555542,5.631192429860433,0.1877064143286811
1700,8,0.00019666414946088124,0.6464405295027078,0.42730847001075745,0.04248149320483208,0.3883647918701172,0.3522966802120209,0.03888746723532677,0.0,0.6559057657917341,13.856883764266968,0.5768530716498693,0.08566829731518572,0.12247689068317413,0.03505513141863048,0.12313866382464767,0.16386938095092773,5.692888828118642,0.18976296093728806
1720,9,0.00019658320972284335,0.6490481012422674,0.3550371527671814,0.029441801831126213,0.33416008949279785,0.3275909125804901,0.08519487082958221,0.0,0.6450521548589071,15.831921339035034,0.6801313832402229,0.14082462882453745,0.10223740694875066,0.10432961312207309,0.41820559921589767,0.16428685188293457,5.7622838616371155,0.1920761287212372
1740,9,0.00019650131692296722,0.6320834875356771,0.34314242005348206,0.03383135050535202,0.31234210729599,0.26810282468795776,0.04307481646537781,0.0,0.5704449191689491,14.183890501658121,0.6002273534735044,0.07624723880805752,0.09851964156736027,0.031110895130867986,0.10677273944020271,0.16366076469421387,5.823913470904032,0.1941304490301344
1760,9,0.00019641847187355817,0.637460728682689,0.5101175904273987,0.04374378174543381,0.35467320680618286,0.3277672231197357,0.06378079950809479,0.0,0.5639049758513769,14.876969496409098,0.6239068458477656,0.07887188277461311,0.09925119951367378,0.05084053494713523,0.1986384392631325,0.1647179126739502,5.884446616967519,0.19614822056558398
1780,9,0.000196334675396367,0.6165956243768937,0.35176146030426025,0.03793969005346298,0.35981202125549316,0.30274561047554016,0.11892377585172653,0.0,0.5978230088949203,14.847749471664429,0.6255157043536504,0.09000795724039728,0.10667091811245138,0.05564841610083187,0.21856086231260138,0.1638035774230957,5.94666961034139,0.198222320344713
1800,9,0.00019624992832258185,0.6202669548550505,0.32969823479652405,0.03310829773545265,0.32689809799194336,0.29822325706481934,0.05559821054339409,0.0,0.7262961293260256,14.59702213605245,0.6123495375116667,0.1123885725709525,0.1422218114814975,0.06577516148205508,0.25592851850458165,0.1635439395904541,6.022673205534617,0.20075577351782056
1820,9,0.00019616423149281995,0.6199282282296646,0.5553300380706787,0.055310361087322235,0.35731613636016846,0.3086642324924469,0.038028281182050705,0.0,0.6618903030951818,15.150774637858072,0.6390611007809639,0.11528453806584532,0.12294911288402298,0.06935559024780312,0.2695052831179716,0.16379976272583008,6.088795415560404,0.20295984718534682
1840,9,0.00019607758575711934,0.609523201380842,0.21187297999858856,0.03162413835525513,0.24423569440841675,0.2453838586807251,0.05182472616434097,0.0,0.7661645859479904,14.735867500305176,0.6374231800436974,0.14789368263022465,0.14506870880723,0.09325642881660977,0.37021686301820655,0.16377973556518555,6.153041311105093,0.20510137703683642
1860,9,0.00019598999197493021,0.6314487233472218,0.19799074530601501,0.028238989412784576,0.25418323278427124,0.2621225118637085,0.07038310170173645,0.0,0.6363616858919462,15.112892866134644,0.6343365833163261,0.10024021650579842,0.1151024302975698,0.06824095789025622,0.269254221199927,0.16419601440429688,6.214305027325948,0.20714350091086495
1880,9,0.00019590145101510678,0.6034501065560943,0.3057948350906372,0.03134862706065178,0.2805553674697876,0.2509811818599701,0.030551360920071602,0.0,0.5574534522990385,15.088114897410074,0.6611115311582884,0.09212845115160401,0.0927043885669925,0.06357682850846852,0.24208193534815853,0.16396212577819824,6.27521546681722,0.20917384889390733
1900,9,0.0001958119637558983,0.6190976295762242,0.7019743323326111,0.08313887566328049,0.38807976245880127,0.32860082387924194,0.06603936105966568,0.0,0.5389144544800123,14.233686765034994,0.6240189795692762,0.07605953937904401,0.08859573338519443,0.03467847148369236,0.11770727627233347,0.16357159614562988,6.341375319163005,0.21137917730543349
1920,9,0.00019572153108494048,0.6329526181617222,0.4253866970539093,0.04700348898768425,0.3514654040336609,0.3551212251186371,0.030645452439785004,0.0,0.6927345097064972,14.57708247502645,0.6223921477794647,0.1050484844229438,0.12963214923035016,0.06943229446187615,0.25441241928968916,0.16320300102233887,6.408201233545939,0.21360670778486462
1940,10,0.00019563015389924675,0.6399943728011861,0.3539467453956604,0.022855371236801147,0.300276517868042,0.26011261343955994,0.11061888933181763,0.0,0.7604745924472809,15.665229558944702,0.6816523472468058,0.18775862116705289,0.13086364841596645,0.12337959843518381,0.5101309157907963,0.16423296928405762,6.4960201501846315,0.21653400500615438
1960,10,0.0001955378331051993,0.6509138025461912,0.45598477125167847,0.044118933379650116,0.37562882900238037,0.3651771545410156,0.0778726264834404,0.0,0.7862462997436523,15.09319273630778,0.6350093185901642,0.17249682173132896,0.14429065144874834,0.1019496009579267,0.41910454393787816,0.16346263885498047,6.557293510437011,0.21857645034790038
1980,10,0.00019544456961854007,0.6332870319666511,0.5202802419662476,0.06390044093132019,0.48152846097946167,0.40711554884910583,0.022086048498749733,0.0,0.6423678658902645,14.452321767807007,0.6016330470641454,0.09834379635073921,0.11530564725399017,0.05116038957070983,0.2005264361664145,0.16381239891052246,6.619111899534861,0.2206370633178287
2000,10,0.0001953503643643617,0.6267684803731058,0.4859415590763092,0.04074208438396454,0.3942905068397522,0.33462008833885193,0.058378152549266815,0.0,0.6492172442376614,15.068519433339437,0.6282069782416025,0.09525100361894477,0.12128221108154817,0.06840671941278163,0.2591187371025709,0.16376566886901855,6.680172038078308,0.22267240126927693
2020,10,0.00019525521827709835,0.6430187347395729,0.40988677740097046,0.037668805569410324,0.3165566325187683,0.3411668539047241,0.06523466855287552,0.0,0.7321183582146963,15.036308924357096,0.645094707608223,0.1432063796303489,0.1395920112051747,0.08445619946261021,0.32734504380178725,0.16356921195983887,6.74661035935084,0.22488701197836133
2040,10,0.00019515913230051641,0.6388669042986527,0.49256354570388794,0.046752046793699265,0.3771158456802368,0.28384703397750854,0.018028806895017624,0.0,0.8218150114019712,14.488828897476196,0.6245109538237253,0.16916490617123517,0.16444802487438376,0.08887524146120995,0.3533375481651588,0.1637105941772461,6.808298436800639,0.22694328122668797
2060,10,0.00019506210738770512,0.6192923630934007,0.3482728898525238,0.038115501403808594,0.34789007902145386,0.274555504322052,0.02755638398230076,0.0,0.6457360660036405,14.683431069056192,0.6019380415479342,0.09106387655166062,0.1191933039914478,0.054897048726243985,0.21414394847075033,0.16362357139587402,6.869979015986124,0.22899930053287082
2080,10,0.0001949641445010673,0.6307578744716866,0.383606880903244,0.03304801136255264,0.27742689847946167,0.23710590600967407,0.048673808574676514,0.0,0.6817813217639923,15.549028237660727,0.6590235282977422,0.13878806528042664,0.12017192827029662,0.09122566668189723,0.3656964786350727,0.16355180740356445,6.938701697190603,0.2312900565730201
2100,10,0.00019486524461230942,0.6278846500131005,0.41929662227630615,0.04331005737185478,0.3375294804573059,0.3164382576942444,0.047211285680532455,0.0,0.6894063303867976,15.802360693613688,0.6650116667151451,0.13985153626311908,0.1167263114316897,0.10407925128344107,0.42385753472758964,0.16379928588867188,7.0186227003733315,0.23395409001244438
2120,10,0.00019476540870243245,0.6297796849757331,0.5485949516296387,0.06257498264312744,0.48864030838012695,0.43301790952682495,0.019880834966897964,0.0,0.5806282386183739,15.260491847991943,0.6603764618436495,0.09672797191888094,0.09811645746231079,0.07025059987790883,0.27878313354978507,0.16366147994995117,7.089681720733642,0.23632272402445476
2140,10,0.00019466463776172165,0.6242072063459617,0.38885024189949036,0.029736366122961044,0.28481894731521606,0.2461312711238861,0.09591824561357498,0.0,0.5729027303556601,15.523470242818197,0.67459636926651,0.09796205027536913,0.09567479179664092,0.0753448910863054,0.29933495057577436,0.16333913803100586,7.1518381357192995,0.23839460452397665
2160,11,0.0001945629327897371,0.6187387531974696,0.416552871465683,0.04184150695800781,0.32182639837265015,0.32956230640411377,0.05274408683180809,0.0,0.6148897136251131,15.175469875335693,0.65004284431537,0.1148476739498702,0.10140471092679283,0.07603831380732697,0.3068902973000976,0.16358590126037598,7.227344369888305,0.24091147899627685
2180,11,0.00019446029479530365,0.6084951716325951,0.23961998522281647,0.012723652645945549,0.25516563653945923,0.19792751967906952,0.07553098350763321,0.0,0.5779254299898943,15.939859390258789,0.6818046048283577,0.11772290261631663,0.08991302143443715,0.08466343332971023,0.3546066659248688,0.16418695449829102,7.287821380297343,0.24292737934324476
2200,11,0.00019435672479650091,0.6129807239712509,0.3301489055156708,0.03417516127228737,0.33765822649002075,0.31458452343940735,0.06622271984815598,0.0,0.6452018742760023,15.429848909378052,0.660029244919618,0.10016431930390271,0.11937828886915337,0.07421628560669805,0.2908102536298843,0.1635890007019043,7.3480198582013445,0.24493399527337817
2220,11,0.0001942522238206531,0.6271617405504479,0.4077913761138916,0.03123386576771736,0.33789539337158203,0.2846808135509491,0.0717635229229927,0.0,0.5684268486996492,15.231358766555786,0.6569162135322889,0.0931071015921506,0.09761497547680681,0.05501859743592583,0.22450593126599083,0.16376543045043945,7.413380018870035,0.24711266729566786
2240,11,0.000194146792904319,0.6250636813749161,0.3426593244075775,0.03579464554786682,0.33693379163742065,0.3195849359035492,0.06148829311132431,0.0,0.6258676548798879,15.20658834775289,0.6359018211563429,0.09025110558352688,0.11250766298987648,0.06763647398805585,0.2579295707824217,0.1636362075805664,7.478271273771922,0.24927570912573072
2260,11,0.00019404043309328157,0.6214418507876048,0.4187096655368805,0.035410650074481964,0.24102216958999634,0.21886157989501953,0.059757888317108154,0.0,0.8764593501885732,13.984093507130941,0.6596182957291603,0.2018889639187943,0.17981300198219038,0.11408113681880588,0.4511931920424104,0.1636054515838623,7.538491439819336,0.2512830479939779
2280,11,0.00019393314544253757,0.6205382328301953,0.33165642619132996,0.03717935085296631,0.3628513216972351,0.30810248851776123,0.014278857968747616,0.0,0.672928919394811,15.676928281784058,0.6669785777727762,0.12004976685751569,0.12287781116637317,0.08773578369503164,0.3460843686691739,0.16379976272583008,7.598334701855977,0.2532778233951992
2300,11,0.00019382493101628717,0.6214151914175277,0.3378545343875885,0.027284856885671616,0.2695333957672119,0.2550347149372101,0.07450886815786362,0.0,0.5837459241350492,15.72766629854838,0.6647515172759692,0.10266939211975444,0.09743141162801873,0.0718939275036312,0.29259450026703154,0.1639692783355713,7.658560756842295,0.2552853585614098
2320,11,0.0001937157908879233,0.6063778540244635,0.4157412350177765,0.04695325717329979,0.3385303020477295,0.35029906034469604,0.06159950792789459,0.0,0.506172721584638,15.544902165730795,0.6918158928553263,0.09352982365949587,0.07518151114610108,0.0689692682671276,0.2621940902688287,0.16396522521972656,7.724218094348908,0.2574739364782969
2340,11,0.00019360572614002112,0.6220994004197528,0.3692757189273834,0.04312402009963989,0.3811495900154114,0.3845458924770355,0.058592747896909714,0.0,0.6158832783500353,15.135643402735392,0.6327136854330698,0.08489843271672726,0.11468379131772301,0.0625193658687005,0.23120273526927287,0.1637427806854248,7.784246432781219,0.25947488109270733
2360,12,0.00019349473786432707,0.6092564156743913,0.37152665853500366,0.04648204892873764,0.31699347496032715,0.3065510392189026,0.016667868942022324,0.0,0.5608762080470721,16.09684220949809,0.7059993868072828,0.1075165407224135,0.0890706479549408,0.08788951945660467,0.34654721719297493,0.16347861289978027,7.853204667568207,0.2617734889189402
2380,12,0.00019338282716174836,0.6304049585674374,0.49341148138046265,0.04829728603363037,0.48617905378341675,0.4290667474269867,0.09127187728881836,0.0,0.6127044173578421,15.631651560465494,0.6651791209975878,0.11321524953977628,0.10346265018663624,0.08412703119260682,0.3318738321858374,0.16343116760253906,7.9129960854848225,0.2637665361828274
2400,12,0.00019326999514234175,0.6333796566503779,0.2962186634540558,0.030319303274154663,0.29722994565963745,0.24240140616893768,0.007122871465981007,0.0,0.6150649189949036,14.29878799120585,0.6125433494647344,0.09184432588517666,0.10874250497330319,0.04234131533832459,0.1572843735444952,0.16340184211730957,7.9730673352877295,0.26576891117625767
2420,12,0.0001931562429253027,0.6299669422394434,0.49095943570137024,0.04499395191669464,0.3723992705345154,0.3114907443523407,0.06269719451665878,0.0,0.6475981523593267,15.476521094640097,0.6766164799531301,0.12694296342405406,0.1127881741320545,0.08480443363077939,0.3388911595737392,0.16443753242492676,8.03922963142395,0.267974321047465
2440,12,0.00019304157163895421,0.6218249400021486,0.27706608176231384,0.031162124127149582,0.26771605014801025,0.2786632478237152,0.04267195612192154,0.0,0.6746867448091507,15.697224299112955,0.6743017310897509,0.1352543927390467,0.11783866059373725,0.10590805587443439,0.401374465955252,0.16359639167785645,8.104950884977976,0.2701650294992659
2460,12,0.0001929259824207357,0.6095547222341618,0.4220294952392578,0.045717477798461914,0.3180065155029297,0.28024929761886597,0.02024656906723976,0.0,0.5436892236272494,14.292494535446167,0.6255722989638647,0.08184077946299856,0.08829650655388832,0.038538016234021845,0.12616432471391323,0.16600751876831055,8.165424088637034,0.2721808029545678
2480,12,0.00019280947641719162,0.6043586094648268,0.4994262754917145,0.04818066209554672,0.3195769786834717,0.24789880216121674,0.04249783605337143,0.0,0.5805273515482744,15.7217009862264,0.6668514187137285,0.09237375296652317,0.10240398262712089,0.07271073561754417,0.28249123006720434,0.16358637809753418,8.225887648264568,0.2741962549421522
2500,12,0.00019269205478396014,0.6141057286367991,0.2601175606250763,0.01981155201792717,0.250255286693573,0.2295321226119995,0.07508494704961777,0.0,0.5340730013946692,15.541962464650473,0.6750512818495432,0.08217705430632288,0.09103079377250238,0.06491037572480061,0.25694319707426155,0.16403698921203613,8.286717637379963,0.2762239212459988
2520,12,0.00019257371868576173,0.6179168568614419,0.5894799828529358,0.05728813260793686,0.3526272177696228,0.3518936336040497,0.05898156389594078,0.0,0.5116566146413485,14.786175409952799,0.6429447506864866,0.07406417415900664,0.08156809481707486,0.04610741281860762,0.1753535668196326,0.1637420654296875,8.352762075265248,0.2784254025088416
2540,12,0.00019245446929638747,0.6015292587293593,0.37608087062835693,0.03396410867571831,0.30277419090270996,0.2517669200897217,0.03447849676012993,0.0,0.639456070959568,14.553462425867716,0.6045492440462112,0.0981950079175559,0.11588178879835388,0.053218264651315454,0.18733990806239573,0.1637868881225586,8.416473158200581,0.28054910527335275
2560,12,0.00019233430779868758,0.6124702191521741,0.31127360463142395,0.02124522626399994,0.3048110008239746,0.26141053438186646,0.08187312632799149,0.0,0.7011071319381396,15.281128644943237,0.6660027205944061,0.12787910720164125,0.13571045005863364,0.08842747461643409,0.3286746913905848,0.1636946201324463,8.486160004138947,0.2828720001379649
2580,13,0.00019221323538455955,0.6146428304398034,0.3544427156448364,0.03679092973470688,0.35020381212234497,0.3000856339931488,0.04382333531975746,0.0,0.730792353550593,15.046306451161703,0.6546300301949183,0.1278231150724671,0.14062866873361848,0.09073799390303479,0.3562750547954982,0.16352128982543945,8.559399294853211,0.28531330982844033
2600,13,0.00019209125325493642,0.6326881410547254,0.4589763879776001,0.050766244530677795,0.4036669135093689,0.3254052996635437,0.01848512701690197,0.0,0.7158520147204399,14.336712757746378,0.5902571603655815,0.10421074147928845,0.14644178917462175,0.05117063341789286,0.18642815435305238,0.16387152671813965,8.619769418239594,0.2873256472746531
2620,13,0.00019196836261977475,0.622948657949389,0.34562188386917114,0.03686109185218811,0.32514041662216187,0.3046536147594452,0.0299032311886549,0.0,0.7099465057253838,14.686819632848104,0.6244611218571663,0.10003337907520207,0.1480565220117569,0.06162456360338679,0.22557052919133144,0.16336941719055176,8.685806548595428,0.28952688495318096
2640,13,0.00019184456469804268,0.6216684249202481,0.3533734679222107,0.027424683794379234,0.2851356863975525,0.2724626064300537,0.11779901385307312,0.0,0.7239939446250597,15.534225543340048,0.6837388873100281,0.16367486424066804,0.13557792421091686,0.1036823159083724,0.3975322327830575,0.1636650562286377,8.745644028981527,0.2915214676327176
2660,13,0.0001917198607177079,0.6246643443811232,0.5456418991088867,0.05147852003574371,0.3830452561378479,0.3359379470348358,0.04836239665746689,0.0,0.694811187684536,14.875629981358847,0.6422638768951098,0.10756288587369701,0.13956581225449388,0.06803979697129266,0.2561268587173386,0.16417932510375977,8.807781386375428,0.29359271287918093
2680,13,0.00019159425191572543,0.6098505277806966,0.3040020167827606,0.031061172485351562,0.32353609800338745,0.31500035524368286,0.02393609844148159,0.0,0.6642734135190645,15.085575262705484,0.6452038387457529,0.10214084149761633,0.1277890195223418,0.06921928489199755,0.25025166156278417,0.16353821754455566,8.879249930381775,0.2959749976793925
2700,13,0.0001914677395380252,0.5957893451695013,0.2859920263290405,0.0301296915858984,0.3192996382713318,0.26808714866638184,0.05026835948228836,0.0,0.5487632192671299,15.318527777989706,0.6445087691148123,0.07325354624878276,0.09450554763051597,0.05435767326906154,0.203436599959704,0.1642444133758545,8.941187159220378,0.2980395719740126
2720,13,0.00019134032483950005,0.5862150735933745,0.3386637270450592,0.032586827874183655,0.36853116750717163,0.30366796255111694,0.023185787722468376,0.0,0.6191122780243555,15.013037919998169,0.6251999710996946,0.0842876263301481,0.11628895490006967,0.05508148770737038,0.1949661050034179,0.16417884826660156,9.011256722609202,0.3003752240869734
2740,13,0.00019121200908399282,0.5878976185654001,0.41712161898612976,0.04736259579658508,0.41813045740127563,0.363481730222702,0.04685545340180397,0.0,0.627224742124478,14.362654527028402,0.6040633196632067,0.08798395317386497,0.11727715215899727,0.043143526249133916,0.14887434417985126,0.16362810134887695,9.071644687652588,0.30238815625508625
2760,13,0.00019108279354428418,0.5979303544852312,0.43043601512908936,0.041214048862457275,0.2989688515663147,0.3093782365322113,0.02548934519290924,0.0,0.5678899623453617,15.431591749191284,0.6654987807075182,0.08872937021607702,0.0982667976482348,0.07123336226637052,0.26400014000352134,0.16368556022644043,9.13194126288096,0.30439804209603205
2780,13,0.00019095267950207986,0.5998866940435461,0.419588565826416,0.041662342846393585,0.34006303548812866,0.3268037438392639,0.08802617341279984,0.0,0.5953209872047106,16.770360231399536,0.7185989742477735,0.13643171807581728,0.089071528816765,0.11620288820598614,0.4600814870474013,0.1634225845336914,9.191982452074686,0.30639941506915624
2800,14,0.00019082166824799796,0.6087315346342322,0.4944983422756195,0.03696395084261894,0.2952428460121155,0.21633963286876678,0.0402866005897522,0.0,0.6516796362896761,14.890389839808146,0.6226079985499382,0.0993151796812361,0.12280895594846118,0.05566013654143634,0.20126048653301867,0.1635756492614746,9.259711802005768,0.30865706006685895
2820,14,0.00019068976108155614,0.5963469580322565,0.3035348653793335,0.03249170631170273,0.4206807613372803,0.3339266777038574,0.08257818967103958,0.0,0.5823578896621863,15.383915583292643,0.6633043587207794,0.09745262647894296,0.10031909834254872,0.06577905486549505,0.2522758674088188,0.16354036331176758,9.32962304353714,0.3109874347845713
2840,14,0.0001905569593111587,0.5840981567013276,0.3377120792865753,0.031771160662174225,0.35409975051879883,0.31176498532295227,0.05680171772837639,0.0,0.6919436107079188,15.325587828954061,0.6529307588934898,0.11763382584533909,0.13227751376953992,0.08293269570408897,0.32729109649715776,0.16405200958251953,9.389924840132396,0.31299749467107985
2860,14,0.00019042326425408362,0.5862240027570267,0.27478402853012085,0.03541252017021179,0.33806413412094116,0.34412822127342224,0.04362413287162781,0.0,0.5569323649009069,15.67707379659017,0.685151589413484,0.09158412722701376,0.09188955412669615,0.07811030525375497,0.30647626400671224,0.1637418270111084,9.449877393245696,0.3149959131081899
2880,14,0.00019028867723646956,0.5878299049809427,0.4392062723636627,0.05011260509490967,0.3225700855255127,0.30191799998283386,0.04724888876080513,0.0,0.6134736835956573,15.967475891113281,0.6924888590971628,0.11763329871676186,0.10075846907090057,0.09841516154119745,0.3845211682333188,0.1636502742767334,9.516639498869578,0.31722131662898595
2900,14,0.00019015319959330264,0.5713445694597032,0.3507463335990906,0.027075663208961487,0.3108341097831726,0.28228920698165894,0.08364076912403107,0.0,0.5694913789629936,16.445080200831097,0.6955841506520907,0.10258825817568736,0.09219124202023853,0.09200711728242988,0.3505939231677489,0.16382098197937012,9.576709771156311,0.3192236590385437
2920,14,0.0001900168326684032,0.5850836683595099,0.3614785373210907,0.035476818680763245,0.3417860269546509,0.3113991618156433,0.0455133318901062,0.0,0.5787517763674259,15.811944246292114,0.6681031783421835,0.09164984202520414,0.09999545155601068,0.07222406772515652,0.2686009563674981,0.16366267204284668,9.642347359657288,0.32141157865524295
2940,14,0.00018987957781441248,0.5742064783175037,0.2715871036052704,0.026496168226003647,0.3002503514289856,0.27663981914520264,0.017072085291147232,0.0,0.5991773655017217,15.085894902547201,0.6445831755797068,0.08288660967214541,0.11183637854727832,0.04985533837779341,0.19129743886349554,0.1636197566986084,9.702843308448792,0.3234281102816264
2960,14,0.0001897414363927792,0.5853132931520068,0.3752218186855316,0.05532442778348923,0.3668902516365051,0.3393334150314331,0.05005678907036781,0.0,0.8011879896124204,14.620450337727865,0.64264265447855,0.17606751282106747,0.16576773097569292,0.07932649488264526,0.3037988112562082,0.16358160972595215,9.762862900892893,0.32542876336309645
2980,14,0.00018960240977374608,0.5954602027579424,0.27066752314567566,0.019471559673547745,0.2728331685066223,0.21880321204662323,0.050440408289432526,0.0,0.6994951193531355,15.619173924128214,0.6746567860245705,0.14353238384832034,0.13542269000952895,0.087523856962269,0.3443902658975937,0.16379570960998535,9.822880454858144,0.32742934849527144
3000,15,0.00018946249933633616,0.5882943595776483,0.22680401802062988,0.030167847871780396,0.2816782593727112,0.2723163664340973,0.07504263520240784,0.0,0.7248054618636767,16.01199245452881,0.6983395343025526,0.18140960315411742,0.11994912407614967,0.1260777341879227,0.5071404364637353,0.16595840454101562,9.896693297227223,0.3298897765742408
3020,15,0.00018932170646833934,0.5887314069407696,0.30475038290023804,0.040055807679891586,0.4174438714981079,0.37509292364120483,0.02130003646016121,0.0,0.6647884001334509,15.56106702486674,0.6667961900432905,0.11874450573867018,0.12171540561724793,0.08488999318797141,0.32696612052280793,0.16348934173583984,9.96262033780416,0.33208734459347194
3040,15,0.0001891800325662983,0.6002595049713404,0.4330277442932129,0.03788253664970398,0.3370593786239624,0.2672122120857239,0.02099895104765892,0.0,0.5877478855351607,15.275984764099121,0.6483949845035871,0.08279880034652623,0.10619570179419084,0.06146744491442488,0.22856453430457888,0.16343092918395996,10.022827231884003,0.3340942410628001
3060,15,0.00018903747903549486,0.5940279464632379,0.32419559359550476,0.03238340839743614,0.303408682346344,0.32506436109542847,0.056188490241765976,0.0,0.5327612434824308,16.695018768310547,0.7230899309118589,0.11212303387847813,0.0774884433908896,0.09777477375147017,0.3977080519226464,0.1635127067565918,10.082949034372966,0.3360983011457655
3080,15,0.00018889404728993607,0.5962730538342071,0.32577231526374817,0.03707493469119072,0.3164055347442627,0.29727745056152344,0.02106958068907261,0.0,0.5617147833108902,15.80300227801005,0.6867425367236137,0.0905200324275277,0.09501915848390623,0.0718527805398811,0.2835237454538318,0.1640329360961914,10.146169137954711,0.33820563793182373
3100,15,0.00018874973875234,0.5892328904239367,0.406884104013443,0.0348830372095108,0.32245951890945435,0.2716701924800873,0.027127204462885857,0.0,0.6032113507390022,16.293296257654827,0.699184832473596,0.11533703079277818,0.10386110334233804,0.0892957342227667,0.34765241138467734,0.1639082431793213,10.206366578737894,0.34021221929126316
3120,15,0.00018860455485412178,0.5878469093930896,0.34231147170066833,0.04945644363760948,0.38378316164016724,0.3907223641872406,0.03555882349610329,0.0,0.49711523080865544,15.087676525115967,0.6685750981171926,0.07488956793465397,0.0796795826066624,0.044977558120577174,0.1619553587992083,0.16397571563720703,10.272602562109629,0.3424200854036543
3140,15,0.0001884584970353794,0.5885849896319437,0.3428097367286682,0.02573222480714321,0.23382490873336792,0.16477049887180328,0.03437679260969162,0.0,0.6612134551008543,15.88266928990682,0.6905349070827166,0.13636893033981323,0.12216161987320943,0.09046346006322313,0.36890525243837724,0.16363263130187988,10.332869497934977,0.3444289832644992
3160,15,0.00018831156674487928,0.5870785981864266,0.5202623605728149,0.04154669865965843,0.28567397594451904,0.2786343991756439,0.06425122916698456,0.0,0.5730933671196302,16.00647211074829,0.6846498921513557,0.09684756948527964,0.09636538712815805,0.07299375275827268,0.29790298124267295,0.1635878086090088,10.393051771322886,0.3464350590440962
3180,15,0.0001881637654400421,0.5812603252547889,0.33848071098327637,0.04183719679713249,0.3917521834373474,0.39738309383392334,0.036042843014001846,0.0,0.6308239536980788,15.366021235783895,0.6443640192349752,0.10472423617135394,0.11388250525024804,0.06623864981388165,0.2720315760498951,0.16341495513916016,10.45322345495224,0.3484407818317413
3200,15,0.00018801509458692817,0.5777618343208355,0.3900797665119171,0.029856687411665916,0.23839408159255981,0.21731708943843842,0.05005991831421852,0.0,0.7288138344883919,15.78056271870931,0.7002892891565958,0.1599003171378916,0.13573947007005865,0.10851389651229097,0.4445808833803643,0.1636965274810791,10.517850073178609,0.350595002439287
3220,16,0.00018786555566022303,0.5890364493147764,0.3663719892501831,0.029305553063750267,0.27039939165115356,0.2992359399795532,0.04686158895492554,0.0,0.5490299016237259,16.88014094034831,0.7268862773974737,0.12085080028257587,0.08251418901438062,0.10252717084420676,0.425675358961929,0.33888864517211914,10.59924263159434,0.3533080877198113
3240,16,0.00018771515014322267,0.5720356120672221,0.21386194229125977,0.029856424778699875,0.27436721324920654,0.23095571994781494,0.007506059482693672,0.0,0.5895616759856542,15.603635787963867,0.6649565870563189,0.09119010945274071,0.10361069119112058,0.06505153204885904,0.24827480951154773,0.44237422943115234,10.668109011650085,0.35560363372166953
3260,16,0.00018756387952781898,0.5649884865674036,0.30559322237968445,0.036023739725351334,0.30258709192276,0.3250749707221985,0.03386832773685455,0.0,0.5998566870888075,16.60449727376302,0.7121639003356298,0.12280764109031721,0.09376384944401005,0.10317907944342798,0.4321287667209452,0.1637876033782959,10.728152668476104,0.3576050889492035
3280,16,0.00018741174531448486,0.5662342798980913,0.2676461338996887,0.026388362050056458,0.22401541471481323,0.21508894860744476,0.030654337257146835,0.0,0.5982278771698475,16.091071605682373,0.6820204307635626,0.09981898861852559,0.10660262490538033,0.0761785728497092,0.3096653209067881,0.16389942169189453,10.788345662752787,0.35961152209175956
3300,16,0.00018725874901225932,0.5711592536099769,0.28144749999046326,0.020608795806765556,0.22129946947097778,0.19326624274253845,0.05513031408190727,0.0,0.5455912128090858,16.41904624303182,0.7007366170485815,0.10012402419339526,0.08759586377577348,0.07565451791742817,0.33501588697121903,0.16342544555664062,10.848620537916819,0.3616206845972273
3320,16,0.00018710489213873255,0.5521369008603066,0.18764005601406097,0.016181720420718193,0.17378276586532593,0.1625654101371765,0.041539266705513,0.0,0.5659753531217575,16.58345564206441,0.7036671191453934,0.11040395972403613,0.09450223178348759,0.0780989413535942,0.32888813282955776,0.16364645957946777,10.915152394771576,0.3638384131590525
3340,16,0.00018695017622003085,0.558855379872223,0.35438960790634155,0.028128085657954216,0.29366564750671387,0.28582388162612915,0.06163927540183067,0.0,0.6222353205084801,16.429782231648762,0.7111226891477903,0.1309532059187239,0.10658895918591456,0.09592319255567748,0.3860566921278157,0.16379666328430176,10.975444106260936,0.3658481368753645
3360,16,0.00018679460279080154,0.5705789850304207,0.36972862482070923,0.02923571690917015,0.31588321924209595,0.28843361139297485,0.051758166402578354,0.0,0.6544307346145312,15.049472173055014,0.6391439884901047,0.10741822726347229,0.12200616300106049,0.06067982077630321,0.22492490059018813,0.16395807266235352,11.03728981812795,0.367909660604265
3380,16,0.00018663817339419767,0.5671208171093237,0.3830910325050354,0.02974974922835827,0.2441350817680359,0.1881401538848877,0.04347672685980797,0.0,0.7104855850338936,15.128931681315104,0.6508805155754089,0.12496997991746123,0.14358469064940105,0.0695290767471306,0.27208584399936214,0.1635446548461914,11.097559599081675,0.3699186533027225
3400,16,0.0001864808895818627,0.5710900559311846,0.4377861022949219,0.04341598600149155,0.32377636432647705,0.25869330763816833,0.07117584347724915,0.0,0.5982182597120603,14.653662840525309,0.6452285200357437,0.08332525896416469,0.10543611171570691,0.04766773278648047,0.1633787397758252,0.1636204719543457,11.15811504125595,0.37193716804186505
3420,16,0.0001863227529139153,0.5782793634329182,0.34118494391441345,0.03417652100324631,0.2950025796890259,0.2572445571422577,0.06742331385612488,0.0,0.5750746714572111,16.770793835322063,0.7388735363880793,0.13580153543840756,0.08791539191522381,0.10699934728274291,0.4351071786474098,0.16339468955993652,11.227637541294097,0.3742545847098033
3440,17,0.0001861637649589335,0.5692950767168256,0.28307220339775085,0.023896729573607445,0.25569015741348267,0.20539087057113647,0.04769616201519966,0.0,0.611600166807572,16.278061628341675,0.6996381307641665,0.12052925777706233,0.10424892451952804,0.09415121902500025,0.37849998486820946,0.16436457633972168,11.323655168215433,0.3774551722738478
3460,17,0.0001860039272939396,0.5695600640894674,0.4891771376132965,0.04619750380516052,0.4101337194442749,0.37627649307250977,0.044417623430490494,0.0,0.6087605493764082,16.20191478729248,0.6876570830742518,0.09667221617630938,0.11002211069518869,0.07867146574426442,0.3068186688575555,0.16351008415222168,11.402423429489136,0.3800807809829712
3480,17,0.00018584324150438403,0.5641879011058825,0.3613879680633545,0.032941222190856934,0.3395434021949768,0.31166955828666687,0.07162032276391983,0.0,0.5973356924951077,16.24093461036682,0.6888360977172852,0.10256858136166226,0.10961582765660503,0.07441214739810675,0.2984683061949909,0.16364836692810059,11.462376940250397,0.38207923134167987
3500,17,0.00018568170918413008,0.5556738428517236,0.3173336386680603,0.021141741424798965,0.2384655475616455,0.22900418937206268,0.08305224031209946,0.0,0.6486789385477701,16.022146940231323,0.7017360081275305,0.11894028362902728,0.130082600496032,0.08338381281249564,0.3219086917709898,0.16333699226379395,11.527173562844593,0.3842391187614865
3520,17,0.00018551933193543783,0.5595338390015592,0.32502156496047974,0.03905780613422394,0.35610777139663696,0.3068080544471741,0.008771753869950771,0.0,0.5845884916683038,15.95570683479309,0.685346283018589,0.08063128539784388,0.10921604558825493,0.07161916950611737,0.2636704465840012,0.16355443000793457,11.59307005405426,0.3864356684684753
3540,17,0.0001853561113689483,0.5613086594409149,0.5343979001045227,0.042632486671209335,0.3335775136947632,0.23110949993133545,0.050432197749614716,0.0,0.5375770144164562,14.299179712931315,0.6057477369904518,0.08215931769121777,0.08480329066514969,0.014611945910887285,0.06480901480906388,0.16361045837402344,11.65324308872223,0.38844143629074096
3560,17,0.00018519204910366746,0.5785512194516296,0.36997780203819275,0.024865075945854187,0.2198348045349121,0.2688639760017395,0.054215747863054276,0.0,0.5888305058081945,16.37601113319397,0.7122603182991346,0.10409336943518031,0.1062017682601105,0.08115974392487922,0.31379420424557547,0.1636648178100586,11.713285930951436,0.3904428643650479
3580,17,0.00018502714676695023,0.5792955968017834,0.3703060448169708,0.04180112108588219,0.34064382314682007,0.31708860397338867,0.0170514564961195,0.0,0.6931149040659269,15.25505534807841,0.6638559425870577,0.11442466249520128,0.14204090630466287,0.06949179619550705,0.2635437307075005,0.16338777542114258,11.773414806524913,0.3924471602174971
3600,17,0.00018486140599448432,0.5750038207704078,0.3595271110534668,0.0292722936719656,0.28717488050460815,0.2691488265991211,0.04244386404752731,0.0,0.5217395524183909,16.61798373858134,0.7292937661210696,0.08945104539055716,0.0846892541105097,0.07930598329668018,0.32215157951312984,0.16373729705810547,11.833460140228272,0.39444867134094236
3620,17,0.000184694828430274,0.5665905651406112,0.4665164351463318,0.05500456318259239,0.3709855079650879,0.40818914771080017,0.0823323205113411,0.0,0.5199185845752557,15.849156220753988,0.6958415930469831,0.08224763729694215,0.0856175437908281,0.0557261429652995,0.22888304856182498,0.4979743957519531,11.90494133234024,0.3968313777446747
3640,18,0.00018452741572662376,0.5502110131081333,0.18453004956245422,0.014484727755188942,0.19495034217834473,0.18488681316375732,0.02187044359743595,0.0,0.6079896464943886,16.37877670923869,0.7105743065476418,0.10378829288211736,0.11154576407914812,0.08745325818149881,0.33840037357400765,0.16379570960998535,11.970093194643656,0.3990031064881219
3660,18,0.00018435916954412192,0.5601010091409498,0.3730999231338501,0.042700957506895065,0.34189093112945557,0.3630833029747009,0.042720064520835876,0.0,0.6606079861521721,15.696555058161417,0.6888137683272362,0.12722693417559972,0.12323079579933123,0.08882099364630201,0.33142789495600894,0.16366815567016602,12.030178515116374,0.4010059505038791
3680,18,0.00018419009155162426,0.5587400070380174,0.3381209075450897,0.02636035904288292,0.2718132734298706,0.22226451337337494,0.07998326420783997,0.0,0.6088995027045409,15.593188842137655,0.6625435923536619,0.08406878550621597,0.11507574824446981,0.063841320334177,0.23513857276570474,0.16376590728759766,12.090214975674947,0.4030071658558316
3700,18,0.00018402018342623735,0.5618847139177926,0.38641443848609924,0.04107014462351799,0.28241807222366333,0.24697697162628174,0.013869798742234707,0.0,0.5197274821499983,16.06998093922933,0.6907728885610899,0.07584270953454754,0.08971799656071446,0.06496160076296126,0.24076879092238165,0.16397643089294434,12.15050293604533,0.4050167645348443
3720,18,0.00018384944685330193,0.5757392772588109,0.2793391942977905,0.030695751309394836,0.21745294332504272,0.23614943027496338,0.011973101645708084,0.0,0.4948396186033885,16.31056547164917,0.7168791343768438,0.07650206119499424,0.08160822228951888,0.0709371716842394,0.26872640175067564,0.1638202667236328,12.216617107391357,0.4072205702463786
3740,18,0.00018367788352637628,0.5770910144175168,0.3067093789577484,0.0395662747323513,0.2672497630119324,0.22606346011161804,0.026303371414542198,0.0,0.5708584450185299,15.463042577107748,0.6560011431574821,0.07270497075197371,0.10445513152940707,0.05620174547435785,0.20677119842730463,0.1639423370361328,12.276620376110078,0.4092206792036692
3760,18,0.00018350549514721927,0.5694393826496814,0.25948846340179443,0.01647130772471428,0.25538820028305054,0.23128288984298706,0.08028709143400192,0.0,0.6189634924133619,17.04630208015442,0.7474217116832733,0.14994971420277248,0.09809213351796973,0.12300494795834477,0.5074589784172449,0.16367030143737793,12.34445052544276,0.41148168418142533
3780,18,0.00018333228342577365,0.5722118656387841,0.3184069097042084,0.026282887905836105,0.22705775499343872,0.21755914390087128,0.028833851218223572,0.0,0.6296772547066212,16.1984437306722,0.7029089281956354,0.11958670683882454,0.11493006416342476,0.08797495882026851,0.34235199189490895,0.16345596313476562,12.408679195245107,0.41362263984150355
3800,18,0.00018315825008014902,0.5565666777109833,0.24921180307865143,0.030193790793418884,0.30453020334243774,0.3421021103858948,0.04601585865020752,0.0,0.563919747248292,15.795961697896322,0.6878324076533318,0.07426318602467125,0.10439605587585406,0.05927422674986618,0.2224260401827368,0.163712739944458,12.46885682741801,0.41562856091393363
3820,18,0.0001829833968366047,0.5521125460711224,0.43058425188064575,0.03262312710285187,0.23234939575195312,0.20859766006469727,0.06016645208001137,0.0,0.5608736177285513,16.494855006535847,0.7067597260077795,0.10010975125161084,0.09867397204718807,0.07813684563999149,0.2996823548931967,0.1636214256286621,12.534855612119038,0.41782852040396795
3840,18,0.00018280772542953277,0.5423206889272563,0.3973730802536011,0.04891017824411392,0.36371415853500366,0.35869359970092773,0.06430689245462418,0.0,0.5233352333307266,16.578596194585163,0.7210567593574524,0.08619027872654525,0.08849352902986786,0.07413144508609548,0.28509536834264343,0.16394591331481934,12.594921243190765,0.41983070810635886
3860,19,0.00018263123760144069,0.5382320547738344,0.28772997856140137,0.028185931965708733,0.2985931634902954,0.25799208879470825,0.036525025963783264,0.0,0.4644683289031188,16.08436902364095,0.7152019143104553,0.07031238536265763,0.07553888129239733,0.05758334996856072,0.21875553493472663,0.16366958618164062,12.667191565036774,0.42223971883455913
3880,19,0.00018245393510293417,0.5526889386680074,0.46024462580680847,0.03995531424880028,0.3643503785133362,0.3316296935081482,0.030978085473179817,0.0,0.5766353247066339,16.305275917053223,0.7053997541467348,0.09056202000515028,0.10648869367485697,0.0765303241549356,0.2930117530578917,0.16371393203735352,12.731262755393981,0.42437542517979937
3900,19,0.00018227581969269973,0.5577002400594699,0.36675065755844116,0.036267779767513275,0.2677924633026123,0.2562360167503357,0.03562953695654869,0.0,0.5489748269319534,16.04815395673116,0.6970186407367388,0.08084975183010101,0.09745911610397426,0.06418090547032823,0.2491090735843913,0.16366124153137207,12.791064262390137,0.42636880874633787
3920,19,0.00018209689313748723,0.5403026246853819,0.3397839665412903,0.031359340995550156,0.23402559757232666,0.22225306928157806,0.028144177049398422,0.0,0.5177966381112734,16.585111538569134,0.7181349049011866,0.0773933521387252,0.08930867368524725,0.07229642629284751,0.27708615764806216,0.16463470458984375,12.85684676170349,0.4285615587234497
3940,19,0.00018191715721209247,0.5419060997496464,0.22510899603366852,0.027178145945072174,0.23322123289108276,0.26079243421554565,0.03320777416229248,0.0,0.545384369790554,16.741427421569824,0.7302674502134323,0.09938659078695557,0.09408506598662246,0.08237408101558685,0.330926371907646,0.1638784408569336,12.916464583079021,0.43054881943596734
3960,19,0.0001817366136993394,0.5442878521984115,0.3464467525482178,0.03048042580485344,0.3250024914741516,0.2718229293823242,0.026025082916021347,0.0,0.5080742686986923,16.899418433507282,0.7360287482539812,0.0836288637735627,0.08460906977680596,0.07921316672053019,0.3313815689603375,0.16393280029296875,12.976569871107737,0.4325523290369246
3980,19,0.00018155526439006254,0.5496314149973216,0.40383604168891907,0.03534802049398422,0.3585166931152344,0.3005720376968384,0.1343156099319458,0.0,0.6202954029043516,15.219379742940268,0.6302859708666801,0.09035837176171216,0.11750272610648112,0.05469348350545095,0.20868870238932272,0.16386890411376953,13.036943284670512,0.43456477615568373
4000,19,0.00018137311108308934,0.5611152169140744,0.2328914850950241,0.01388936024159193,0.1683880090713501,0.15983259677886963,0.06191759556531906,0.0,0.5031905385355154,16.4748477935791,0.725755679110686,0.08428490940820087,0.08249322731386531,0.07647917045026341,0.3020382452417504,0.16382145881652832,13.097805897394815,0.4365935299131605
4020,19,0.00018119015558522205,0.5618791320465281,0.3867167830467224,0.0450877919793129,0.3817979693412781,0.3825438916683197,0.051247965544462204,0.0,0.5768701732158661,15.685004472732544,0.6741763179500898,0.08312832919711416,0.10894936932758852,0.05560785810865292,0.20725874469446187,0.1638200283050537,13.168568829695383,0.43895229432317945
4040,19,0.00018100639971122004,0.5649428433383864,0.3700839579105377,0.035323239862918854,0.26798081398010254,0.24028167128562927,0.034305352717638016,0.0,0.5308221789697806,16.577044248580933,0.7171922996640205,0.10603101619265297,0.09220655262470245,0.07343909161334689,0.29316433976319706,0.16444611549377441,13.230024695396423,0.44100082317988076
4060,19,0.00018082184528378167,0.5811166397887442,0.27922242879867554,0.02046576514840126,0.3086526393890381,0.25097939372062683,0.059649258852005005,0.0,0.6900996888677279,14.82333509127299,0.6387777179479599,0.11718618802048943,0.1344403512775898,0.054074848658108916,0.18939678773114627,0.16411852836608887,13.294349805514019,0.44314499351713393
4080,20,0.0001806364941335263,0.5700368415237389,0.3099159598350525,0.021117737516760826,0.23616862297058105,0.21849092841148376,0.052825141698122025,0.0,0.6080137851337591,16.228842894236248,0.7141910617550215,0.10044390606609258,0.12010110406713052,0.07540704319729809,0.2867500838844783,0.16452670097351074,13.35907104810079,0.44530236827002634
4100,20,0.00018045034809897607,0.563392858470434,0.45401695370674133,0.03528810665011406,0.23486560583114624,0.21059130132198334,0.04525131359696388,0.0,0.5159241457780203,16.282135486602783,0.7168295284112295,0.07892771784893492,0.08931330862370404,0.06472823813435918,0.25247650634793734,0.16562175750732422,13.420042622089387,0.4473347540696462
4120,20,0.0001802634090265377,0.5693876778887843,0.2703097462654114,0.0294184647500515,0.30893081426620483,0.30352893471717834,0.04009024053812027,0.0,0.6326850888629755,15.798453569412231,0.6986126601696014,0.11902731860225851,0.11466698704118078,0.07574078942310404,0.2943662693724036,0.16443181037902832,13.491097803910574,0.44970326013035244
4140,20,0.00018007567877048405,0.5648977822519113,0.24666321277618408,0.01612522080540657,0.22034776210784912,0.20041725039482117,0.030889075249433517,0.0,0.635106568535169,15.584375699361166,0.6900945007801056,0.09351168031042273,0.1274639903144403,0.06697357757895422,0.25070288679456676,0.1648406982421875,13.55214794476827,0.45173826482560897
4160,20,0.00017988715919293595,0.5519784581261977,0.24567121267318726,0.02296275645494461,0.2580968737602234,0.2691172957420349,0.009211795404553413,0.0,0.5637707772354285,16.37202000617981,0.7080768222610155,0.09256231005896222,0.10178270377218723,0.07063151770324277,0.2683211736042391,0.16772794723510742,13.619512005647023,0.45398373352156746
4180,20,0.00017969785216384362,0.5564820356206734,0.3731735050678253,0.04074975103139877,0.2869356870651245,0.2652808129787445,0.02940131537616253,0.0,0.5325673806170622,15.694746971130371,0.695411483446757,0.08058302409269592,0.08890673535113985,0.05701800219222522,0.2096536297308789,0.1669003963470459,13.691389036178588,0.4563796345392863
4200,20,0.00017950775956096805,0.5554239622282043,0.34171608090400696,0.035168763250112534,0.30775511264801025,0.30364924669265747,0.01784917525947094,0.0,0.5889551428457102,15.200956265131632,0.6520547419786453,0.08797702802853151,0.10905532403425737,0.04668212055482648,0.17570513901724058,0.16798019409179688,13.75224126180013,0.45840804206000435
4220,20,0.00017931688326986244,0.5552040972120834,0.45386773347854614,0.046938054263591766,0.27799415588378906,0.25938212871551514,0.039919521659612656,0.0,0.5493758755425612,16.420433680216473,0.7057696506381035,0.08779129148884253,0.10180580988526344,0.06507416798690842,0.25277987600896845,0.16371893882751465,13.818800445397695,0.4606266815132565
4240,20,0.00017912522518385356,0.5646058697865008,0.4933615028858185,0.04399959370493889,0.2990732192993164,0.26489198207855225,0.0932895615696907,0.0,0.6872972498337427,14.851682345072428,0.6567247758309046,0.09219050136479465,0.1516663892702623,0.05553545780739197,0.19927323563553562,0.1644594669342041,13.881469039122264,0.4627156346374088
4260,20,0.0001789327872040228,0.5675094174324162,0.29789814352989197,0.03827446699142456,0.3358967900276184,0.36860209703445435,0.08006826043128967,0.0,0.4716865134735902,16.724222660064697,0.7380862062176069,0.08016728542067787,0.08056583898988637,0.06428640094501051,0.2533758641643958,0.16413402557373047,13.949909687042236,0.46499698956807456
4280,20,0.00017873957123918757,0.5736509334924006,0.3016716241836548,0.03650129586458206,0.3024030923843384,0.3213472366333008,0.03383433446288109,0.0,0.4886983633041382,16.512019793192547,0.7303099930286407,0.08003522117029536,0.08391548676246946,0.06378536281937902,0.24489977583289146,0.1653292179107666,14.013476133346558,0.4671158711115519
4300,21,0.000178545579205882,0.5603192766119234,0.40590858459472656,0.028973858803510666,0.2858791947364807,0.2352641522884369,0.057522498071193695,0.0,0.5452505573630333,16.33241669336955,0.700907031695048,0.08741380799223077,0.09913440505889329,0.0642765105850148,0.24389115191826766,0.16381525993347168,14.102977240085602,0.47009924133618675
4320,21,0.00017835081302833836,0.5521442098574376,0.35574600100517273,0.05410101264715195,0.3357246518135071,0.3486630916595459,0.0920112282037735,0.0,0.7080999836325645,15.370298941930136,0.704330970843633,0.1354835263707421,0.149821225553751,0.0796938279077453,0.30859363373284315,0.16395783424377441,14.173701783021292,0.4724567261007097
4340,21,0.00017815527463846764,0.5394772357526869,0.34302011132240295,0.038934387266635895,0.31791555881500244,0.321804404258728,0.13742788136005402,0.0,0.47261594732602435,17.108245531717937,0.747403010725975,0.0758367135104808,0.08158741010860963,0.06825889133721251,0.2723395715848627,0.16553926467895508,14.235248617331187,0.4745082872443729
4360,21,0.00017795896597584056,0.5433032240469906,0.4259686768054962,0.03804882988333702,0.24888479709625244,0.2118888795375824,0.08834115415811539,0.0,0.47052587817112607,17.066593805948894,0.7587753186623255,0.08022259802303532,0.07747695815156806,0.07607777502430095,0.3023164190394296,0.16680169105529785,14.299743835131327,0.4766581278377109
4380,21,0.00017776188898766817,0.5357603387295752,0.3825424313545227,0.030337035655975342,0.2514249086380005,0.2178652286529541,0.0673976019024849,0.0,0.5143203946451346,16.572147369384766,0.7241107051571211,0.07887523959983479,0.08899973705410957,0.06738599184080324,0.2523563733292659,0.1658642292022705,14.360712480545043,0.47869041601816814
4400,21,0.00017756404562878274,0.5362020092005063,0.31024742126464844,0.026115117594599724,0.22273916006088257,0.22824013233184814,0.03359284624457359,0.0,0.5251322189966837,16.579532543818157,0.7203270420432091,0.08500391820614989,0.08919755572622473,0.07164131969594481,0.2851192535070533,0.16973376274108887,14.423570827643077,0.48078569425476925
4420,21,0.0001773654378616183,0.5387071106128062,0.35972172021865845,0.03184065967798233,0.3573278784751892,0.3272436559200287,0.05465129017829895,0.0,0.5805029620726904,15.945806503295898,0.6863611117005348,0.08762369829822671,0.11173688840459693,0.05519027623549019,0.20609985816885124,0.16698455810546875,14.490598324934641,0.48301994416448807
4440,21,0.00017716606765619104,0.5457518903263431,0.41809386014938354,0.05461942404508591,0.25079596042633057,0.2508835196495056,0.04606993868947029,0.0,0.637793111304442,15.688584645589193,0.6920347313086191,0.0993403589183634,0.13156080737032674,0.06515939710450104,0.24794526079627263,0.1674351692199707,14.551884778340657,0.4850628259446886
4460,21,0.00017696593699007994,0.5444069338352887,0.3490997850894928,0.029437221586704254,0.3278384804725647,0.253235787153244,0.034436628222465515,0.0,0.464654877781868,15.98079220453898,0.7209643324216207,0.06792444888163697,0.07690642926503312,0.05363369261083955,0.20886244345456362,0.16518831253051758,14.613313905398051,0.48711046351326837
4480,21,0.00017676504784840707,0.5595749719041746,0.31590843200683594,0.024452075362205505,0.2145310640335083,0.24217578768730164,0.03714660555124283,0.0,0.4670693799853325,16.785326321919758,0.7357229640086492,0.06720622324130753,0.0801838870075616,0.06459777644009922,0.2592866870320656,0.16393232345581055,14.685751299063364,0.48952504330211216
4500,22,0.00017656340222381794,0.5555546047961306,0.33873510360717773,0.035038597881793976,0.2521768808364868,0.2526441812515259,0.04357046261429787,0.0,0.5415860724945863,17.11825966835022,0.7302479247252146,0.09234099631959741,0.09801254743202166,0.07800794601313431,0.31280228427865286,0.2566375732421875,14.75658840338389,0.49188628011279634
4520,22,0.00017636100211646167,0.5513691792742751,0.3650689423084259,0.0357109010219574,0.3039674162864685,0.303426593542099,0.015832170844078064,0.0,0.4941301128516595,16.203923384348553,0.7164606675505638,0.06948003308339552,0.0879989584738558,0.052762547091168184,0.20824251576877115,0.164870023727417,14.827592452367147,0.4942530817455716
4540,22,0.00017615784953397125,0.5604673008647723,0.38073602318763733,0.03746677190065384,0.35004693269729614,0.2989083230495453,0.019188281148672104,0.0,0.4608371139814456,16.697022279103596,0.7369690537452698,0.06483499883589419,0.07925459725612943,0.05985082149378617,0.226705321110785,0.16524910926818848,14.891877591609955,0.4963959197203318
4560,22,0.00017595394649144348,0.5543671713743408,0.22928476333618164,0.029950369149446487,0.2843162417411804,0.274946928024292,0.026032987982034683,0.0,0.5369763697187105,15.743270953496298,0.6883788481354713,0.07755322889848189,0.09350186721845107,0.051280434229903964,0.20224444800375999,0.1651160717010498,14.956055410703023,0.4985351803567674
4580,22,0.00017574929501141916,0.5502470754971676,0.30671119689941406,0.031223129481077194,0.2545132637023926,0.2721458375453949,0.03326025977730751,0.0,0.5122012284894785,16.750598510106403,0.7375635852416357,0.08314619077877565,0.08860911716791717,0.07238324610939757,0.2959195393645628,0.16650795936584473,15.016260937849681,0.500542031261656
4600,22,0.00017554389712386292,0.5535952857660829,0.35154789686203003,0.032050326466560364,0.2684016823768616,0.2403753250837326,0.07369600981473923,0.0,0.5960633891324202,16.500250339508057,0.727562740445137,0.10727302950214256,0.11156262101774866,0.08393048255079934,0.3437553885371678,0.16404104232788086,15.076449716091156,0.5025483238697052
4620,22,0.00017533775486614303,0.5503237852855156,0.3306959271430969,0.0308939628303051,0.28763318061828613,0.27272987365722656,0.052433744072914124,0.0,0.6560207369426886,16.144976536432903,0.7231075863043467,0.12599576501683754,0.1285177396441048,0.08352935357834212,0.3411683400098065,0.1637554168701172,15.142890862623851,0.5047630287541284
4640,22,0.0001751308702830114,0.5653986005544719,0.3748355209827423,0.0409470871090889,0.35402220487594604,0.33611977100372314,0.046676136553287506,0.0,0.6816017975409826,14.69890824953715,0.624304806192716,0.10187993097034367,0.13840102336623453,0.043169934883487505,0.16162429978298445,0.1648561954498291,15.206229945023855,0.5068743315007952
4660,22,0.000174923245426583,0.5670414247579287,0.29578539729118347,0.03374776244163513,0.31615519523620605,0.301787793636322,0.08962702006101608,0.0,0.5471616461873055,16.819462776184082,0.7218999316294988,0.09854118932377208,0.09290286610749635,0.08248947118673558,0.3464425702325322,0.16442370414733887,15.266593194007873,0.5088864398002625
4680,22,0.00017471488235631586,0.5531232667269986,0.44577404856681824,0.04922840744256973,0.34718096256256104,0.3902457654476166,0.0657002329826355,0.0,0.55959677323699,17.256629943847656,0.7435489247242609,0.10853625444526022,0.09873355942016299,0.09280044815122065,0.387426465194122,0.16402864456176758,15.326698589324952,0.5108899529774984
4700,22,0.00017450578313899022,0.5493280270831696,0.30878201127052307,0.029699042439460754,0.3238590359687805,0.2812320590019226,0.06551806628704071,0.0,0.554853904992342,15.214720805486044,0.6759437322616577,0.09280771762132645,0.09631790999661792,0.047040991400453175,0.17525444937531243,0.16402745246887207,15.394854613145192,0.513161820438173
4720,23,0.0001742959498486884,0.5574613207874578,0.454508513212204,0.03767741471529007,0.31184452772140503,0.29797953367233276,0.05845067277550697,0.0,0.6663087469836076,14.887313922246298,0.6763142173488935,0.09345364621417089,0.14000270210883833,0.052670798814274764,0.1898891029109522,0.16374588012695312,15.474190664291381,0.5158063554763794
4740,23,0.00017408538456677413,0.5646882151076827,0.3910443186759949,0.04031289368867874,0.4001181721687317,0.3716054856777191,0.03440668433904648,0.0,0.6740613716344038,15.216206630071005,0.700508326292038,0.10678198594938625,0.14181638407436284,0.06905377509114756,0.2615530466745523,0.1639389991760254,15.534463016192118,0.5178154338730706
4760,23,0.0001738740893818718,0.5645862466761709,0.3519456386566162,0.022781243547797203,0.24914950132369995,0.20601868629455566,0.07332736253738403,0.0,0.7452374299367269,14.974356412887573,0.7119013220071793,0.14842025867917322,0.16170071945949036,0.08841344657081539,0.3503026003335518,0.16468238830566406,15.594629442691803,0.5198209814230601
4780,23,0.00017366206638984573,0.5605370411115469,0.47132042050361633,0.04349413514137268,0.36918604373931885,0.3452017307281494,0.04615841433405876,0.0,0.5806410250564417,16.108810583750408,0.7153094808260599,0.09156273762610825,0.11351892199705947,0.0649162193770859,0.2461006215519526,0.16370749473571777,15.663073329130809,0.5221024443043603
4800,23,0.0001734493176937795,0.5498195197096276,0.2453998327255249,0.02347477525472641,0.2602941393852234,0.2244013547897339,0.034489430487155914,0.0,0.6154873619476954,16.164745330810547,0.7122129698594412,0.10298642770133236,0.11896372247825969,0.07296648700139485,0.2953565884804861,0.16423916816711426,15.723179650306701,0.5241059883435567
4820,23,0.00017323584540395516,0.5393912495534704,0.29416337609291077,0.021961193531751633,0.2407214641571045,0.2055658996105194,0.05525568500161171,0.0,0.5743076999982198,16.094111442565918,0.699646607041359,0.10126919062300162,0.10722316767681729,0.05980271936542439,0.22871495111295106,0.16405320167541504,15.792076285680135,0.5264025428560045
4840,23,0.000173021651637832,0.5381486570026577,0.29996457695961,0.025977082550525665,0.23140496015548706,0.23773324489593506,0.04837367311120033,0.0,0.589335727194945,16.525369882583618,0.7344376693169276,0.10086127963255752,0.11330488425764171,0.07886504859197885,0.30964951691302384,0.1636512279510498,15.852336482206981,0.528411216073566
4860,23,0.00017280673852002583,0.5374567837186536,0.3471609950065613,0.03623867779970169,0.3069605827331543,0.3091491162776947,0.01665937900543213,0.0,0.5542380462090174,16.010250091552734,0.7135345935821533,0.08428446880795738,0.10226624983955514,0.06388970512092453,0.2409979091025889,0.16370153427124023,15.912083689371745,0.5304027896457248
4880,23,0.00017259110818228782,0.5249949631017804,0.2860743999481201,0.026002762839198112,0.30681806802749634,0.2822815179824829,0.030597861856222153,0.0,0.6817544040580591,14.575608174006144,0.6344510664542516,0.09743860939686949,0.14031870324503293,0.044886427302447955,0.16186165356669913,0.16385674476623535,15.972352989514668,0.5324117663171556
4900,23,0.00017237476276348325,0.5436175845818635,0.28922131657600403,0.028337042778730392,0.2876049280166626,0.2711866796016693,0.017365451902151108,0.0,0.5943083005646864,15.623855590820312,0.6823979367812475,0.09126733463596214,0.10989666391502727,0.05930414959783031,0.2302739909447899,0.16379928588867188,16.032052405675252,0.5344017468558417
4920,23,0.00017215770440957045,0.5309656551620425,0.3968051075935364,0.0394035205245018,0.20982271432876587,0.19600415229797363,0.03216491639614105,0.0,0.535750271131595,16.828112443288166,0.7368055333693823,0.08637220844287764,0.09800965271212837,0.0758274659449605,0.2980375104896005,0.16530370712280273,16.10837155977885,0.536945718659295
4940,24,0.00017193993527357944,0.5197462942559401,0.27274397015571594,0.025390993803739548,0.2040662169456482,0.22967123985290527,0.039466485381126404,0.0,0.5246942651768526,16.68197687466939,0.7263106107711792,0.0827798858623613,0.09567637826231393,0.0683309753711166,0.2699121830730953,0.16464781761169434,16.176013298829396,0.5392004432943133
4960,24,0.00017172145751559058,0.5356056795330438,0.40817636251449585,0.03257877007126808,0.3176814913749695,0.23665587604045868,0.1081133484840393,0.0,0.5358363799750805,16.446372191111248,0.7179778466622034,0.09663738750598648,0.09679309735921296,0.06859176385809075,0.2715012936175547,0.16371989250183105,16.235703881581625,0.5411901293860542
4980,24,0.00017150227330271306,0.5373730821267125,0.4297217130661011,0.03789439797401428,0.25911539793014526,0.2614867091178894,0.04472992569208145,0.0,0.626160046706597,15.861895322799683,0.7215953941146532,0.09725884382020343,0.12911038134585728,0.0705869076535402,0.2635019184063739,0.1638810634613037,16.295738859971365,0.5431912953323789
5000,24,0.00017128238480906363,0.5415517866753085,0.34978044033050537,0.027254847809672356,0.30171656608581543,0.28043133020401,0.023803558200597763,0.0,0.5608920032779375,16.45757524172465,0.7220853467782339,0.089115498079495,0.10782054489986463,0.06512674330125182,0.2513770929918709,0.16383004188537598,16.359560656547547,0.5453186885515848
5020,24,0.0001710617942157448,0.5434771484380888,0.31728067994117737,0.03230911120772362,0.3132730722427368,0.26501864194869995,0.012149480171501637,0.0,0.6983532980084419,14.868703921635946,0.6764796699086825,0.10994220525026321,0.1509416184642098,0.05882165102856747,0.21890373763426396,0.16389036178588867,16.4252503434817,0.5475083447827234
5040,24,0.0001708405037108233,0.5627171874774398,0.4464530944824219,0.044311583042144775,0.28446829319000244,0.24612697958946228,0.0318063423037529,0.0,0.5792805030941963,16.423352320988972,0.719654214878877,0.10776415120132944,0.10558596117929979,0.073736137858842,0.29574254401086364,0.16394352912902832,16.485216852029165,0.5495072284009721
5060,24,0.00017061851548930845,0.5601329653432151,0.2414170801639557,0.0187206007540226,0.20930194854736328,0.23500984907150269,0.051625922322273254,0.0,0.5673502186934153,16.23647626241048,0.6995229547222456,0.08791324707933447,0.10293018614703958,0.060808950345331556,0.23959620722135613,0.16398882865905762,16.548892283439635,0.5516297427813212
5080,24,0.00017039583175313018,0.5535321707010826,0.31450989842414856,0.019535256549715996,0.19587349891662598,0.1713489145040512,0.046229250729084015,0.0,0.5857506270209948,17.160417079925537,0.7531250516573588,0.13010216504335403,0.10196346298537472,0.096850144920278,0.40339713501320645,0.16411519050598145,16.610715313752493,0.5536905104584164
5100,24,0.00017017245471111743,0.5461876654699005,0.27058732509613037,0.02489377185702324,0.21445786952972412,0.2709161937236786,0.06206187605857849,0.0,0.5940463617444038,17.24946077664693,0.7476114928722382,0.13638711246577176,0.10298327051780441,0.09705698656828397,0.4071361204524609,0.1639416217803955,16.670743668079375,0.5556914556026459
5120,24,0.00016994838657897614,0.541243506515455,0.3099163770675659,0.037457119673490524,0.3344459533691406,0.3289555013179779,0.06489869207143784,0.0,0.7713808665672938,14.721298217773438,0.6934596051772436,0.15734414620832962,0.16472684321078387,0.08341991072732279,0.3287957910427146,0.1636793613433838,16.74939007759094,0.5583130025863647
5140,25,0.00016972362957926713,0.5508686019385411,0.2712552845478058,0.016451168805360794,0.17996156215667725,0.17783598601818085,0.04365367069840431,0.0,0.593938734382391,16.636106332143147,0.73378952840964,0.11241384629498828,0.11082588068463585,0.08504309951306575,0.3420940609225495,0.1656508445739746,16.82250714302063,0.5607502381006877
5160,25,0.00016949818594138436,0.5406093551059502,0.4473550319671631,0.03604792058467865,0.2830199599266052,0.2820950448513031,0.05592851713299751,0.0,0.7385780612627665,15.448524554570517,0.7330871025721232,0.169444970109246,0.1540649707683108,0.09585788474809802,0.39246804966718296,0.16424036026000977,16.882533832391104,0.5627511277463702
5180,25,0.0001692720579015325,0.5459188721529363,0.36316388845443726,0.029153769835829735,0.28749191761016846,0.2327030599117279,0.018915854394435883,0.0,0.6775907253225645,15.45427131652832,0.7138699491818746,0.11559347300366922,0.1436451995237307,0.07098009239379363,0.2816076034634369,0.16426825523376465,16.94708296855291,0.5649027656184302
5200,25,0.00016904524770270496,0.5435846440533053,0.35256150364875793,0.023762032389640808,0.2700256109237671,0.25843459367752075,0.06582864373922348,0.0,0.6606378902991613,15.78642463684082,0.7187452167272568,0.12337833524427631,0.13294116509231654,0.07405581245124764,0.2989523924717849,0.16383981704711914,17.00667821566264,0.5668892738554213
5220,25,0.00016881775759466157,0.5516178896623984,0.2827490568161011,0.03049808368086815,0.28968191146850586,0.2750908434391022,0.046509239822626114,0.0,0.5279176160693169,15.991339365641275,0.719970683256785,0.09880229737609625,0.08417315408587456,0.06457053336568853,0.26921085819644347,0.16392254829406738,17.07224017381668,0.569074672460556
5240,25,0.0001685895898339063,0.5403500845271216,0.21833069622516632,0.022026915103197098,0.26190340518951416,0.2658696472644806,0.02126936800777912,0.0,0.5031094526251157,17.381660223007202,0.7630266696214676,0.09773395176638257,0.07978970286521045,0.08986059842573013,0.3713956124265678,0.1637871265411377,17.132109332084656,0.5710703110694886
5260,25,0.0001683607466836648,0.5333413421991247,0.425906240940094,0.04052183777093887,0.30164116621017456,0.31302958726882935,0.009298106655478477,0.0,0.6142645707974831,16.4781068166097,0.7441680034001669,0.11950175210156223,0.11495715819976547,0.09117009608069732,0.3784200423291292,0.1635284423828125,17.195286305745444,0.5731762101915148
5280,25,0.00016813123041386195,0.5304567219844248,0.3411935269832611,0.04027300700545311,0.28922200202941895,0.26787734031677246,0.043431397527456284,0.0,0.5800502598285675,16.633123715718586,0.7430034428834915,0.10928649048913609,0.10239404287527908,0.08343330907783555,0.33218116366135125,0.22719860076904297,17.261330250898997,0.5753776750299666
5300,25,0.00016790104330109945,0.5366032647569362,0.2949160635471344,0.025838982313871384,0.22843772172927856,0.22936108708381653,0.042937565594911575,0.0,0.5922344115873178,16.725505113601685,0.7447909812132517,0.11976762573150071,0.10170444575223056,0.09468417875045403,0.39529321404089307,0.16375494003295898,17.321324932575227,0.5773774977525076
5320,25,0.0001676701876286332,0.5272599081372542,0.2719128727912903,0.0240066796541214,0.28469622135162354,0.24312996864318848,0.021740088239312172,0.0,0.528250922759374,16.008135716120403,0.684086928764979,0.07919478010047566,0.08886236697435379,0.05464867593201978,0.21853195263644343,0.16375398635864258,17.391452244917552,0.579715074830585
5340,25,0.0001674386656863506,0.5218161004678972,0.4220670163631439,0.05032637342810631,0.29654359817504883,0.23682087659835815,0.020940279588103294,0.0,0.5161706047753493,17.021458228429157,0.747107982635498,0.08486662187020887,0.09140520746057684,0.07602295047135241,0.2949262191488577,0.1638023853302002,17.45147097905477,0.5817156993018257
5360,26,0.00016720647977074788,0.5162011719272643,0.2016414850950241,0.019312812015414238,0.23193025588989258,0.21947459876537323,0.02337791956961155,0.0,0.4810671905676524,16.521106640497845,0.7256143217285475,0.06596298261799595,0.08413094078952615,0.05665269106314306,0.22327667034485124,0.16380763053894043,17.523256107171377,0.5841085369057125
5380,26,0.00016697363218490732,0.524664353090645,0.2839554250240326,0.03041968308389187,0.2808190584182739,0.3102377653121948,0.022188415750861168,0.0,0.49557796865701675,16.374947388966877,0.725557416677475,0.0742807879366658,0.08618959852240303,0.05901493459400213,0.23134338949933986,0.16377878189086914,17.583298687140147,0.5861099562380049
5400,26,0.0001667401252384743,0.5223910617731959,0.3498598635196686,0.04401713237166405,0.33343225717544556,0.3712117075920105,0.03863772004842758,0.0,0.5785025879740715,15.72385827700297,0.6761692141493162,0.08017030883241784,0.10867090472443537,0.05194706766368737,0.18598755076527596,0.16355538368225098,17.643366825580596,0.5881122275193532
5420,26,0.00016650596124763458,0.5244594768618767,0.3622715473175049,0.042718082666397095,0.31804782152175903,0.3419395387172699,0.0663871318101883,0.0,0.6275038793683052,16.965650637944538,0.7595232824484507,0.1528905721550638,0.10295618003742261,0.12230138902404261,0.5053737081417983,0.16373395919799805,17.709330336252847,0.5903110112084283
5440,26,0.00016627114253509121,0.5508424619070916,0.38997504115104675,0.04678338021039963,0.3655613660812378,0.3541353940963745,0.0575706921517849,0.0,0.6264508018891016,15.65626049041748,0.6616081496079763,0.10578031194480983,0.12106014940549027,0.05835542435472069,0.21998862507329744,0.16429805755615234,17.776360567410787,0.5925453522470262
5460,26,0.00016603567143004154,0.5464001176919037,0.3881811201572418,0.044429950416088104,0.293532133102417,0.283247709274292,0.053739842027425766,0.0,0.613535925745964,16.009905099868774,0.7174984489878019,0.08908749371767044,0.1253032640300014,0.07271012749962127,0.2789355169674805,0.16403889656066895,17.836539908250174,0.5945513302750057
5480,26,0.00016579955026815396,0.5545469544171155,0.3190932869911194,0.030047565698623657,0.22747009992599487,0.22564928233623505,0.04154130443930626,0.0,0.4851539035638173,16.964576641718548,0.7455659210681915,0.07498441450297832,0.08292928321117704,0.07115956320723688,0.28137341054918413,0.16350054740905762,17.896279060840605,0.5965426353613535
5500,26,0.00016556278139154504,0.5386290108074328,0.30239254236221313,0.022616593167185783,0.2782539129257202,0.250975102186203,0.032863032072782516,0.0,0.4917358886450529,16.753703673680622,0.7313809543848038,0.08003676648844373,0.08449429205872795,0.06582113661252978,0.265808007447049,0.1650710105895996,17.95612618525823,0.5985375395086077
5520,26,0.00016532536714875597,0.5389799333224952,0.315856397151947,0.028870265930891037,0.21823251247406006,0.21344205737113953,0.029626993462443352,0.0,0.5074262768030167,16.68566640218099,0.7321536689996719,0.08326306253332984,0.09265443648804318,0.06393145684375089,0.2507167887048457,0.16366362571716309,18.02552415927251,0.6008508053090837
5540,26,0.00016508730989472947,0.5337884269265006,0.2342100739479065,0.028858788311481476,0.2430645227432251,0.23890022933483124,0.03406478837132454,0.0,0.6600954048335552,16.034271478652954,0.7160074835022291,0.1274758939715949,0.13251295194707133,0.07708040485687723,0.308754375860603,0.16376686096191406,18.085457948843636,0.602848598294788
5560,26,0.00016484861199078638,0.5471291443106895,0.27787089347839355,0.032222725450992584,0.2505195140838623,0.2591671347618103,0.05809466913342476,0.0,0.6346953747173151,16.372284253438313,0.7408147106568018,0.12741239470514384,0.1250012530521913,0.08637614549793811,0.3474418008488349,0.1637740135192871,18.145294415950776,0.6048431471983592
5580,27,0.00016460927580460222,0.5307504526475862,0.35514602065086365,0.04487210512161255,0.3402669429779053,0.3726022243499756,0.027564117684960365,0.0,0.6324892813960711,15.619943221410116,0.7053834473093351,0.102960870008577,0.12780333767560395,0.06270402999904366,0.2341431278618984,0.16361522674560547,18.210695679982503,0.6070231893327501
5600,27,0.00016436930371018367,0.5309155587200114,0.2751617431640625,0.029760558158159256,0.2690218687057495,0.2631033658981323,0.013043411076068878,0.0,0.5144021747012933,16.426558176676433,0.7198657840490341,0.08146229843524369,0.0939762478863651,0.04998872474375689,0.20036440612536602,0.16381287574768066,18.270755803585054,0.6090251934528351
5620,27,0.00016412869808784514,0.5221143788128977,0.28346315026283264,0.027323460206389427,0.25630879402160645,0.27173638343811035,0.029732298105955124,0.0,0.46096149149040383,17.679592688878376,0.7728028545777003,0.08683498813347383,0.0766257115385749,0.07856366929957982,0.317954854701053,0.16389989852905273,18.336509946982066,0.6112169982327356
5640,27,0.00016388746132418503,0.5264797323215755,0.4229838252067566,0.04069237411022186,0.2984979748725891,0.312382310628891,0.04105114936828613,0.0,0.49234601110219955,15.603180011113485,0.7052904466787974,0.06409186082468792,0.08592338639904153,0.04301538752340341,0.157790588905548,0.16376352310180664,18.3995769739151,0.6133192324638367
5660,27,0.00016364559581206217,0.5430196690826559,0.483075886964798,0.048594605177640915,0.3911023736000061,0.38903993368148804,0.08766228705644608,0.0,0.6245681680738926,16.761245171229046,0.7463123053312302,0.14430068907412616,0.1095518134534359,0.09912596981633794,0.4140123005279086,0.16452765464782715,18.46291263103485,0.6154304210344951
5680,27,0.00016340310395057198,0.542198418908338,0.40692681074142456,0.03807945176959038,0.3133033514022827,0.3212074041366577,0.025591490790247917,0.0,0.5404588114470243,17.2329421043396,0.7528918286164602,0.09992775549604134,0.09781497208909555,0.08404502621388846,0.35103884986495937,0.16375255584716797,18.5230748573939,0.6174358285797967
5700,27,0.00016315998814502272,0.534327956606404,0.3552352488040924,0.04133349657058716,0.28807908296585083,0.2771117389202118,0.046205878257751465,0.0,0.5172338380167881,16.654209852218628,0.7254889160394669,0.07904147255149754,0.09216642803089185,0.0603059652824992,0.23677476901899686,0.16375446319580078,18.583377746740975,0.6194459248913659
5720,27,0.00016291625080691163,0.5347679162193321,0.36641961336135864,0.028739433735609055,0.23943841457366943,0.25231146812438965,0.09429331123828888,0.0,0.474730692182978,15.659589211146036,0.714193768799305,0.06778712680732663,0.07986925322223794,0.037739400063566624,0.15508851604516333,0.16357803344726562,18.649441186587016,0.6216480395529005
5740,27,0.00016267189435390105,0.5323809959293188,0.25814226269721985,0.021688081324100494,0.22103351354599,0.23347756266593933,0.06820258498191833,0.0,0.46967908926308155,17.264600833257038,0.7635609060525894,0.08203232305293734,0.07787170684473081,0.07458118822118691,0.30333922926167195,0.16356396675109863,18.70969509681066,0.6236565032270219
5760,27,0.00016242692120979442,0.5451775967853554,0.49487918615341187,0.046530984342098236,0.3098951578140259,0.28701895475387573,0.08631075173616409,0.0,0.44732128207882244,15.64115802447001,0.7198617532849312,0.06746266646818681,0.07322350262918255,0.032653027439003134,0.13719666683623058,0.1638944149017334,18.769526783625285,0.6256508927875095
5780,28,0.0001621813338045121,0.5317425251386273,0.2805817425251007,0.021405747160315514,0.19198834896087646,0.20663762092590332,0.057602375745773315,0.0,0.5620606876909733,16.974063952763874,0.7428008168935776,0.09425840501419523,0.1112464808604934,0.07178852827002463,0.28817381183299323,0.7618720531463623,18.843745879332225,0.6281248626444075
5800,28,0.0001619351345740675,0.523003866443432,0.44424423575401306,0.0399048775434494,0.30659353733062744,0.26884937286376953,0.029484305530786514,0.0,0.6129132062196732,16.30206831296285,0.7237365494171778,0.10795123367147012,0.12577871351756834,0.0680167856500537,0.26379274537744507,0.16411566734313965,18.909098156293233,0.6303032718764411
5820,28,0.0001616883259605428,0.5217524733747668,0.2912132740020752,0.022933002561330795,0.2581707239151001,0.2353130578994751,0.043713826686143875,0.0,0.6813077926635742,15.69475261370341,0.7358337094386419,0.13339421661062675,0.14777944270860066,0.08147451285780831,0.3185340624556623,0.16359758377075195,18.97479229370753,0.6324930764569177
5840,28,0.0001614409104120646,0.5299445293731363,0.30751466751098633,0.023128001019358635,0.2634838819503784,0.201405331492424,0.015583579428493977,0.0,0.6149797948698202,16.396863619486492,0.7449791580438614,0.12433039464733818,0.12306173704564571,0.08141813552885485,0.3176451205191287,0.16431093215942383,19.034870394070943,0.6344956798023648
5860,28,0.00016119289038278,0.5275344868664179,0.33759522438049316,0.031497664749622345,0.3321853280067444,0.26774507761001587,0.024902166798710823,0.0,0.517751564582189,16.96938467025757,0.7474528749783834,0.08140159017321738,0.09516228633848103,0.06811715714072554,0.2696272648278285,0.16390681266784668,19.095234922568004,0.6365078307522668
5880,28,0.00016094426833283178,0.5289172950659025,0.3281557559967041,0.033717747777700424,0.30894190073013306,0.27517107129096985,0.026098357513546944,0.0,0.5134687187771002,16.047021627426147,0.7044923628369967,0.06354543050243096,0.091105165976015,0.049449786038828526,0.18233542401206002,0.16357183456420898,19.155409026145936,0.6385136342048645
5900,28,0.0001606950467283344,0.5442035617774622,0.3245307207107544,0.03564795106649399,0.2711063623428345,0.30815815925598145,0.04864801838994026,0.0,0.5049803542594115,16.903385639190674,0.7441280434528986,0.0677347073162144,0.09503135847097094,0.06289363337617199,0.2468789506343786,0.16388940811157227,19.21931449174881,0.640643816391627
5920,28,0.0001604452280413493,0.5352696375809102,0.2894020676612854,0.024125080555677414,0.2208852767944336,0.20483428239822388,0.013475113548338413,0.0,0.6227111332118511,16.29089331626892,0.7377211898565292,0.10810571671886877,0.12743863141672176,0.07417597742989362,0.28880906553769653,0.1638486385345459,19.285555962721507,0.6428518654240503
5940,28,0.0001601948147498605,0.5301385525252157,0.24954771995544434,0.02730046771466732,0.32033246755599976,0.3092173933982849,0.03947018086910248,0.0,0.49705179532368976,16.55987811088562,0.7365167886018753,0.06615440416234461,0.08917610618201169,0.05414390787175514,0.20947154686225325,0.16378998756408691,19.345882368087768,0.6448627456029257
5960,28,0.00015994380933774999,0.5404604029555075,0.34676679968833923,0.03225463256239891,0.3269047737121582,0.3398818373680115,0.0660824328660965,0.0,0.45169674915572006,17.62666090329488,0.7752791593472163,0.07024598663503473,0.07861896299503067,0.07116357578144578,0.27810048386031255,0.16424059867858887,19.405810511112215,0.6468603503704071
5980,28,0.00015969221429477302,0.5405971158311186,0.22781255841255188,0.028468798846006393,0.26990532875061035,0.26361775398254395,0.011557836085557938,0.0,0.4813682672878106,17.011480887730915,0.7476062228282293,0.07148562896658074,0.084757095372135,0.06327905667025004,0.2391920385416597,0.16353154182434082,19.465959386030832,0.6488653128676944
6000,29,0.00015944003211653353,0.5304342535651477,0.3833203911781311,0.0283217616379261,0.2083842158317566,0.17503874003887177,0.03281961753964424,0.0,0.5549855356415113,16.341500997543335,0.745276985069116,0.08611670204184273,0.1057447652247819,0.07283703282486055,0.2701886339451779,0.6281733512878418,19.542658893267312,0.6514219631089104
6020,29,0.00015918726530445926,0.5449591740592789,0.37171563506126404,0.03492119535803795,0.23766374588012695,0.2410031259059906,0.08854001760482788,0.0,0.5162747334688902,16.18439181645711,0.7044558599591255,0.0714451911097223,0.09242149459367449,0.054176134331183595,0.1921708207095931,0.1637129783630371,19.60861938794454,0.653620646264818
6040,29,0.00015893391636577711,0.5381044771407286,0.3258652687072754,0.023754095658659935,0.21895873546600342,0.183242067694664,0.02764105051755905,0.0,0.541318773602446,16.471271594365437,0.7310853650172552,0.07666990160942078,0.10488851317627863,0.06045662864992416,0.22857788232133977,0.16363191604614258,19.668732583522797,0.6556244194507599
6060,29,0.0001586799878134881,0.5296565559547142,0.3093196749687195,0.022772707045078278,0.19483554363250732,0.2042246311903,0.03238433226943016,0.0,0.48717939543227357,17.199697256088257,0.7571863730748495,0.07576073528352109,0.08751069381833076,0.06766623217051594,0.2650656194150956,0.16364216804504395,19.728766016165416,0.6576255338721805
6080,29,0.0001584254821663425,0.5087282837421491,0.22857017815113068,0.030321698635816574,0.30506646633148193,0.33893245458602905,0.029739487916231155,0.0,0.5863933339715004,16.40120768547058,0.7294758607943853,0.09033855897459117,0.12160002914342014,0.06423988343488997,0.24218953698767687,0.16372179985046387,19.788964780171714,0.6596321593390571
6100,29,0.00015817040194881487,0.5130460661917159,0.2701188325881958,0.031121060252189636,0.24897056818008423,0.2887665033340454,0.10598114132881165,0.0,0.4930274399618308,17.150194088617962,0.7478862007459005,0.0789601919664578,0.08746482144025239,0.06908009355538525,0.26102023952725256,0.16396522521972656,19.848796025911966,0.6616265341970655
6120,29,0.0001579147496910791,0.5162541008288742,0.30129364132881165,0.029079169034957886,0.21621710062026978,0.2538042664527893,0.04645977169275284,0.0,0.5489661153405905,16.99457844098409,0.7690310130516688,0.09629228575663133,0.10633379220962524,0.08061182100209408,0.3136942431817509,0.16376399993896484,19.917492973804475,0.6639164324601491
6140,29,0.00015765852792898308,0.5305948849855513,0.24631789326667786,0.01976293884217739,0.2250654101371765,0.23167453706264496,0.04509897902607918,0.0,0.6555924862623215,16.099069515864056,0.7241497188806534,0.137684242291884,0.1322709716517817,0.07877778461393477,0.30278527982194314,0.16372346878051758,19.977652402718864,0.6659217467572954
6160,29,0.00015740173920402372,0.5205121729100738,0.37604448199272156,0.036062680184841156,0.27207183837890625,0.30776548385620117,0.0388328991830349,0.0,0.7026241421699524,15.060259262720743,0.7038442095120748,0.1142766194587404,0.16197640042413364,0.06203783403874364,0.2323212234266314,0.16396307945251465,20.03735218048096,0.6679117393493652
6180,29,0.0001571443860633218,0.5278333493543838,0.34244242310523987,0.03306533768773079,0.2886783480644226,0.2627936899662018,0.0040726084262132645,0.0,0.6505172029137611,14.847807963689169,0.6378889804085096,0.08178970403969288,0.13615440323271535,0.04250959467014003,0.14816011100943302,0.16382193565368652,20.096948138872783,0.6698982712957594
6200,29,0.00015688647105959656,0.5333620403871794,0.3689876198768616,0.023822864517569542,0.260837197303772,0.27745649218559265,0.06153234466910362,0.0,0.5462783984839916,16.8974351088206,0.7505140056212743,0.08690403977578337,0.10255910879509016,0.06844652556570839,0.25868894721762364,0.16333389282226562,20.16386995315552,0.6721289984385173
6220,30,0.00015662799675114037,0.5235237364584346,0.44886407256126404,0.03218177706003189,0.2117365598678589,0.22907763719558716,0.07407985627651215,0.0,0.5118941397716602,16.994788964589436,0.7567604134480158,0.0821424439041452,0.09313688342544166,0.06983158049909187,0.269685053573498,0.16382479667663574,20.244485902786256,0.6748161967595419
6240,30,0.0001563689657017935,0.5250659900951444,0.32497653365135193,0.026211656630039215,0.20586532354354858,0.22119006514549255,0.02842077985405922,0.0,0.4767019947369893,17.688490390777588,0.7816693832476934,0.09038837067782879,0.0818880173293027,0.08007111098744314,0.316091827286238,0.16356563568115234,20.30420921643575,0.6768069738811917
6260,30,0.0001561093804809186,0.5299963788290843,0.2840043306350708,0.02111797034740448,0.3521847724914551,0.29217642545700073,0.132564514875412,0.0,0.5150168562928835,17.429325739542644,0.766236757238706,0.08884603733366186,0.09609955752437765,0.07389509319909848,0.28547670535573905,0.16365861892700195,20.367789268493652,0.6789263089497884
6280,30,0.00015584924366337515,0.5150821872337051,0.36106985807418823,0.02733507566154003,0.25079941749572754,0.23018023371696472,0.04592834785580635,0.0,0.5108779892325401,16.79597083727519,0.7325733304023743,0.07458742445504124,0.09515463340688836,0.05643575763017659,0.21081565246409315,0.16405797004699707,20.42782233953476,0.6809274113178253
6300,30,0.00015558855782949404,0.5047689174044996,0.2746374309062958,0.03021213226020336,0.25314861536026,0.26984578371047974,0.04924311861395836,0.0,0.4554010791083177,17.571343978246052,0.7796113838752111,0.07191594537686218,0.079526041041721,0.07272466421868144,0.28511715575587004,0.1642153263092041,20.495505293210346,0.6831835097736783
6320,30,0.00015532732556505197,0.49074674447619626,0.2573455274105072,0.020008370280265808,0.21763306856155396,0.23070624470710754,0.04115629568696022,0.0,0.4524257977803548,18.090640703837078,0.7952769845724106,0.08537871542979371,0.07557892909442837,0.082943312225821,0.3200502904894,0.16385102272033691,20.561172421773275,0.6853724140591092
6340,30,0.00015506554946124565,0.5131448951557974,0.4309873580932617,0.043199703097343445,0.3605261445045471,0.3345421254634857,0.03806504234671593,0.0,0.44539337915678817,17.58867645263672,0.7817479074001312,0.06927189798178998,0.07825112529098988,0.07123630584630353,0.2804043250348927,0.16370511054992676,20.625686875979106,0.6875228958659702
6360,30,0.0001548032321146663,0.506106920097381,0.30758553743362427,0.033586159348487854,0.31899672746658325,0.3145589828491211,0.09434056282043457,0.0,0.49522033395866555,16.832684755325317,0.7519382337729136,0.06535326816480268,0.09393497031520713,0.058732555493902924,0.22177918843755667,0.16373181343078613,20.685925821463268,0.6895308607154422
6380,30,0.0001545403761272737,0.5076186912922873,0.26872268319129944,0.023831799626350403,0.1965816617012024,0.19985394179821014,0.03775474801659584,0.0,0.47219085941712063,16.938812255859375,0.757624939084053,0.061617513610558075,0.08243721672757105,0.06161073161307617,0.22759434070162984,0.16403460502624512,20.746231536070507,0.6915410512023502
6400,30,0.00015427698410637057,0.5117356237159434,0.22989127039909363,0.016379550099372864,0.16358357667922974,0.1813558042049408,0.009053974412381649,0.0,0.5442710655430952,16.53598125775655,0.7376173535982767,0.07659510421481999,0.1044426958330653,0.06204146918290379,0.2264641519445418,0.16398978233337402,20.809718346595766,0.6936572782198588
6420,30,0.00015401305866457658,0.5068668533270118,0.2631056010723114,0.028322985395789146,0.2609027624130249,0.23706237971782684,0.057489700615406036,0.0,0.6441361370186011,15.705860376358032,0.7133263746897379,0.09397482634945349,0.13826332325962457,0.057440956402305426,0.2087215097893601,0.16298723220825195,20.875454421838125,0.6958484807279375
6440,31,0.00015374860241980246,0.5098348219311667,0.45182669162750244,0.043016280978918076,0.3492248058319092,0.30761200189590454,0.03556353598833084,0.0,0.4960550107061863,17.54786205291748,0.7621607581774393,0.07738952304829251,0.08859559656544165,0.06922350673333065,0.2743395827234384,0.16472887992858887,20.949978240331014,0.6983326080110338
6460,31,0.00015348361799522408,0.5064219825831874,0.26347410678863525,0.023157229647040367,0.22710102796554565,0.24658071994781494,0.021495193243026733,0.0,0.7136624703804652,15.102210680643717,0.7351068605979284,0.13761989975517447,0.16237235001542352,0.07135651182166343,0.2709664356185716,0.16379094123840332,21.012024446328482,0.7004008148776161
6480,31,0.0001532181080192563,0.5243929168162857,0.2847384512424469,0.0387403704226017,0.3780061602592468,0.37571901082992554,0.0438055656850338,0.0,0.5370409755657116,16.13936122258504,0.7250709136327108,0.07283700680868192,0.10381590541113507,0.05637431149939816,0.20875713259341533,0.16367030143737793,21.072155392169954,0.7024051797389984
6500,31,0.00015295207512552712,0.5255824171696755,0.40523725748062134,0.02976599894464016,0.22262370586395264,0.24167919158935547,0.06227031722664833,0.0,0.4654641604671876,17.060528834660847,0.7645832598209381,0.0683788943358443,0.08194937760179694,0.0649006887291431,0.24540374127470635,0.16395092010498047,21.1321617881457,0.70440539293819
6520,31,0.00015268552195285136,0.5292940455446804,0.3059012293815613,0.025281347334384918,0.20215362310409546,0.20680385828018188,0.03418299928307533,0.0,0.5377913434058428,17.044289509455364,0.7653430054585139,0.09420556558126753,0.10580360584638336,0.07276345530937595,0.27828920048407535,0.16428685188293457,21.198326420783996,0.7066108806927999
6540,31,0.00015241845114520459,0.5139762950461263,0.36484068632125854,0.036681387573480606,0.24431055784225464,0.2454783320426941,0.023003926500678062,0.0,0.5539806013305982,16.781941731770832,0.7668067912260691,0.08774772117083723,0.11209983260116795,0.0736610881755372,0.2921035168269141,0.16379714012145996,21.258680347601572,0.7086226782533858
6560,31,0.0001521508653516968,0.5109055023236639,0.3178701400756836,0.03027484565973282,0.2819710373878479,0.2542005181312561,0.07402043789625168,0.0,0.5697997647027174,16.19828748703003,0.7498120665550232,0.08501829867335883,0.10884290933609009,0.06671279789655025,0.2573160609410314,0.16445040702819824,21.319022130966186,0.7106340710322062
6580,31,0.00015188276722654629,0.5110836386933922,0.3600148558616638,0.033657267689704895,0.28836458921432495,0.22625850141048431,0.05503778159618378,0.0,0.5706804332633814,16.744044065475464,0.7614520937204361,0.09374651871621609,0.1145120273259553,0.07433591830671173,0.28687700667333876,0.16587567329406738,21.38531248966853,0.7128437496556176
6600,31,0.00015161415942905308,0.5157465117413045,0.365863561630249,0.028510306030511856,0.20152735710144043,0.15683060884475708,0.025013228878378868,0.0,0.4512584110101064,16.48021610577901,0.7420878609021505,0.0589477141303095,0.07952660610052673,0.05377301063750069,0.19944509649212705,0.16390132904052734,21.445639757315316,0.7148546585771772
6620,31,0.0001513450446235729,0.5155021804899004,0.2564929723739624,0.02852502092719078,0.24484097957611084,0.22992734611034393,0.0191232580691576,0.0,0.5355826206505299,16.546889543533325,0.7228204235434532,0.0714015346867117,0.10791429995813152,0.05512136175027329,0.20107602460352195,0.16420435905456543,21.51709415912628,0.717236471970876
6640,32,0.00015107542547949043,0.5188147795880402,0.4272201657295227,0.04278981685638428,0.3289395570755005,0.31737780570983887,0.03949703276157379,0.0,0.49842638957003754,16.46838100751241,0.7136416956782341,0.07046170761300759,0.08598282933235168,0.05940063387176699,0.21015854550536128,0.16477203369140625,21.585529883702595,0.7195176627900866
6660,32,0.000150805304671193,0.5277393642103845,0.24364323914051056,0.02656646817922592,0.2915077805519104,0.2665582597255707,0.04719335958361626,0.0,0.42247025792797405,17.837748289108276,0.7982917030652364,0.06850567104464228,0.07009033012119206,0.07403169085790234,0.2829666883229617,0.16376709938049316,21.646736117204032,0.7215578705734677
6680,32,0.000150534684878044,0.5224619146466314,0.24031902849674225,0.031997695565223694,0.29318273067474365,0.28326499462127686,0.01382382307201624,0.0,0.4825088555614154,16.228904406229656,0.7188093140721321,0.0617544785649939,0.08675386367196386,0.05035768630014817,0.18820992880500853,0.16399908065795898,21.70662367741267,0.7235541225804223
6700,32,0.00015026356878435626,0.5124509670234554,0.3094620108604431,0.02422064170241356,0.23734408617019653,0.27370408177375793,0.041417744010686874,0.0,0.4688100032508373,17.34217135111491,0.7722554604212443,0.07764165086502378,0.08180579339916055,0.07099729950476269,0.26874499839984556,0.16362404823303223,21.76633623838425,0.7255445412794749
6720,32,0.0001499919590793656,0.5050301120433707,0.24066267907619476,0.031693607568740845,0.2986329197883606,0.3212628960609436,0.05006333813071251,0.0,0.5228688002874454,16.800336360931396,0.7546182970205942,0.07771511714566838,0.10316344519907777,0.0637668473989999,0.24150029230143197,0.16431522369384766,21.832649568716686,0.7277549856238895
6740,32,0.0001497198584572039,0.49801647526394127,0.2738790214061737,0.025368761271238327,0.25773704051971436,0.2414231300354004,0.0520467609167099,0.0,0.5254877309004465,16.799798568089802,0.7605835249026617,0.07412536086683924,0.10308602012016556,0.0678228652048512,0.2589436673389917,0.16535186767578125,21.89243060350418,0.7297476867834727
6760,32,0.00014944726961687265,0.5023120349009701,0.2849017083644867,0.02179020643234253,0.16033297777175903,0.1890813559293747,0.010729796253144741,0.0,0.4724100412180026,16.885973850886028,0.7553168187538782,0.06757216705855998,0.0864479507912289,0.05957864655647427,0.22575486381538212,0.163893461227417,21.957491636276245,0.7319163878758749
6780,32,0.0001491741952622159,0.5099147892973753,0.26597490906715393,0.02426166646182537,0.18208080530166626,0.1916944831609726,0.07059265673160553,0.0,0.5072821862995625,17.067846934000652,0.7638488709926605,0.07643415101549843,0.09801180084997957,0.07212619393778202,0.27468086748426274,0.16401076316833496,22.044402690728507,0.7348134230242835
6800,32,0.00014890063810189369,0.5047778103132488,0.3250649869441986,0.030645010992884636,0.27200883626937866,0.231806218624115,0.02525026910007,0.0,0.5587327753504118,15.983068307240805,0.7181879505515099,0.07585888440636071,0.11213684844022448,0.05735481838134795,0.20755244643342766,0.16398262977600098,22.104252457618713,0.7368084152539571
6820,32,0.00014862660084935498,0.5107480632770802,0.279039204120636,0.019202090799808502,0.1992143988609314,0.18475544452667236,0.030011847615242004,0.0,0.5055756332973639,17.006431500116985,0.7574106554190317,0.0812278709967028,0.09473248774355109,0.06775337448396551,0.25258629206060007,0.16389989852905273,22.169972972075144,0.7389990990691715
6840,32,0.00014835208622281093,0.5128275935478129,0.3192068040370941,0.028653793036937714,0.23805451393127441,0.23133961856365204,0.03998657688498497,0.0,0.5241485213239988,16.756726026535034,0.7571981400251389,0.07277925456450744,0.10300312004983425,0.06688606760078321,0.25374288630634756,0.16384077072143555,22.23441737095515,0.741147245698505
6860,33,0.00014807709694520773,0.49434893733884455,0.23603782057762146,0.02432429790496826,0.22604131698608398,0.21888402104377747,0.030770516023039818,0.0,0.46286520672341186,17.26117444038391,0.7609987209240595,0.06817647247490558,0.08137760057368061,0.06655292709216486,0.2504465586442331,0.16361784934997559,22.315408607323963,0.7438469535774654
6880,33,0.00014780163574419977,0.4988801463701144,0.25974199175834656,0.03229721635580063,0.2767602205276489,0.26870930194854736,0.022661587223410606,0.0,0.45293687656521797,17.062317450841267,0.7547403822342554,0.06498996998098763,0.0782845260744745,0.06238897606222467,0.23352400308199736,0.16380023956298828,22.37572993437449,0.7458576644791497
6900,33,0.0001475257053521225,0.5027912144938229,0.418224960565567,0.04206347465515137,0.2954180836677551,0.2932590842247009,0.02904737927019596,0.0,0.48685891802112263,17.269754489262898,0.7559685260057449,0.07227112903175029,0.09053230251778256,0.06543716850269861,0.2494799961965658,0.16346383094787598,22.435817456245424,0.7478605818748474
6920,33,0.00014724930850596528,0.5060788508132169,0.32806989550590515,0.024997591972351074,0.1896330714225769,0.14943085610866547,0.05078543350100517,0.0,0.610137247790893,15.89580774307251,0.7030309041341146,0.08289636442945762,0.1293768577954986,0.05613125013637314,0.20076560254462741,0.16375088691711426,22.50426003138224,0.7501420010460748
6940,33,0.00014697244794734435,0.5106748248303685,0.3262845575809479,0.03888862207531929,0.3465207815170288,0.31176942586898804,0.02207256481051445,0.0,0.6072746906429529,16.107116381327312,0.7332774798075358,0.0938821616159244,0.12974521941082043,0.06390649307947817,0.23202876807640263,0.1638636589050293,22.56434086561203,0.752144695520401
6960,33,0.00014669512642247561,0.5146645486815256,0.33036568760871887,0.03865450620651245,0.2896394729614258,0.2933591604232788,0.025003943592309952,0.0,0.5185999237000942,16.885822693506878,0.7527887672185898,0.0762513353574005,0.09996301917867227,0.06439330525873546,0.23993171759701165,0.16507244110107422,22.624329205354055,0.7541443068451351
6980,33,0.0001464173466821472,0.5041263857338654,0.24521099030971527,0.019063962623476982,0.20617079734802246,0.1834474503993988,0.053978994488716125,0.0,0.4931955114006996,17.301843643188477,0.7739779005448023,0.08514883428473365,0.08798028410158375,0.07538842899454969,0.28364080119751056,0.1640007495880127,22.68414191802343,0.7561380639341142
7000,33,0.0001461391114816925,0.508170096371114,0.3718065023422241,0.025199785828590393,0.18067634105682373,0.2047702521085739,0.06170835345983505,0.0,0.5086817406117916,16.91831962267558,0.7632266531387965,0.0781824646348303,0.09081112915142016,0.07028532765054313,0.2609226333998694,0.16373682022094727,22.743999648094178,0.7581333216031393
7020,33,0.00014586042358096256,0.5211820028993693,0.3563839793205261,0.028572168201208115,0.22453010082244873,0.2569819688796997,0.05239966884255409,0.0,0.43613501141468686,17.155062754948933,0.7585093379020691,0.060886923647062344,0.07612370327115059,0.06184705003397539,0.23746242220725186,0.16383004188537598,22.81002805630366,0.7603342685434553
7040,33,0.0001455812857442989,0.5267057062610703,0.339716374874115,0.0312348660081625,0.29822230339050293,0.27281466126441956,0.03941705450415611,0.0,0.4538620989769697,17.30744457244873,0.764436885714531,0.06368899362331087,0.08155961520969868,0.06314625137284482,0.2425526705972681,0.16397547721862793,22.871201018492382,0.7623733672830794
7060,33,0.00014530170074050598,0.5138534902852473,0.3776351511478424,0.03400057181715965,0.26908475160598755,0.2587795853614807,0.022497234866023064,0.0,0.46200326333443326,15.8405388991038,0.7175648510456085,0.06107794976031238,0.0788284047422084,0.04136733422720598,0.15159136959449493,0.16315746307373047,22.931284578641257,0.7643761526213751
7080,34,0.00014502167134282381,0.5159101584500554,0.31971475481987,0.028149446472525597,0.25622403621673584,0.2811581790447235,0.04357482120394707,0.0,0.4578138416012128,16.756609042485554,0.742970327536265,0.0634648809209466,0.0824899124828252,0.051665639965159986,0.20151393918786198,0.1638500690460205,23.005957539876302,0.76686525132921
7100,34,0.0001447412003289003,0.5225274858893121,0.3924206495285034,0.04975175857543945,0.34377801418304443,0.36024969816207886,0.043664686381816864,0.0,0.48231484182178974,17.070682843526203,0.7466049393018087,0.07269627922637896,0.09117092835632237,0.058875840474766766,0.2222415381322869,0.16348528861999512,23.065710568428038,0.7688570189476013
7120,34,0.00014446029048076388,0.5079229296089557,0.3060882091522217,0.03133679926395416,0.29320019483566284,0.27932119369506836,0.006705554202198982,0.0,0.5242973410834869,16.963388284047443,0.7464038332303365,0.07683936608108607,0.10788454995913939,0.0600806020784975,0.22694678317665504,0.16378068923950195,23.13138908545176,0.771046302848392
7140,34,0.00014417894458479584,0.5037685202959195,0.3628961145877838,0.02833736501634121,0.26236242055892944,0.24033837020397186,0.08737103641033173,0.0,0.6453567507366339,16.038175980250042,0.7527747998634974,0.12189460748975928,0.143417559733445,0.07195275824530901,0.2649563599367287,0.16379165649414062,23.19140155315399,0.7730467184384664
7160,34,0.0001438971654317027,0.5038990536880568,0.2913528382778168,0.018254969269037247,0.17791801691055298,0.16385269165039062,0.02795102633535862,0.0,0.6093188331772884,16.298773129781086,0.733386700352033,0.08930452692915093,0.13525652817704462,0.05970301548685794,0.22156726044010033,0.16399908065795898,23.25165012280146,0.7750550040933821
7180,34,0.0001436149558164884,0.5047107935019446,0.34818729758262634,0.03392568230628967,0.23062634468078613,0.25042349100112915,0.015433368273079395,0.0,0.5890767704695463,16.80611244837443,0.747809037566185,0.1024264886297963,0.12493379397148435,0.06681098694504974,0.25288605330173264,0.1635427474975586,23.316024096806846,0.7772008032268948
7200,34,0.0001433323185384268,0.4969403655514519,0.2685585916042328,0.03593059256672859,0.3092982769012451,0.3315642476081848,0.04090143367648125,0.0,0.5732965401063362,16.135111649831135,0.7123284786939621,0.08055429837920448,0.11048316345973448,0.05048035306503545,0.18096237465103762,0.16417527198791504,23.376056631406147,0.7792018877135383
7220,34,0.0001430492564010338,0.4948024399324904,0.35721254348754883,0.02793574146926403,0.24060332775115967,0.231084942817688,0.02073615789413452,0.0,0.49592215816179913,17.35160716374715,0.7577100098133087,0.08083047015084462,0.0915222183208574,0.06771436600882391,0.2553958604958924,0.16375470161437988,23.442082496484122,0.781402749882804
7240,34,0.00014276577221203953,0.48862032857753956,0.28553104400634766,0.024637725204229355,0.26853883266448975,0.22974741458892822,0.035296715795993805,0.0,0.5334264021366835,16.534801642100017,0.7320539901653925,0.0701639334755865,0.108211631632664,0.05703351159106453,0.21073213070948524,0.16398978233337402,23.501854304472605,0.7833951434824202
7260,34,0.00014248186878336046,0.49037623112529327,0.27171486616134644,0.023560892790555954,0.2581418752670288,0.2700873017311096,0.04410379379987717,0.0,0.5014304121335348,17.140581528345745,0.7550576602419218,0.08234107714485038,0.09476449797776612,0.0695843412540853,0.25794338866729627,0.16363930702209473,23.561689897378287,0.7853896632459428
7280,35,0.00014219754893107154,0.4970952604161048,0.26973047852516174,0.02957063913345337,0.2798153758049011,0.3182637691497803,0.06277860701084137,0.0,0.5794049985706806,16.383259534835815,0.7516146798928579,0.09012066674503413,0.124635489996184,0.06956814340744379,0.2629893996504093,0.16414165496826172,23.62488792339961,0.7874962641133203
7300,35,0.00014191281547537837,0.5029280580910345,0.37779802083969116,0.029370315372943878,0.24186348915100098,0.209654301404953,0.015901979058980942,0.0,0.5022935116042694,17.092390934626263,0.7581654985745748,0.07670436731793663,0.09816302867098288,0.06622248103799806,0.24904465599154885,0.1644444465637207,23.684832127889,0.7894944042629666
7320,35,0.00014162767124058906,0.5192397937840176,0.29951950907707214,0.023305019363760948,0.2082929015159607,0.19632934033870697,0.060294702649116516,0.0,0.5802858223517736,16.087894598642986,0.7097670237223307,0.07663638991388408,0.12373304536396806,0.04858466616794679,0.1780662267490036,0.16361689567565918,23.7512127439181,0.7917070914639367
7340,35,0.0001413421190550863,0.5133191845957986,0.33936282992362976,0.029867853969335556,0.27785301208496094,0.2792699933052063,0.0526488795876503,0.0,0.5752040694157282,16.28202199935913,0.7199681351582209,0.08313424478877675,0.11975317685441537,0.05477327636022396,0.19686390351588753,0.16437530517578125,23.81406027873357,0.793802009291119
7360,35,0.0001410561617512994,0.5017670551900493,0.3041794002056122,0.03007929027080536,0.30742430686950684,0.3163788318634033,0.033023521304130554,0.0,0.5884037210295597,15.84566068649292,0.7131979440649351,0.08302201025865295,0.12146681564098055,0.05224421180371957,0.18298252356048164,0.16416501998901367,23.878923690319063,0.7959641230106353
7380,35,0.00014076980216567582,0.512767048304909,0.31475552916526794,0.024645213037729263,0.195307195186615,0.20562753081321716,0.06124483421444893,0.0,0.5194832173486551,17.21308906873067,0.7758764723936716,0.08440767905928871,0.10690311867405068,0.0677646526462261,0.25593845689383504,0.1637556552886963,23.93946521282196,0.797982173760732
7400,35,0.00014048304313865368,0.5117891518466069,0.24471060931682587,0.03116757795214653,0.29617154598236084,0.3190179765224457,0.09986339509487152,0.0,0.6538716952006022,16.250500917434692,0.7614833116531372,0.1519883071834391,0.13306725871833888,0.09310712596528571,0.37182325865565374,0.1636950969696045,24.002899086475374,0.8000966362158457
7420,35,0.0001401958875146329,0.49948294375903834,0.28618955612182617,0.019614793360233307,0.1908913254737854,0.22446811199188232,0.038089968264102936,0.0,0.6178548720975717,16.574367841084797,0.7478678723176321,0.13149324940009552,0.1251163658770648,0.08418534979732199,0.34244988656560466,0.16403746604919434,24.068776981035867,0.8022925660345289
7440,35,0.00013990833814194747,0.5079860785652115,0.4702417552471161,0.05186852440237999,0.2787923216819763,0.301484614610672,0.09845658391714096,0.0,0.6349684186279774,16.038151264190674,0.72718778749307,0.10752933472394943,0.13612256740981882,0.07046193063859557,0.2859368910569835,0.16402244567871094,24.133883015314737,0.8044627671771579
7460,35,0.00013962039787283697,0.5025953052078197,0.29520443081855774,0.02115042880177498,0.22641479969024658,0.23518848419189453,0.039062581956386566,0.0,0.5878495760262012,16.182615518569946,0.7449476768573126,0.08819897591390392,0.1267398348586126,0.06426529014887902,0.2498800340518673,0.16397404670715332,24.194121130307515,0.8064707043435838
7480,35,0.00013933206956341827,0.5121938940727112,0.3676147162914276,0.037201058119535446,0.30595284700393677,0.28977590799331665,0.03474551811814308,0.0,0.6209064399202665,15.82513459523519,0.7202975551287333,0.09138007986951958,0.1255674988708713,0.05894184546725063,0.22144714565100995,0.1639237403869629,24.254629282156625,0.8084876427385542
7500,36,0.00013904335607365737,0.5010232348171066,0.3735271692276001,0.03933391347527504,0.27649420499801636,0.28649765253067017,0.018442491069436073,0.0,0.4712321584423383,17.06417791048686,0.7514674216508865,0.05984557085585865,0.0878335413607684,0.05873123054929734,0.22363077391558114,0.1636064052581787,24.322329032421113,0.8107443010807037
7520,36,0.0001387542602673409,0.5164755704228214,0.3571629226207733,0.038158118724823,0.2968594431877136,0.28069841861724854,0.015989935025572777,0.0,0.5436526946723461,16.988635142644245,0.7652954955895742,0.09712388332594525,0.10967977209524675,0.07169376309188506,0.2773010504262691,0.16351699829101562,24.390927664438884,0.8130309221479628
7540,36,0.0001384647850120477,0.5092871672845879,0.2529500126838684,0.032320648431777954,0.26231878995895386,0.2572108805179596,0.03949868306517601,0.0,0.4691063029070695,17.117581208546955,0.7576511849959692,0.07219459387389096,0.08561356043951078,0.05974473397575573,0.22956012534400957,0.1636049747467041,24.450709613164268,0.8150236537721423
7560,36,0.0001381749331791204,0.5064682635254859,0.410199910402298,0.04190592095255852,0.27756160497665405,0.2745746970176697,0.07585905492305756,0.0,0.4893481023609638,16.967649777730305,0.7611363778511683,0.07747262970290401,0.09024056335064498,0.06433867145626043,0.2445849983275614,0.16593003273010254,24.51149224837621,0.8170497416125404
7580,36,0.000137884707643637,0.496160150746103,0.33463799953460693,0.04155327379703522,0.2967999577522278,0.3144562840461731,0.11659446358680725,0.0,0.454423401504755,17.51357587178548,0.7821374386548996,0.07327990470962091,0.0746293669058518,0.07374060530723496,0.2818231896645474,0.16358709335327148,24.58180988629659,0.819393662876553
7600,36,0.0001375941112843823,0.5167672125845525,0.36561164259910583,0.0334475114941597,0.23259758949279785,0.20890137553215027,0.03158104047179222,0.0,0.5981472078710794,16.150959809621174,0.7358748366435369,0.09634804996577176,0.12788190286267886,0.06088463672891852,0.22328688962575557,0.16429924964904785,24.64204518000285,0.821401506000095
7620,36,0.00013730314698381932,0.513293887891581,0.3661665916442871,0.03653878718614578,0.1883508563041687,0.20484527945518494,0.039705146104097366,0.0,0.5413480835656325,16.991306225458782,0.7709309409062067,0.0885647800327702,0.11019405214623972,0.0710232570682737,0.27528651524335146,0.2109849452972412,24.709601211547852,0.8236533737182617
7640,36,0.00013701181762806075,0.49965193841041,0.2500912547111511,0.02218518778681755,0.26081591844558716,0.26864588260650635,0.0633138120174408,0.0,0.5537419045964876,16.60358651479085,0.746197298169136,0.0875302522697232,0.11371426487510855,0.06038822091266576,0.22502715689585207,0.16357827186584473,24.778722008069355,0.8259574002689786
7660,36,0.00013672012610684036,0.4896030796319893,0.23748688399791718,0.02201336994767189,0.24295365810394287,0.2309190034866333,0.02004251815378666,0.0,0.6449263542890549,15.681999603907267,0.7330242941776911,0.10728110660883514,0.1435714474117214,0.059871561631470366,0.22687867934291717,0.1638345718383789,24.838607041041055,0.8279535680347019
7680,36,0.00013642807531348417,0.49496716435905674,0.48372042179107666,0.04352843016386032,0.3226776123046875,0.32045674324035645,0.03606279939413071,0.0,0.7059336875875791,15.279455184936523,0.7395843813816706,0.13876190713860773,0.15767014703967355,0.06999255714882482,0.27109619533240964,0.16414856910705566,24.898443909486137,0.8299481303162045
7700,36,0.00013613566814488193,0.49526844321320573,0.3278960883617401,0.03267447277903557,0.3246980905532837,0.2721192240715027,0.028779374435544014,0.0,0.5226529693851868,17.09536623954773,0.7688665489355723,0.08991790562868118,0.1041542672636834,0.06724916064360348,0.2629432383533144,0.16341567039489746,24.958180884520214,0.8319393628173404
7720,37,0.00013584290750145843,0.4863938230548024,0.22214500606060028,0.02591477334499359,0.2595973610877991,0.2681070566177368,0.05721166357398033,0.0,0.5312679341683785,16.591384490331013,0.7563450286785761,0.07099871422079476,0.1108115433969281,0.055372475186397256,0.2151605857427719,0.16367387771606445,25.04414845307668,0.8348049484358894
7740,37,0.0001355497962871444,0.4949213933453008,0.37350237369537354,0.040227338671684265,0.3889484405517578,0.37333330512046814,0.03372664749622345,0.0,0.5208127672473589,16.662371238072712,0.7368289182583491,0.08205973780290647,0.09785138476978648,0.04978063096429899,0.19870668987277895,0.1646127700805664,25.106136163075764,0.8368712054358588
7760,37,0.00013525633740934812,0.5060247034110492,0.3810647428035736,0.033082228153944016,0.3051530122756958,0.2869287133216858,0.04921690374612808,0.0,0.6125275449206432,15.443802038828531,0.6751866042613983,0.08456739647821947,0.12352824854579839,0.03675680730243998,0.14176051048012928,0.1635425090789795,25.16638884941737,0.8388796283139123
7780,37,0.00013496253377892633,0.5093670865581343,0.3127782642841339,0.028512682765722275,0.24879610538482666,0.2503872513771057,0.02952718362212181,0.0,0.6052717740337054,15.984169085820517,0.7304787039756775,0.09792931293222037,0.1260201343419877,0.05763120405688162,0.21526199852285738,0.16359353065490723,25.226395599047343,0.8408798533015781
7800,37,0.00013466838831015536,0.4932654175780644,0.3122815489768982,0.02791370265185833,0.23553991317749023,0.2334875762462616,0.08558212965726852,0.0,0.5460081187387308,16.332632064819336,0.7288421442111334,0.08720827576788989,0.10573995028707114,0.050200841926694426,0.19441893595186147,0.16379666328430176,25.286476238568625,0.8428825412856208
7820,37,0.00013437390392070234,0.4946244663525926,0.26027828454971313,0.020587339997291565,0.21137404441833496,0.2496831864118576,0.04082584008574486,0.0,0.5535042857130369,16.753143469492596,0.7678348322709402,0.09698834769766439,0.115540856664831,0.06664525181986392,0.25948377926198934,0.16382479667663574,25.352583893140157,0.8450861297713386
7840,37,0.0001340790835315962,0.4884591074683422,0.31160566210746765,0.033528491854667664,0.2125043272972107,0.2419396936893463,0.04299464076757431,0.0,0.5428025660415491,16.522879521052044,0.7303516765435537,0.09102679221806201,0.11008881269530817,0.05541430482910734,0.20685278858185152,0.16376852989196777,25.41271947224935,0.8470906490749783
7860,37,0.00013378393006719863,0.5045269442604051,0.25398069620132446,0.02207350544631481,0.17070263624191284,0.16505537927150726,0.07593920081853867,0.0,0.5642583084603151,16.40312083562215,0.7356067101160685,0.0906588054177436,0.11662978492677212,0.06014314742324958,0.23444740584554066,0.16431212425231934,25.47293775478999,0.8490979251596663
7880,37,0.00013348844645517523,0.5103096133084193,0.3502374589443207,0.04025712609291077,0.3656623959541321,0.3575438857078552,0.018992075696587563,0.0,0.5193558409810066,16.817001183827717,0.7440027197202047,0.08932155777107585,0.10254544155164198,0.058456877849742094,0.23162185870618981,0.16358256340026855,25.533236825466155,0.8511078941822052
7900,37,0.00013319263562646633,0.493487336362222,0.2935785949230194,0.02235986292362213,0.22508299350738525,0.2414744794368744,0.06029575318098068,0.0,0.6001150732239088,16.40259313583374,0.7576106091340383,0.1196250935847109,0.12804207188839262,0.07247180208981842,0.28031252130908385,0.1637892723083496,25.592930448055267,0.8530976816018423
7920,38,0.0001328965005152579,0.49680202162589404,0.32735341787338257,0.027372390031814575,0.32647645473480225,0.31942903995513916,0.05897762253880501,0.0,0.4859499620894591,17.267401297887165,0.7680954734484354,0.08205847890878265,0.0947510821914131,0.0630999390877233,0.24432070218741006,0.16420197486877441,25.662685032685598,0.8554228344228533
7940,38,0.00013260004405895264,0.49147057625250534,0.25186946988105774,0.023774489760398865,0.21901440620422363,0.20398470759391785,0.014630042016506195,0.0,0.5513238869607449,16.085367441177368,0.6908300171295801,0.08550288579003378,0.10767304863442075,0.04416545777745672,0.1628376904832707,0.16382169723510742,25.72286113500595,0.8574287045001984
7960,38,0.00013230326919814065,0.4901854019442336,0.24219168722629547,0.021513089537620544,0.23213207721710205,0.22384750843048096,0.054608557373285294,0.0,0.45294590046008426,16.79474965731303,0.745762974023819,0.06243825653059916,0.08315600861202586,0.04827477976835904,0.199620003946951,0.16742777824401855,25.790140036741892,0.8596713345580631
7980,38,0.0001320061788765703,0.4928219683304122,0.36773478984832764,0.024215754121541977,0.25156718492507935,0.26933789253234863,0.08613080531358719,0.0,0.5099383778870106,16.32929340998332,0.7081916481256485,0.07108148132366213,0.09630842760882595,0.04199079891127026,0.16662183253687213,0.16671991348266602,25.856779444217683,0.8618926481405894
8000,38,0.00013170877604111908,0.50707607203021,0.31229060888290405,0.03238457441329956,0.30070412158966064,0.32191866636276245,0.037661805748939514,0.0,0.43413825954000157,17.395112832387287,0.7770856966574987,0.06417045556008816,0.07532943852923134,0.058372720358999104,0.23341121248085983,0.16486811637878418,25.919749422868094,0.8639916474289364
8020,38,0.00013141106364176434,0.500997931476885,0.2396281361579895,0.01775772124528885,0.2390000820159912,0.2405371516942978,0.021552078425884247,0.0,0.49944533842305344,17.159051418304443,0.7757305105527242,0.07671246787702496,0.09434893202375282,0.06706820016353793,0.26239040356383403,0.16553950309753418,25.986982087294262,0.866232736243142
8040,38,0.0001311130446315541,0.5102044964089577,0.36524611711502075,0.04066026955842972,0.23563814163208008,0.22475378215312958,0.07077348232269287,0.0,0.5196256271253029,16.69966212908427,0.7529396315415701,0.06791948256167499,0.10374264385212552,0.060658344697664936,0.2394249516748294,0.16631722450256348,26.04817891518275,0.8682726305060916
8060,38,0.00013081472196657757,0.4958036575053619,0.2696276009082794,0.023618144914507866,0.20368343591690063,0.2058219611644745,0.024608075618743896,0.0,0.44561925282080966,17.964370886484783,0.7854305952787399,0.07520351406525481,0.07812913168560374,0.07278930224393579,0.2944821262181821,0.16503047943115234,26.10918440024058,0.870306146674686
8080,38,0.00013051609860593606,0.5039767710809838,0.5083786249160767,0.04695339500904083,0.31227898597717285,0.2510601878166199,0.010722530074417591,0.0,0.7227106268207232,14.291010777155558,0.6518993576367696,0.07936785454777154,0.172354479405013,0.039045057717223906,0.145985090628859,0.16558170318603516,26.17104762395223,0.872368254131741
8100,38,0.0001302171775117134,0.5139243182281631,0.2948960065841675,0.02719818614423275,0.2279946208000183,0.2592014670372009,0.07691363990306854,0.0,0.4711887675027053,17.225987672805786,0.7551150570313135,0.06483411670408466,0.08633556691083041,0.05485745065115308,0.21497720808044754,0.16612577438354492,26.232292048136394,0.8744097349378798
8120,38,0.00012991796164894682,0.5059946163321759,0.2892764210700989,0.025825180113315582,0.18332713842391968,0.2136760652065277,0.06378532946109772,0.0,0.4878647830337286,17.105763117472332,0.7561904440323511,0.06414839820089666,0.09613223678686401,0.05301758893950715,0.20551969009366902,0.16654086112976074,26.2999782760938,0.87666594253646
8140,39,0.00012961845398559732,0.5119917887294256,0.3509618043899536,0.027471443638205528,0.21445637941360474,0.2092202603816986,0.07744891196489334,0.0,0.5191555749624968,17.077154000600178,0.7704644848903021,0.0829020460898226,0.10389914219690995,0.06765140560773117,0.2584620596819811,0.1659867763519287,26.364701775709786,0.8788233925236596
8160,39,0.00012931865749252035,0.5189725885271328,0.4280196726322174,0.04350021481513977,0.33881819248199463,0.34800562262535095,0.04920068755745888,0.0,0.5436413753777742,16.413198471069336,0.7481435587008795,0.07541071378033269,0.11460448682985523,0.05407746651061726,0.2065175546502525,0.16542601585388184,26.42588462034861,0.880862820678287
8180,39,0.0001290185751434362,0.5132287000428961,0.3189551830291748,0.02694721519947052,0.22198575735092163,0.26550573110580444,0.02684805542230606,0.0,0.4930793307721615,17.17283574740092,0.7678748617569605,0.07369202663275329,0.094794160771099,0.06357140526299852,0.24378417066393673,0.16622710227966309,26.486914439996085,0.8828971479998694
8200,39,0.00012871820991490067,0.5103494828342988,0.42205914855003357,0.036036282777786255,0.24327868223190308,0.26906365156173706,0.02916130982339382,0.0,0.49738682558139163,17.089242458343506,0.7742218126853307,0.07673743993721226,0.09734852713617412,0.0656045551110186,0.25742863239297137,0.16430330276489258,26.547817333539328,0.8849272444513109
8220,39,0.00012841756478627553,0.4987740239641558,0.4582245349884033,0.03856212645769119,0.2908702492713928,0.2928200364112854,0.04257646203041077,0.0,0.4234021237740914,17.482350428899128,0.7742486596107483,0.05854765308851546,0.0762121548706835,0.05775459061657206,0.22488496284296905,0.16430258750915527,26.617709318796795,0.8872569772932265
8240,39,0.00012811664273969884,0.5067157109804771,0.2594057321548462,0.019572027027606964,0.16096234321594238,0.15454360842704773,0.0450354740023613,0.0,0.4219149015843868,17.56106448173523,0.7823430995146433,0.055445227094671944,0.07727350057526068,0.05619287486413007,0.21961760697840046,0.16470122337341309,26.68143984476725,0.8893813281589085
8260,39,0.00012781544676005553,0.5007816812908665,0.15940974652767181,0.014982680790126324,0.1981634497642517,0.16301299631595612,0.026177644729614258,0.0,0.6142856938143572,15.714943647384644,0.7008756225307783,0.08615362982858311,0.1341751463372599,0.04605574220741718,0.1667289078746266,0.16507267951965332,26.745490523179374,0.8915163507726458
8280,39,0.0001275139798349475,0.4899257468862019,0.30236250162124634,0.022625720128417015,0.18754613399505615,0.2256302833557129,0.033879656344652176,0.0,0.44269730895757675,17.24260886510213,0.7680379698673884,0.06311826501041651,0.080383156680248,0.05774506441164042,0.22618135957005012,0.1652240753173828,26.80622935295105,0.8935409784317017
8300,39,0.0001272122449546645,0.48115335227653433,0.278816819190979,0.023744110018014908,0.2355334758758545,0.22440388798713684,0.05440927669405937,0.0,0.48284198840459186,17.432997226715088,0.7774862895409266,0.07739432490515438,0.09382080134343017,0.06428302211464722,0.2531893421599472,0.16978120803833008,26.86688983440399,0.8955629944801331
8320,39,0.00012691024511215387,0.4847529285472708,0.2744527757167816,0.029315201565623283,0.2643815279006958,0.2380981147289276,0.042165569961071014,0.0,0.45503874992330867,17.24718968073527,0.766736720999082,0.07027614023536444,0.08114977587353099,0.061673822632821444,0.25459508975671435,0.4414253234863281,26.938503368695578,0.8979501122898526
8340,39,0.00012660798330299137,0.48388000745680887,0.2788338363170624,0.029344134032726288,0.24534732103347778,0.25585678219795227,0.010489542968571186,0.0,0.48844339077671367,17.19158148765564,0.7619922310113907,0.07900756682184609,0.09107001837004315,0.06416556033152367,0.2518965495136482,0.16506147384643555,26.998887181282043,0.8999629060427348
8360,40,0.00012630546252535114,0.4879627414545888,0.3142498731613159,0.02516215294599533,0.22704088687896729,0.2186594009399414,0.04769894480705261,0.0,0.43732322317858535,16.54823366800944,0.7424091945091883,0.06216868715868755,0.07512659139253876,0.0390194256049819,0.15191517086945663,0.16715335845947266,27.06343512137731,0.9021145040459103
8380,40,0.00012600268577997602,0.4961774395168356,0.3793170750141144,0.028142711147665977,0.24746650457382202,0.2292347401380539,0.04860982671380043,0.0,0.43505930714309216,17.66010610262553,0.7795729537804922,0.06462030976333401,0.07415903291919014,0.05563419678913884,0.22964065835086248,0.163956880569458,27.12360719839732,0.9041202399465773
8400,40,0.0001256996560701479,0.5021751607673872,0.21397145092487335,0.02625684067606926,0.2575364112854004,0.2815379500389099,0.0055628991685807705,0.0,0.5660032741725445,16.167023420333862,0.7185564388831457,0.07801497549834577,0.11309484002942388,0.052058735806647084,0.19565768462978833,0.16402745246887207,27.187172742684684,0.9062390914228228
8420,40,0.00012539637640165784,0.5005188431260889,0.30557283759117126,0.017186179757118225,0.14965897798538208,0.16158191859722137,0.028831977397203445,0.0,0.5636254598697027,16.800893624623615,0.7694712579250336,0.09600837088444016,0.11658445085314187,0.06946600365435271,0.26457239884819667,0.16404104232788086,27.253189396858215,0.9084396465619405
8440,40,0.00012509284978277628,0.48997779138791875,0.2907335162162781,0.030569499358534813,0.2783192992210388,0.2819581627845764,0.01461002603173256,0.0,0.5182646171500286,16.839814980824787,0.7529353896776835,0.07262356858700514,0.10480446834117174,0.05861090437941708,0.2192090412665328,0.16382765769958496,27.313229962189993,0.9104409987396664
8460,40,0.00012478907922422314,0.5008513688196699,0.22429250180721283,0.02523607760667801,0.2543109655380249,0.27693605422973633,0.007455263286828995,0.0,0.5509827062487602,16.81267221768697,0.7538567135731379,0.07770396007055586,0.11163277890194546,0.05974158725770063,0.22706453832109796,0.16452693939208984,27.37348393201828,0.9124494644006094
8480,40,0.0001244850677391381,0.4934840651908773,0.26622462272644043,0.020572369918227196,0.23752295970916748,0.20801298320293427,0.05410226806998253,0.0,0.5111172559360663,16.6980193456014,0.7402162651220957,0.061061545105820354,0.1028233767402443,0.052802281544162805,0.19745374001054602,0.1654033660888672,27.43445527156194,0.914481842385398
8500,40,0.00012418081834305054,0.4929163766080944,0.36455222964286804,0.03262270614504814,0.2264602780342102,0.2755991816520691,0.04432611167430878,0.0,0.4175029918551445,16.99881601333618,0.761564721663793,0.05436543544585055,0.07304101386530833,0.05035581051346195,0.19782813270384478,0.16379809379577637,27.495021442572277,0.9165007147524092
8520,40,0.00012387633405384975,0.49511860384971434,0.24729886651039124,0.02269296906888485,0.20187067985534668,0.18277055025100708,0.026099083945155144,0.0,0.4918870236724615,16.756681203842163,0.7496198912461599,0.06442887098951773,0.09820601970634678,0.05229124439194328,0.19802815808692353,0.16433048248291016,27.571628522872924,0.9190542840957642
8540,40,0.00012357161789175493,0.48847505295026206,0.24978889524936676,0.032837774604558945,0.30418145656585693,0.2847634553909302,0.025099236518144608,0.0,0.4577822647988796,17.16189209620158,0.7617102563381195,0.06470388334921816,0.08551613326099786,0.056261682737385854,0.21666277719619262,0.16576123237609863,27.632194546858468,0.921073151561949
8560,40,0.00012326667287928533,0.4885086924642954,0.3498554825782776,0.020349901169538498,0.16717147827148438,0.18438026309013367,0.01702418550848961,0.0,0.5117024884869655,16.996413946151733,0.7570857803026835,0.06496799186888066,0.10423361526971514,0.061573775271013306,0.2405548638281206,0.16364717483520508,27.692212243874867,0.9230737414624955
8580,41,0.00012296150204123008,0.48205155336436945,0.25427117943763733,0.01935809850692749,0.19807970523834229,0.18940424919128418,0.05178365111351013,0.0,0.40562333911657333,17.89177147547404,0.7955889850854874,0.06851473332128742,0.06885382787070492,0.06558605543845757,0.2601817819416862,0.16415691375732422,27.76193891366323,0.9253979637887743
8600,41,0.00012265610840461836,0.4696738487803505,0.23267044126987457,0.015755457803606987,0.17158746719360352,0.18581688404083252,0.10873249918222427,0.0,0.5668635902305444,16.5539649327596,0.7593054672082266,0.097033618864688,0.11948557756841183,0.06878686420598322,0.26875661528108385,0.1636519432067871,27.82286338408788,0.927428779469596
8620,41,0.00012235049499868936,0.47917913810053586,0.33515340089797974,0.02458830736577511,0.22525310516357422,0.266814649105072,0.029919501394033432,0.0,0.46339533602197963,17.20054276784261,0.7698461910088857,0.06205707813867114,0.09086952146820047,0.058414509509351446,0.2290650854199405,0.16391229629516602,27.88935366868973,0.9296451222896576
8640,41,0.00012204466485486212,0.49116834730310477,0.31677693128585815,0.02372657135128975,0.21795451641082764,0.20213067531585693,0.036073267459869385,0.0,0.5510151423513889,16.3979910214742,0.7558326621850332,0.07634873620488426,0.11830096590248021,0.0558814237503446,0.20964392195640935,0.16389250755310059,27.949971012274425,0.9316657004091474
8660,41,0.00012173862100670556,0.4877071929813506,0.2526642084121704,0.016769474372267723,0.1982908844947815,0.19796673953533173,0.020293843001127243,0.0,0.4847273559619983,17.509811004002888,0.7840953270594279,0.08157690131867473,0.09263342424211177,0.07096466654117896,0.2808517137627033,0.16482234001159668,28.010037859280903,0.9336679286426968
8680,41,0.00012143236648990843,0.49342132880667694,0.28042855858802795,0.027499889954924583,0.31976038217544556,0.2900143563747406,0.020660636946558952,0.0,0.4652787285546462,17.16851234436035,0.7713799824317297,0.06260175410319459,0.09025364555418491,0.05789173305807212,0.2270014456378042,0.16422104835510254,28.07004677851995,0.9356682259506649
8700,41,0.00012112590434224898,0.48191482710165673,0.25239700078964233,0.03376046568155289,0.23027098178863525,0.27755415439605713,0.025449642911553383,0.0,0.4656171165406704,18.00446645418803,0.7959486097097397,0.07955327934839508,0.08731097677214579,0.07090956723550335,0.28673094885677775,0.16574740409851074,28.130263896783195,0.9376754632261064
8720,41,0.00012081923760356514,0.4758953499299307,0.3401665687561035,0.03989584743976593,0.34865421056747437,0.3163188397884369,0.025532672181725502,0.0,0.5187818265209595,17.232119957606,0.7727189014355341,0.08219165871427818,0.10747574523768642,0.06056230297624345,0.2411645362735726,0.1640148162841797,28.196556186676027,0.9398852062225341
8740,41,0.00012051236931572404,0.4861635356336099,0.31492331624031067,0.028011735528707504,0.25436097383499146,0.24449393153190613,0.07302680611610413,0.0,0.520735285555323,16.84812657038371,0.7486496518055598,0.08074553531001914,0.1050005934455178,0.05504896808071697,0.2109429405060258,0.1637883186340332,28.26352810462316,0.9421176034874387
8760,41,0.00012020530252259219,0.4861083764750142,0.41281643509864807,0.02842896431684494,0.2120264768600464,0.2512701153755188,0.030028456822037697,0.0,0.5194442917903265,17.226677417755127,0.7708805998166403,0.0830092520707033,0.10465086894956502,0.06793966237587896,0.2685238371116363,0.1640937328338623,28.334247974554696,0.9444749324851566
8780,42,0.00011989804027000491,0.49213181337297796,0.2861934006214142,0.0242778267711401,0.24064618349075317,0.27249014377593994,0.0575348325073719,0.0,0.43715237888197106,18.028814951578777,0.7936816364526749,0.06784919513897462,0.07894995385272936,0.06891098115011118,0.2742392716886984,0.1638936996459961,28.401651934782663,0.9467217311594222
8800,42,0.00011959058560573641,0.49654996862492284,0.35055840015411377,0.036625903099775314,0.26829469203948975,0.2784309387207031,0.02329525537788868,0.0,0.4548177793622017,17.26480507850647,0.763054351011912,0.06107655506242405,0.08626593717119911,0.05592167185254353,0.21382856901354072,0.16398906707763672,28.462148666381836,0.9487382888793945
8820,42,0.00011928294157946948,0.4967614553168847,0.2121182084083557,0.014190706424415112,0.20505356788635254,0.20884263515472412,0.06344261020421982,0.0,0.4220883995294571,17.241599321365356,0.7711553325255712,0.04991200312294743,0.078470168127255,0.052293823874854505,0.20867561057093553,0.16379523277282715,28.528173275788625,0.9509391091929542
8840,42,0.00011897511124276514,0.4878761072814729,0.3553149700164795,0.03093494288623333,0.24845564365386963,0.23035548627376556,0.039204709231853485,0.0,0.4399150622387727,17.254730701446533,0.7683949718872706,0.058555402369661766,0.08120830018411983,0.05514495698893866,0.21426035698757254,0.16526269912719727,28.591931450366975,0.9530643816788992
8860,42,0.00011866709764903252,0.47917006722988037,0.3312152922153473,0.02789841592311859,0.2869186997413635,0.29384252429008484,0.0581231452524662,0.0,0.5218597271790107,16.97716228167216,0.7655436545610428,0.07478883837095716,0.11069099147888747,0.05850334418193432,0.22281285232483325,0.16566038131713867,28.65250296195348,0.955083432065116
8880,42,0.00011835890385349846,0.47440450580112953,0.3308661878108978,0.02656688541173935,0.3023887276649475,0.28216201066970825,0.04199765622615814,0.0,0.5076020664225022,16.78950031598409,0.7446555842955908,0.06443853849883784,0.10312661079859192,0.05411953841658859,0.20272465583019023,0.16473746299743652,28.712907433509827,0.9570969144503275
8900,42,0.00011805053291317723,0.474875436844083,0.23088721930980682,0.022040581330657005,0.25233787298202515,0.2416372299194336,0.03397025167942047,0.0,0.46282684803009033,17.31544868151347,0.7700989643732706,0.06419804874299602,0.08949458785355091,0.059753969000832345,0.22733509727880696,0.16404199600219727,28.77866088151932,0.9592886960506439
8920,42,0.00011774198788684027,0.47428454407156645,0.23923897743225098,0.01717006228864193,0.14387089014053345,0.16211655735969543,0.047376297414302826,0.0,0.46283331140875816,17.854919751485188,0.7948743253946304,0.07955366737124595,0.08436134643852711,0.07617008924717084,0.3065191496121274,0.16439485549926758,28.847794648011526,0.9615931549337176
8940,42,0.00011743327183498577,0.48443298737248003,0.3120611608028412,0.03269605338573456,0.32626456022262573,0.25492149591445923,0.027065513655543327,0.0,0.49098267902930576,17.4707772731781,0.7872307648261389,0.07604144869202917,0.09883154987950217,0.06933358040987514,0.27712023818590253,0.16443634033203125,28.907814641793568,0.963593821393119
8960,42,0.00011712438781980832,0.4866343671269104,0.36057811975479126,0.029830902814865112,0.2499879002571106,0.25449949502944946,0.07310640066862106,0.0,0.5591235669950644,16.518081267674763,0.744289755821228,0.07270179502665997,0.12328989058732986,0.053048636012053146,0.2024906828062905,0.16594743728637695,28.970131639639536,0.9656710546546512
8980,42,0.00011681533890516863,0.49301661982079553,0.28761428594589233,0.029630135744810104,0.23392260074615479,0.27542996406555176,0.06351253390312195,0.0,0.45791621319949627,17.108954111735027,0.7631952116886774,0.058751727708361366,0.08864522691477429,0.05068822579050902,0.20068778943228113,0.16430974006652832,29.031055295467375,0.9677018431822458
9000,43,0.000116506128156563,0.4864885814558226,0.2694351375102997,0.025187011808156967,0.305417001247406,0.2523908317089081,0.011509609408676624,0.0,0.44413840025663376,16.697388648986816,0.7400545080502828,0.05346687324345112,0.08097498711537231,0.04364234425487335,0.17205408223989335,0.16401886940002441,29.09518833955129,0.9698396113183764
9020,43,0.00011619675864109303,0.48107438301986977,0.26205188035964966,0.030180662870407104,0.22415310144424438,0.1798960268497467,0.011341274715960026,0.0,0.4567290296157201,17.262017488479614,0.7665430009365082,0.06455510990186171,0.08662190322171558,0.054907997843904675,0.22084536563753235,0.16470551490783691,29.16121170918147,0.9720403903060489
9040,43,0.00011588723342743512,0.475095919139106,0.3745419681072235,0.023576434701681137,0.1892697811126709,0.2186698317527771,0.0411071702837944,0.0,0.43094072056313354,17.069621721903484,0.7749031980832418,0.06422791062769564,0.07500980777496641,0.055428871821112065,0.22155101538836872,0.16391539573669434,29.221650830904643,0.9740550276968214
9060,43,0.00011557755558581007,0.4881776276580719,0.2874186635017395,0.019051436334848404,0.17293769121170044,0.16242504119873047,0.03485528379678726,0.0,0.42428643504778546,17.39114546775818,0.7833234816789627,0.06234824809838425,0.07683988643640821,0.05994875525357202,0.2377627927132628,0.1640176773071289,29.28274128039678,0.9760913760132259
9080,43,0.00011526772818795265,0.47838228166195707,0.20260405540466309,0.026851050555706024,0.24575108289718628,0.2742309272289276,0.02268797904253006,0.0,0.47436234417061013,17.167631546656292,0.7700899342695872,0.0648055604913018,0.08597390167415142,0.05768865728433328,0.22172587923440998,0.1712477207183838,29.34360264937083,0.978120088312361
9100,43,0.00011495775430708102,0.4812763864639664,0.3693915009498596,0.04740545153617859,0.39520514011383057,0.4115971028804779,0.08289078623056412,0.0,0.5736935970683893,16.627761046091717,0.7640643815199534,0.09427143599499356,0.1261437095024369,0.05999210171681956,0.2292973134767222,0.1652219295501709,29.40382726987203,0.9801275756624009
9120,43,0.00011464763701786637,0.4737267192314684,0.30886563658714294,0.026491675525903702,0.2266797423362732,0.23973844945430756,0.009235498495399952,0.0,0.4293357947220405,17.298224131266277,0.7772095650434494,0.05786611766300418,0.07899168438532135,0.04974403385428807,0.19968057371443138,0.16457486152648926,29.47035367488861,0.982345122496287
9140,43,0.00011433737939640241,0.4618183535951751,0.2558836042881012,0.025403641164302826,0.22086668014526367,0.2227565050125122,0.0349341556429863,0.0,0.43953658392031986,17.325319210688274,0.7632369299729665,0.05570899026299065,0.08303599465977062,0.05267278081935894,0.20659890530144118,0.16535449028015137,29.531172116597492,0.9843724038865831
9160,43,0.00011402698452017477,0.4864536230854643,0.23863299190998077,0.03245772421360016,0.313381552696228,0.32992053031921387,0.0418822355568409,0.0,0.3944801166653633,18.012131373087566,0.8089939455191294,0.06009889326312325,0.07029499011960896,0.06496278916760771,0.26080543150998314,0.16460871696472168,29.591993474960326,0.9863997824986775
9180,43,0.00011371645546803055,0.48304306109609696,0.37418022751808167,0.050117433071136475,0.19396698474884033,0.199321910738945,0.028898725286126137,0.0,0.42464649056394893,16.556848367055256,0.7626758217811584,0.057075987569987774,0.07513825256716121,0.04464747195222365,0.17060748453646243,0.16428637504577637,29.656459871927897,0.9885486623975965
9200,43,0.00011340579532014774,0.49698725394644,0.46976161003112793,0.08424055576324463,0.3711678385734558,0.387523353099823,0.016788961365818977,0.0,0.4444211895267169,16.324982166290283,0.7461735854546229,0.05794909257780422,0.07929493063552813,0.04192474410228897,0.15876877313183452,0.16380834579467773,29.717598962783814,0.9905866320927937
9220,44,0.00011309500715800473,0.4920940553363945,0.3921215534210205,0.052220892161130905,0.28507697582244873,0.2691027820110321,0.0905090719461441,0.0,0.4464632626622915,17.394166549046833,0.7756893237431844,0.06431050649420782,0.0810643866319548,0.0581511639929059,0.21846938581967895,0.1637728214263916,29.797642656167348,0.9932547552055783
9240,44,0.00011278409406434964,0.481236371636866,0.23991379141807556,0.02911810576915741,0.22819232940673828,0.22088399529457092,0.02797682024538517,0.0,0.5371242544303337,16.868054151535034,0.7766325324773788,0.08276399292729118,0.11244390498508107,0.06620729507961766,0.2511437665512362,0.1639266014099121,29.863978783289593,0.9954659594429864
9260,44,0.00011247305912316987,0.4797778294406473,0.4382636249065399,0.03948353976011276,0.2515701651573181,0.2715902328491211,0.05496986582875252,0.0,0.4160766551891963,17.53290343284607,0.7811485081911087,0.05694092573090033,0.0748923293907534,0.05674343033355068,0.21697545299221846,0.1641407012939453,29.924770283699036,0.9974923427899679
9280,44,0.00011216190541966138,0.48010840804324434,0.2998453676700592,0.039266474545001984,0.340434193611145,0.3006635904312134,0.12152260541915894,0.0,0.5103211216628551,17.125912030537922,0.7779987355073293,0.08192958005449989,0.10389387285844846,0.06323570869889492,0.24789666265397417,0.1641523838043213,29.985125430425008,0.9995041810141669
9300,44,0.00011185063604019815,0.47643627068630157,0.3980322778224945,0.03781142458319664,0.26424211263656616,0.27177757024765015,0.022558758035302162,0.0,0.5123350328455368,16.883267402648926,0.7712837805350622,0.06728392771699211,0.10761035335334865,0.059347200463807065,0.2341614046573258,0.16590046882629395,30.045937740802763,1.0015312580267588
9320,44,0.00011153925407230164,0.4653364151007927,0.3512442409992218,0.027511751279234886,0.21370959281921387,0.20412692427635193,0.05184098333120346,0.0,0.48838014403978985,17.416913668314617,0.788518100976944,0.08137009153142571,0.0962826826355674,0.06853500298033892,0.2653232625770298,0.16649198532104492,30.11240841547648,1.0037469471825493
9340,44,0.00011122776260461,0.47808890385661096,0.2575167715549469,0.02066860720515251,0.19764405488967896,0.18533861637115479,0.02731568180024624,0.0,0.4038084112107754,18.085796356201172,0.7997031062841415,0.06066289967433973,0.07179268585010008,0.062979581699024,0.24900370274554007,0.16409778594970703,30.172816868623098,1.0057605622874366
9360,44,0.00011091616472684757,0.46869628563979565,0.213704451918602,0.019156599417328835,0.2131901979446411,0.1962772011756897,0.03189525008201599,0.0,0.416778181369106,18.15197292963664,0.8030096689860026,0.07318019748411396,0.07215145941485059,0.06888016115011521,0.28103151558157563,0.16493606567382812,30.23296384414037,1.0077654614713456
9380,44,0.00011060446352979417,0.4745218331223269,0.32291194796562195,0.0377502366900444,0.3424317240715027,0.3174455463886261,0.05100899562239647,0.0,0.5300600199649731,16.27254366874695,0.7222874835133553,0.0660388030281121,0.10581180046905171,0.04764529052634068,0.1776546904876258,0.16445684432983398,30.296353948116302,1.0098784649372101
9400,44,0.00011029266210525449,0.47724032882216677,0.24736787378787994,0.026372507214546204,0.2521236538887024,0.2559272050857544,0.019698090851306915,0.0,0.5248630195856094,16.896281162897747,0.7686945199966431,0.08366660545156761,0.1097426890310916,0.061888657706070015,0.2411255332514305,0.16590499877929688,30.357723593711853,1.0119241197903952
9420,45,0.00010998076354602732,0.4658702785112298,0.3283780813217163,0.037831082940101624,0.33411508798599243,0.3486420810222626,0.025200489908456802,0.0,0.46859866256515187,17.19251235326131,0.7651880234479904,0.07515964695167812,0.09023051827468655,0.05796023110848513,0.2349036248527806,0.16419672966003418,30.44600506623586,1.0148668355411954
9440,45,0.00010966877094587502,0.4708802966424833,0.275299608707428,0.02624085545539856,0.19186854362487793,0.23730742931365967,0.019995596259832382,0.0,0.4083129769812028,17.54520098368327,0.7816719462474188,0.057889952662993564,0.07543049837377938,0.053161563556304,0.21171322963676753,0.16653013229370117,30.506375074386597,1.0168791691462198
9460,45,0.00010935668739949269,0.4716064670687191,0.3117322623729706,0.031264327466487885,0.1929829716682434,0.20123180747032166,0.014110935851931572,0.0,0.4312280019124349,17.06859803199768,0.7626705964406332,0.05778585890816017,0.07848100161010568,0.04862383716020056,0.19318099787977355,0.16624665260314941,30.56688102086385,1.0188960340287951
9480,45,0.00010904451600247761,0.46506771469507346,0.24756012856960297,0.02225041389465332,0.2404816746711731,0.26462849974632263,0.06705831736326218,0.0,0.6000913828611374,16.192507028579712,0.7618597149848938,0.0940138485959985,0.13628351569853045,0.059695260347904296,0.22578055548100648,0.1642742156982422,30.62752302090327,1.020917434030109
9500,45,0.00010873225985129837,0.4660242315795972,0.4490823447704315,0.040994107723236084,0.268172025680542,0.2316272258758545,0.009683772921562195,0.0,0.5374112023661534,16.454356749852497,0.7380364189545313,0.06980963779444044,0.11496432261033492,0.05062011482302544,0.19105435440062798,0.16443920135498047,30.69250148932139,1.0230833829773798
9520,45,0.00010841992204326431,0.4620581339236204,0.27606168389320374,0.027911469340324402,0.2549353241920471,0.22937391698360443,0.0037595611065626144,0.0,0.49019381155570346,16.695997556050617,0.7495265305042267,0.06158117577433586,0.0998698603361845,0.04906949910615698,0.18816481000447477,0.16548991203308105,30.759069788455964,1.0253023262818655
9540,45,0.00010810750567649472,0.48420033581258787,0.3076940178871155,0.02311200462281704,0.17234182357788086,0.1783081740140915,0.02743503637611866,0.0,0.5620788956681887,16.36473512649536,0.7476279387871424,0.07748106291348283,0.12369422258978541,0.054846967712695587,0.20618112322947788,0.16416025161743164,30.819971525669096,1.0273323841889699
9560,45,0.00010779501384988811,0.4864576863598393,0.37874868512153625,0.019480496644973755,0.18557816743850708,0.17930695414543152,0.07164852321147919,0.0,0.49420453049242496,17.627243677775066,0.797056312362353,0.08606485531411388,0.10081429982727225,0.07444353239076339,0.29555875135966664,0.16852498054504395,30.881464183330536,1.0293821394443512
9580,45,0.00010748244966309154,0.4750811268542649,0.33085179328918457,0.020187359303236008,0.15569573640823364,0.17009544372558594,0.0365845151245594,0.0,0.46710374889274436,16.75975473721822,0.7531321744124094,0.05798413875428113,0.08961004645309666,0.047741773051463744,0.19056226133199577,0.16856122016906738,30.942232473691305,1.0314077491230436
9600,45,0.00010716981621646975,0.46934272795053195,0.24475042521953583,0.022271879017353058,0.27511852979660034,0.22902093827724457,0.032529015094041824,0.0,0.3815964547296365,17.72474439938863,0.7947932779788971,0.05251360938630321,0.0660003013908863,0.05554532735781818,0.22136616001609416,0.16819024085998535,31.00428797006607,1.033476265668869
9620,45,0.00010685711661107454,0.4885933360936689,0.3519991636276245,0.02739500068128109,0.1866728663444519,0.17681090533733368,0.012910289689898491,0.0,0.49163145075241727,16.93166406949361,0.7649145772059759,0.07606491395695643,0.09987856498496099,0.05507530417344242,0.2185780353386442,0.16783928871154785,31.07475732167562,1.035825244055854
9640,46,0.00010654435394861384,0.4832053941953562,0.24829581379890442,0.027852337807416916,0.2739482522010803,0.25027745962142944,0.035753022879362106,0.0,0.5052699763327837,17.185844898223877,0.7791800101598104,0.08424150664359331,0.10263592648235234,0.06510907677213916,0.2627311663130637,0.1656959056854248,31.141903607050576,1.0380634535683526
9660,46,0.00010623153133142121,0.4865636377693384,0.23761039972305298,0.023719236254692078,0.23920726776123047,0.25180160999298096,0.038117848336696625,0.0,0.5043232950071493,17.477986494700115,0.79243965446949,0.10397497987882658,0.09800564870238304,0.0726397202445448,0.29637164529412985,0.16640591621398926,31.20363566875458,1.0401211889584858
9680,46,0.0001059186518624248,0.49180987369581164,0.27194762229919434,0.02326749823987484,0.19069957733154297,0.20456644892692566,0.02034904435276985,0.0,0.5291550985227028,17.280100107192993,0.7861174295345942,0.09317644177512689,0.11092115853997794,0.07097491752541497,0.2841031388935252,0.1652531623840332,31.264812199274697,1.0421604066424899
9700,46,0.00010560571864511666,0.4905703894150928,0.3279980421066284,0.03355606645345688,0.23550641536712646,0.2551943063735962,0.027932830154895782,0.0,0.4581497957309087,17.10218874613444,0.7454891900221506,0.06431189556182786,0.08629327707669952,0.05071229381296276,0.19334761505226858,0.16732382774353027,31.329941189289094,1.044331372976303
9720,46,0.00010529273478352208,0.49109367896293393,0.32201433181762695,0.04697965830564499,0.2817053198814392,0.2754002809524536,0.02323324978351593,0.0,0.5127734666069349,17.24679700533549,0.7857301483551661,0.0847649025646123,0.10850547770546241,0.06531692283566702,0.25590276974253356,0.16976380348205566,31.39770143032074,1.046590047677358
9740,46,0.00010497970338216859,0.48562577295976195,0.30811381340026855,0.025166351348161697,0.20161741971969604,0.21623167395591736,0.08255425095558167,0.0,0.5080142685522636,16.909464359283447,0.7552405595779419,0.07403054206886074,0.10128304472362454,0.05774227638506669,0.22085540400373496,0.16531729698181152,31.458961999416353,1.0486320666472118
9760,46,0.00010466662754605535,0.47413076594174874,0.22383886575698853,0.01877949759364128,0.26381462812423706,0.238942489027977,0.03888719901442528,0.0,0.4717572834342718,17.676816781361897,0.7931312223275503,0.08167455201460556,0.09340763295238669,0.06648855169160842,0.26165314440996473,0.164473295211792,31.51973028977712,1.050657676325904
9780,46,0.0001043535103806223,0.47325987767077,0.28189775347709656,0.03101116418838501,0.2815703749656677,0.26372087001800537,0.031614962965250015,0.0,0.49531162219742936,17.235312620798748,0.7684288918972015,0.07914810788563707,0.09916827793825757,0.06062316180429083,0.24213349672605877,0.16849970817565918,31.58054280678431,1.0526847602261438
9800,46,0.00010404035499171917,0.4722300500190193,0.3260424733161926,0.0356745570898056,0.2771276831626892,0.2807272672653198,0.05776848644018173,0.0,0.5221806137512127,17.012560685475666,0.7608996331691742,0.09583617408167232,0.1050116830420765,0.06305266018369532,0.24598219389603895,0.17387723922729492,31.641480429967245,1.0547160143322414
9820,46,0.000103727164485575,0.48830411743079155,0.3169628083705902,0.03793776407837868,0.23351246118545532,0.2611479163169861,0.04306137561798096,0.0,0.39212580770254135,17.815553824106853,0.7948712011178335,0.06824322366579012,0.06582483225925402,0.045051369416548616,0.20333522648169575,0.1737043857574463,31.711326841513316,1.057044228050444
9840,46,0.0001034139419687671,0.4834409395781701,0.26652178168296814,0.02448432892560959,0.21686571836471558,0.23045775294303894,0.043421193957328796,0.0,0.49621727379659814,16.488285938898724,0.7219910646478335,0.0607762752439488,0.09661651826040311,0.045171482118762055,0.1729187595165885,0.16649198532104492,31.774151786168417,1.0591383928722806
9860,47,0.00010310069054819031,0.48472870119548694,0.3743744194507599,0.01994968391954899,0.15522968769073486,0.19522827863693237,0.10132398456335068,0.0,0.471666544675827,17.185396671295166,0.7715434283018112,0.06539121236313473,0.08893892795524815,0.056643775445329746,0.21265845757443458,0.17998814582824707,31.847458791732787,1.0615819597244263
9880,47,0.00010278741333102615,0.4799990790590928,0.18125620484352112,0.025942157953977585,0.33112841844558716,0.3154074549674988,0.008524375967681408,0.0,0.5365154054015875,16.827220280965168,0.7828413893779119,0.09084274712949991,0.11167693383653056,0.06533004928496666,0.24757390247065236,0.16817235946655273,31.910995761553448,1.0636998587184483
9900,47,0.00010247411342471199,0.4741936898609965,0.27120333909988403,0.018154539167881012,0.1474754810333252,0.18366515636444092,0.06413204967975616,0.0,0.5082913345346848,17.2147798538208,0.7920695493618647,0.08201067589900711,0.10468547689643773,0.06682175874382003,0.255900819235566,0.17010974884033203,31.99471323490143,1.0664904411633809
9920,47,0.00010216079393691037,0.47427965410700434,0.3054336607456207,0.025932662189006805,0.27811986207962036,0.23889777064323425,0.011747382581233978,0.0,0.4844864259163539,16.54491686820984,0.7303997079531351,0.060252834958108986,0.0916383798149499,0.04476939945280636,0.1618633372814987,0.16399431228637695,32.0853049993515,1.06951016664505
9940,47,0.00010184745797547795,0.4703789171307602,0.3809022605419159,0.03957940638065338,0.32325470447540283,0.34881672263145447,0.06526167690753937,0.0,0.4690460686882337,17.692139705022175,0.787608727812767,0.07646122049878944,0.08922361421652815,0.06895485208687288,0.26936408593742683,0.16377043724060059,32.191098884741464,1.0730366294913822
9960,47,0.00010153410864843482,0.46908609733419526,0.29583683609962463,0.0267260130494833,0.2010093331336975,0.20012390613555908,0.014863586984574795,0.0,0.430724972859025,17.3582185904185,0.7717022895812988,0.06313930951397527,0.0779950288547711,0.0516430629521148,0.20381069950500122,0.1671125888824463,32.28402418295543,1.0761341394318475
9980,47,0.00010122074906393372,0.46932462983747847,0.22384536266326904,0.014268992468714714,0.1689121127128601,0.15005552768707275,0.029287969693541527,0.0,0.47752018707493943,17.39016079902649,0.7633708218733469,0.07198141980916262,0.09148491063917225,0.058755581585997294,0.23992729113987563,0.1795659065246582,32.395688541730244,1.0798562847243416
10000,47,0.000100907382330229,0.46509343466492026,0.27791228890419006,0.03071454167366028,0.22776246070861816,0.22569307684898376,0.07344671338796616,0.0,0.40508868110676605,17.537976344426472,0.7850192934274673,0.0597575347955254,0.07175314883616837,0.05551405929013113,0.22849271958693862,0.1729567050933838,32.46947846015294,1.0823159486717648
10020,47,0.00010059401155564604,0.4760253959504488,0.3918803930282593,0.030843017622828484,0.1980023980140686,0.2372409999370575,0.08508086949586868,0.0,0.5060944333672523,16.992563327153523,0.7594836006561915,0.07522270997816866,0.10274711454456503,0.057059232914153574,0.2255534381441645,0.16887784004211426,32.54138580958048,1.0847128603193494
10040,47,0.00010028063984855026,0.4825149093305247,0.41627752780914307,0.031816527247428894,0.18414413928985596,0.185042604804039,0.02013798989355564,0.0,0.6038697510957718,16.23752538363139,0.7687156597773234,0.11386245455254208,0.13614870777184312,0.06514208768071099,0.25334399633786897,0.17385458946228027,32.610646847883864,1.0870215615961287
10060,48,9.996727031731629e-05,0.4983033591257696,0.21472357213497162,0.018081059679389,0.17743629217147827,0.17268773913383484,0.0474044531583786,0.0,0.48150569573044777,17.23396333058675,0.7654036432504654,0.07723192345689643,0.09361531229859049,0.05587746990865774,0.22179907475682822,0.18197131156921387,32.692988435427345,1.0897662811809117
10080,48,9.965390607029726e-05,0.49529728966406766,0.2911113202571869,0.030395101755857468,0.2261633276939392,0.27332812547683716,0.10415582358837128,0.0,0.5389982567479213,16.66717727979024,0.7495746910572052,0.06951420254666697,0.11390047164803202,0.05341381612081684,0.20622489938448946,0.1701951026916504,32.758657201131186,1.0919552400377062
10100,48,9.93405502157938e-05,0.492911674265371,0.46948134899139404,0.044350482523441315,0.29807788133621216,0.2736667990684509,0.03697533532977104,0.0,0.43365682909886044,17.51746718088786,0.7789784918228785,0.06704696454107761,0.07907394658435475,0.05592149633660235,0.2258470810484141,0.17030668258666992,32.82245551347732,1.0940818504492442
10120,48,9.902720586202338e-05,0.4935091312710464,0.3102474808692932,0.02562451921403408,0.22624951601028442,0.22626709938049316,0.042368464171886444,0.0,0.4295556377619505,17.377415974934895,0.7770768602689108,0.0600053629075939,0.07963748479431326,0.0536560028447804,0.212040739154459,0.18153858184814453,32.940314237276716,1.0980104745758905
10140,48,9.871387611708935e-05,0.4796440304938973,0.3211808502674103,0.02602814882993698,0.20567256212234497,0.23577392101287842,0.031974393874406815,0.0,0.44173828574518365,17.660882075627644,0.7858721266190211,0.06439963296394456,0.08389059572734615,0.058998286329865965,0.23100809291513127,0.16743087768554688,33.02990591128667,1.1009968637095557
10160,48,9.840056408895008e-05,0.47093765433139073,0.34984272718429565,0.0349082425236702,0.22091758251190186,0.21187090873718262,0.056278083473443985,0.0,0.4511637805650632,17.59920533498128,0.784027154246966,0.06712340385737744,0.08663895218209787,0.05963498157705709,0.23162315657828003,0.16967105865478516,33.13784582614899,1.104594860871633
10180,48,9.808727288538837e-05,0.4633081539888865,0.1995854526758194,0.024999326094985008,0.2588232755661011,0.27607643604278564,0.05387270450592041,0.0,0.5149204352249702,17.187580585479736,0.7887157549460729,0.0861662533134222,0.10554559748958457,0.06659654860480012,0.26468305713073775,0.16837024688720703,33.24648068745931,1.1082160229153104
10200,48,9.777400561398027e-05,0.4658547355036018,0.2977123558521271,0.021168764680624008,0.15327578783035278,0.1314769834280014,0.029762491583824158,0.0,0.5075773323575655,17.13882350921631,0.7789989163478216,0.08763121762736277,0.10038671202280304,0.062276127600026404,0.24460050061514432,0.42814087867736816,33.39413588047027,1.1131378626823425
10220,48,9.746076538206462e-05,0.4788572366576209,0.4281125068664551,0.04683122783899307,0.3071328401565552,0.3018203675746918,0.0391644723713398,0.0,0.571491997068127,16.354231595993042,0.7554290940364202,0.08844766985963691,0.12294588348066265,0.06145077574877756,0.23435599025899798,0.16549968719482422,33.477172132333116,1.1159057377444372
10240,48,9.714755529671193e-05,0.4694743163133395,0.16437527537345886,0.009971527382731438,0.08488857746124268,0.12695002555847168,0.03261924535036087,0.0,0.5466782239576181,16.881441990534466,0.7764224310715994,0.09865930033001033,0.114179164679213,0.06808260731287935,0.262981301009528,0.1683504581451416,33.563094373544054,1.1187698124514687
10260,48,9.683437846469372e-05,0.48273285099306235,0.4027479887008667,0.03931152820587158,0.32050561904907227,0.33127397298812866,0.10380765050649643,0.0,0.46901581684748334,16.964402357737224,0.7523411611715952,0.05993704760277813,0.09031674841588194,0.04903993255323836,0.19323396059917286,0.16982293128967285,33.65476077795029,1.1218253592650096
10280,49,9.652123799245168e-05,0.4789267787233479,0.2535650432109833,0.017230786383152008,0.14907121658325195,0.16884863376617432,0.0068637230433523655,0.0,0.48132506757974625,17.31096402804057,0.7791535556316376,0.07245166997679255,0.09168469728055326,0.06522767611419443,0.2586160027263263,0.1648259162902832,33.74797643820445,1.1249325479401482
10300,49,9.62081369860668e-05,0.48656370504127056,0.31659871339797974,0.048879474401474,0.2567523717880249,0.2081865519285202,0.031107906252145767,0.0,0.48811118366817635,16.982763131459553,0.7665739059448242,0.0718339512293989,0.09434180385009809,0.05342767035736787,0.20721421665935355,0.16452884674072266,33.8553755958875,1.1285125198629167
10320,49,9.58950785512287e-05,0.4899944768402199,0.2372027188539505,0.032928526401519775,0.23117130994796753,0.2363939732313156,0.07430669665336609,0.0,0.4619867857545614,17.105960845947266,0.7693360696236292,0.06548879033123906,0.08687052892690356,0.05216637834845725,0.2033483212719809,0.16617274284362793,33.94994750022888,1.131664916674296
10340,49,9.558206579320463e-05,0.476539519044308,0.31398826837539673,0.02863321825861931,0.33282971382141113,0.32544374465942383,0.01627286709845066,0.0,0.4321272037923336,17.32315985361735,0.7653412272532781,0.06371855244717815,0.07673335498706861,0.05043483615670332,0.19960697494785895,0.164567232131958,34.01239040692647,1.133746346897549
10360,49,9.526910181680873e-05,0.4833965541690404,0.4086548984050751,0.03922974690794945,0.2156529426574707,0.2286226749420166,0.1193360760807991,0.0,0.42773981268207234,17.570356527964275,0.7803304294745127,0.061218412931669845,0.07574416815557262,0.05406151091070073,0.21213068045935043,0.1736466884613037,34.07429186503092,1.135809728834364
10380,49,9.495618972637144e-05,0.47927598206444627,0.23569822311401367,0.02616715431213379,0.22329825162887573,0.2258012294769287,0.03246299922466278,0.0,0.4531028674294551,17.404727300008137,0.7703374077876409,0.05995736406608061,0.08474900598891756,0.056900300826700084,0.21618214196694846,0.16474080085754395,34.1589297135671,1.1386309904522367
10400,49,9.464333262570834e-05,0.4811438781492515,0.22812584042549133,0.023311255499720573,0.2259666919708252,0.22415852546691895,0.037714362144470215,0.0,0.5010946672409773,16.983825127283733,0.774890661239624,0.06364995054900646,0.10510047508234327,0.057255539400185546,0.21956446684304287,0.1651453971862793,34.22355174620946,1.140785058206982
10420,49,9.433053361808975e-05,0.47445530858814006,0.31877973675727844,0.030820323154330254,0.20993417501449585,0.20264093577861786,0.08713234961032867,0.0,0.5386536431809267,17.152331988016766,0.797852098941803,0.10995410839942368,0.11169035732746124,0.07533778633461968,0.2989640302680941,0.16431021690368652,34.29108635981878,1.1430362119939592
10440,49,9.401779580620956e-05,0.475447730192721,0.35440701246261597,0.027233906090259552,0.17372560501098633,0.17064706981182098,0.028234653174877167,0.0,0.4429265807072322,17.915506442387898,0.7875574231147766,0.07037870408120481,0.081152789210054,0.0638047166338021,0.2448278453878381,0.16393542289733887,34.35165470441182,1.1450551568137275
10460,49,9.370512229215478e-05,0.4740967037789018,0.2602325975894928,0.027442900463938713,0.2564089894294739,0.24748077988624573,0.044717952609062195,0.0,0.45369365252554417,17.27880032857259,0.7761572897434235,0.06600038334727287,0.08814039182933894,0.05442233246073804,0.21061186636374754,0.16400361061096191,34.4662409623464,1.14887469874488
10480,49,9.339251617737466e-05,0.47777002986270095,0.25444087386131287,0.026899291202425957,0.23736947774887085,0.23127424716949463,0.023704582825303078,0.0,0.5177054634938637,16.524069945017498,0.751506840189298,0.06681724807078188,0.10769216140562837,0.0513560210680556,0.19543073347052664,0.16437435150146484,34.552984650929766,1.1517661550309923
10500,50,9.30799805626498e-05,0.47530728830574553,0.23050346970558167,0.0224563330411911,0.1831202507019043,0.19397267699241638,0.017355918884277344,0.0,0.490096232543389,16.710795323053997,0.7483802288770676,0.07090903911739588,0.092947391200472,0.05021322405346754,0.18432923706925727,0.1649620532989502,34.645191474755606,1.1548397158251869
10520,50,9.276751854806161e-05,0.48584219829051845,0.4509049355983734,0.031046926975250244,0.18589919805526733,0.1988752782344818,0.06306908279657364,0.0,0.5923396106809378,16.113604148228962,0.759296327829361,0.10312012041156943,0.13188323869623922,0.05988172746955653,0.22781940922802527,0.16593670845031738,34.731265207131706,1.1577088402377234
10540,50,9.245513323296137e-05,0.46767693136592886,0.2451176643371582,0.026313841342926025,0.19981712102890015,0.22472098469734192,0.06313169747591019,0.0,0.45854509994387627,17.34582265218099,0.7671493217349052,0.058627038220451635,0.08922983799129725,0.05655425069926423,0.21540703050612303,0.163773775100708,34.79222417672475,1.159740805890825
10560,50,9.214282771593958e-05,0.4666112358335778,0.2761458456516266,0.033904965966939926,0.2526041865348816,0.27831488847732544,0.017517972737550735,0.0,0.43460197374224663,17.561644951502483,0.7905705322821935,0.06411973107606173,0.08230756934393536,0.056157106470147315,0.2205377863296731,0.16409587860107422,34.853002850214644,1.1617667616738214
10580,50,9.183060509479528e-05,0.46801415513245626,0.3704434037208557,0.05868111550807953,0.23487848043441772,0.218894362449646,0.05830363556742668,0.0,0.4650074690580368,17.207091093063354,0.7766566127538681,0.05879283298484304,0.09199215150014921,0.05256666109273118,0.19947531583668685,0.16457200050354004,34.92297288576762,1.164099096192254
10600,50,9.151846846650514e-05,0.48138522422848457,0.37022191286087036,0.04394906386733055,0.33046090602874756,0.34129565954208374,0.09185456484556198,0.0,0.4738424712171157,17.50459822018941,0.7849073261022568,0.0726527873088013,0.09284641509028999,0.058392476584148506,0.22639542098411106,0.16405057907104492,34.9843515753746,1.1661450525124868
10620,1,9.1206420927193e-05,0.5113295406819938,0.28271231055259705,0.03389867767691612,0.3343590497970581,0.29919731616973877,0.04068117216229439,0.0,0.5124160287280878,16.964068174362183,0.7711899876594543,0.08002627386965534,0.10251161371442405,0.059215389723910695,0.23052584860389205,0.16548800468444824,35.21472797791163,1.1738242659303877
10640,1,9.089446557209891e-05,0.4958501682739499,0.20962384343147278,0.022236187011003494,0.23370981216430664,0.22187946736812592,0.011282543651759624,0.0,0.46228723662594956,17.305548191070557,0.7719453970591227,0.06143582028082826,0.08913464463231238,0.05310794945266521,0.20591206767130643,0.1664259433746338,35.289239470163984,1.1763079823387994
10660,1,9.05826054955485e-05,0.49007545420847315,0.2792114019393921,0.02572518400847912,0.2691832184791565,0.23333609104156494,0.03545744717121124,0.0,0.4937620771427949,17.27017331123352,0.7768017401297888,0.08536555736579678,0.09746560877697034,0.06257389328675345,0.23504602640274574,0.1688704490661621,35.352332107226054,1.1784110702408686
10680,1,9.027084379092248e-05,0.46796904253008914,0.2324802130460739,0.029180889949202538,0.2750113010406494,0.26311439275741577,0.04880059137940407,0.0,0.4469754671057065,17.755419492721558,0.7955309053262075,0.07092710821466013,0.08667619484053417,0.06463954075165516,0.2517356699099764,0.1658027172088623,35.42141857147217,1.1807139523824055
10700,1,8.99591835506256e-05,0.46764175076918874,0.2254663109779358,0.02549057826399803,0.2284185290336609,0.23457585275173187,0.023499930277466774,0.0,0.42894286165634793,17.817487557729084,0.8011261324087778,0.0697789519009265,0.08182334679771554,0.060978714895265344,0.2396608727814799,0.16750812530517578,35.49492201805115,1.1831640672683716
10720,1,8.964762786605635e-05,0.4682661001567143,0.33706527948379517,0.023645207285881042,0.16798853874206543,0.1721464842557907,0.06056726351380348,0.0,0.4549897760152817,17.197083314259846,0.7687796056270599,0.06346087868918072,0.08636639064008539,0.050467664368294536,0.19600320644200442,0.16767382621765137,35.60782219171524,1.186927406390508
10740,1,8.9336179827576e-05,0.470157919052444,0.29458698630332947,0.02465847134590149,0.19192498922348022,0.17337721586227417,0.02616412565112114,0.0,0.476393299177289,17.123312950134277,0.7683697789907455,0.0658476527102969,0.09459199451587418,0.052684297298004494,0.20702977236545517,0.16677308082580566,35.67096175352732,1.1890320584509109
10760,1,8.902484252447805e-05,0.46901472088280166,0.26288041472435,0.0193406380712986,0.1846919059753418,0.18494722247123718,0.045805007219314575,0.0,0.5069705427934726,17.085578680038452,0.7796350121498108,0.0793432527306405,0.10473038544031707,0.06035209002915177,0.23424396993571214,0.35822153091430664,35.7377241452535,1.19125747150845
10780,1,8.871361904495773e-05,0.4675628752515432,0.22795042395591736,0.03227609768509865,0.2934115529060364,0.27816277742385864,0.03638337552547455,0.0,0.5078036890675625,16.701539039611816,0.7558818707863489,0.07403755374252796,0.10229913060638038,0.05063181842044948,0.19695079733289525,0.16609930992126465,35.80293854077657,1.1934312846925523
10800,1,8.840251247608109e-05,0.45466592467778427,0.31195199489593506,0.023384755477309227,0.20316118001937866,0.20694944262504578,0.028120186179876328,0.0,0.5205023835102717,16.754403432210285,0.7662421514590582,0.0777141617780382,0.10959555784409697,0.054920983528559605,0.2140930206514895,0.16611862182617188,35.86842770179113,1.195614256726371
10820,2,8.809152590375467e-05,0.45907672901333374,0.27461913228034973,0.03098653256893158,0.2472056746482849,0.25486648082733154,0.011173016391694546,0.0,0.4807016961276531,16.92230478922526,0.765704870223999,0.07865637786347758,0.09445927867835219,0.05220828050567599,0.20467562615786764,0.1658458709716797,35.94354833761851,1.198118277920617
10840,2,8.778066241269466e-05,0.4585595548435461,0.2578795552253723,0.023561177775263786,0.2396782636642456,0.20539681613445282,0.013293605297803879,0.0,0.4476001722117265,17.629541873931885,0.7876538932323456,0.0707880582829768,0.0853298060934652,0.05875217672887216,0.23723172134486958,0.16758465766906738,36.01847224632899,1.2006157415442997
10860,2,8.746992508639636e-05,0.47389532838431137,0.3215266466140747,0.053333863615989685,0.3833179473876953,0.35912996530532837,0.08915602415800095,0.0,0.4375459911922614,18.120404322942097,0.80658587316672,0.07764446117322553,0.08205477368425239,0.06876596308376809,0.2844201097561216,0.16793060302734375,36.082869454224905,1.2027623151408302
10880,2,8.715931700710374e-05,0.48945548108872183,0.45108920335769653,0.038828879594802856,0.22842538356781006,0.20692835748195648,0.04789646342396736,0.0,0.4971838320295016,17.442485411961872,0.7890853385130564,0.08786718945272944,0.1002129702405496,0.06480398649662013,0.2575014650805811,0.1674504280090332,36.14606093565623,1.2048686978552077
10900,2,8.684884125577861e-05,0.4818280660357556,0.28447234630584717,0.034253574907779694,0.32901352643966675,0.32116374373435974,0.007612044923007488,0.0,0.43360018730163574,17.33591564496358,0.7788958847522736,0.05561424512416124,0.08207753131335432,0.05285525516823823,0.20602287644446318,0.16629791259765625,36.210680270195006,1.207022675673167
10920,2,8.653850091207036e-05,0.4657523759865681,0.279276579618454,0.025960177183151245,0.2086147665977478,0.19862191379070282,0.03250395134091377,0.0,0.413143169755737,17.942079544067383,0.8031643827756246,0.06434705607931722,0.07104418359019539,0.0656202454358043,0.2535064862935211,0.16812396049499512,36.28085012038549,1.2093616706795163
10940,2,8.622829905428514e-05,0.4598813429201338,0.2870495319366455,0.037200603634119034,0.24833524227142334,0.26159629225730896,0.0012979931198060513,0.0,0.4316114528725545,17.627774715423584,0.7903963724772135,0.06051207439635287,0.08126255954531106,0.05920709146250209,0.22939812383926686,0.1660020351409912,36.34906458854675,1.2116354862848917
10960,2,8.591823875935541e-05,0.46358392342611904,0.30581730604171753,0.03576904535293579,0.3190456032752991,0.3249466121196747,0.021966952830553055,0.0,0.5361961293965578,16.90388027826945,0.7868482917547226,0.09362579916011203,0.11588521166281267,0.06749737740954681,0.25719132645859977,0.16623759269714355,36.41463517347972,1.213821172449324
10980,2,8.56083231028096e-05,0.47695732223617177,0.27107271552085876,0.036693062633275986,0.27573204040527344,0.27955132722854614,0.03240856155753136,0.0,0.5005739772071441,16.744831562042236,0.7573898086945215,0.07197701837867498,0.10203927264294842,0.0526035306525459,0.202361950640228,0.16583538055419922,36.481149959564206,1.2160383319854737
11000,2,8.529855515874132e-05,0.4765870707299901,0.28137582540512085,0.031678784638643265,0.27126437425613403,0.2793155312538147,0.028329836204648018,0.0,0.4679817855358124,17.296921173731487,0.7813467383384705,0.06776191412725231,0.09375687629323114,0.05752606632780622,0.22334408537294206,0.1668698787689209,36.548160099983214,1.2182720033327739
11020,2,8.498893799977907e-05,0.4702415163821225,0.2973800599575043,0.020269401371479034,0.22305864095687866,0.1890193074941635,0.031210193410515785,0.0,0.4880781037112077,16.848918914794922,0.754733607172966,0.071099734865129,0.09747057746757161,0.04978743350048634,0.19291563336314124,0.16746902465820312,36.620777364571886,1.220692578819063
11040,3,8.467947469705565e-05,0.46621160408293577,0.2679840624332428,0.02909146249294281,0.25756722688674927,0.24613699316978455,0.026986263692378998,0.0,0.4102702687184016,17.872785011927288,0.8031268268823624,0.061629713851619854,0.07184831527146426,0.0587916128676046,0.2430262531164441,0.16567564010620117,36.700635663668315,1.2233545221222772
11060,3,8.437016832017774e-05,0.4604342846959503,0.2667032480239868,0.02935742400586605,0.23067903518676758,0.23951540887355804,0.05123346671462059,0.0,0.4175762701779604,17.91317017873128,0.7970363249381384,0.060168009039691904,0.07897369631312111,0.057853466663800646,0.2294404182096266,0.16895771026611328,36.76398867766063,1.225466289255354
11080,3,8.406102193719553e-05,0.4564053904146352,0.2046675980091095,0.02436581254005432,0.22530525922775269,0.22980718314647675,0.004787438549101353,0.0,0.4938792834679286,17.205619017283123,0.7762643645207087,0.0708618836731396,0.10105792653154243,0.058707461267080034,0.22225278782504823,0.16787219047546387,36.83053752581279,1.2276845841937596
11100,3,8.375203861457206e-05,0.4488907738355819,0.21621353924274445,0.016118928790092468,0.1645449995994568,0.16762229800224304,0.020689649507403374,0.0,0.5173378164569536,17.355451583862305,0.7879375914732615,0.08876366388391364,0.1069984817030755,0.06795119089458074,0.27248378984884103,0.1680600643157959,36.89986923933029,1.2299956413110098
11120,3,8.344322141715316e-05,0.4600235174805647,0.2753869891166687,0.030789082869887352,0.21411490440368652,0.22254225611686707,0.057044532150030136,0.0,0.5121896552542845,17.3846861521403,0.7864354203144709,0.0813287819989703,0.1083909808234735,0.06415311577835713,0.249366037029011,0.16695213317871094,36.96913956006368,1.2323046520021226
11140,3,8.313457340813664e-05,0.46347743462807056,0.35845932364463806,0.03544299677014351,0.27070295810699463,0.28190118074417114,0.056709468364715576,0.0,0.5222223723928133,16.881174166997273,0.753177190820376,0.07456984828141602,0.10711738018488343,0.05291380278041205,0.20367084920872003,0.1673872470855713,37.0315473596255,1.2343849119875165
11160,3,8.28260976490422e-05,0.4533833000395558,0.20665118098258972,0.027998600155115128,0.229317307472229,0.23778599500656128,0.03096183016896248,0.0,0.46304153961439926,17.752376000086468,0.7826249152421951,0.06964571198279207,0.08816455507820303,0.0651132145761618,0.25753869873535057,0.16910576820373535,37.098972837130226,1.236632427904341
11180,3,8.251779719968098e-05,0.4658619493794171,0.32168611884117126,0.03378443419933319,0.31198692321777344,0.34949252009391785,0.03750300034880638,0.0,0.4706744458526373,17.534221410751343,0.7808662603298823,0.07158726767044175,0.09064045023511756,0.05934351746426811,0.22966891441187312,0.16872549057006836,37.16387798786163,1.238795932928721
11200,3,8.220967511812518e-05,0.473687587562733,0.2870748043060303,0.021689869463443756,0.20915722846984863,0.2346021831035614,0.0745457261800766,0.0,0.5030133699377378,17.282956043879192,0.781284769376119,0.08093387900259007,0.10360508225858212,0.061486035152153236,0.2368607532804493,0.16766643524169922,37.22714280287425,1.2409047600958083
11220,3,8.19017344606778e-05,0.4750208086098724,0.26817813515663147,0.01868203841149807,0.19229763746261597,0.1668911874294281,0.02429185062646866,0.0,0.5219366867095232,16.89346710840861,0.7874340166648229,0.07843972497027028,0.11331929816779765,0.060964843525157034,0.23655499530882065,0.16600942611694336,37.3009174823761,1.2433639160792034
11240,3,8.159397828184217e-05,0.47572405684447516,0.3934266269207001,0.03630673512816429,0.20631414651870728,0.21566328406333923,0.04613504558801651,0.0,0.4172867474456628,17.756526072820026,0.7993129789829254,0.06228794403035532,0.07902163182469932,0.058582970742877064,0.23089673470001965,0.16742157936096191,37.36479148070018,1.2454930493566725
11260,4,8.128640963429176e-05,0.4729072141043568,0.25890281796455383,0.03475111722946167,0.28336280584335327,0.2986202836036682,0.08818363398313522,0.0,0.4317259192466736,17.251319408416748,0.7701414078474045,0.05795170121233572,0.0804467082700946,0.05048084816106976,0.20013298886955122,0.16655802726745605,37.45607076485952,1.248535692161984
11280,4,8.097903156884006e-05,0.47259368420930725,0.3555307388305664,0.03931555896997452,0.26830577850341797,0.30749768018722534,0.03385328873991966,0.0,0.4638639048983653,17.27285647392273,0.7883265018463135,0.07677050078795715,0.09288561124015939,0.06053377098181623,0.24214998840100385,0.16688275337219238,37.53122651576996,1.2510408838589986
11300,4,8.06718471344099e-05,0.474365164165862,0.30393391847610474,0.02885584533214569,0.27511972188949585,0.2685279846191406,0.05056428536772728,0.0,0.4230843794842561,17.352250814437866,0.7842857291301092,0.052636940624903546,0.08030371571129019,0.05058567408923409,0.2004341377045917,0.16649723052978516,37.59598261912664,1.2531994206375545
11320,4,8.03648593780037e-05,0.45729486706088074,0.28249815106391907,0.029915601015090942,0.3223409056663513,0.3467228412628174,0.1027316153049469,0.0,0.46808728637794655,17.360974232355755,0.78096042573452,0.0643683980557729,0.09393856682899324,0.05559819688509875,0.21515967503761535,0.16806936264038086,37.66734002828598,1.255578000942866
11340,4,8.00580713446728e-05,0.4456683130563306,0.2932032346725464,0.01673745922744274,0.16834652423858643,0.18684236705303192,0.05071047320961952,0.0,0.4378138557076454,16.984335899353027,0.7676232854525248,0.06078316609967838,0.08040193417532877,0.04791649989254603,0.18768116963011297,0.17647719383239746,37.73550847768784,1.2578502825895945
11360,4,7.97514860774876e-05,0.45404534246401246,0.26799508929252625,0.0196137223392725,0.1925358772277832,0.1791452020406723,0.04694570600986481,0.0,0.4704100601375103,17.196433703104656,0.7649739682674408,0.05892255394296213,0.0926437306810509,0.05081934789003836,0.19815205190521243,0.17743873596191406,37.8018385887146,1.2600612862904867
11380,4,7.944510661750722e-05,0.457292257268699,0.22348009049892426,0.018206998705863953,0.1787903904914856,0.18552272021770477,0.028840048238635063,0.0,0.4883289399246375,17.88452633221944,0.7946504900852839,0.08553932632573626,0.09926536484536799,0.067777550551744,0.2691243605116721,0.1671907901763916,37.87104231119156,1.2623680770397185
11400,4,7.913893600374924e-05,0.4528880219216723,0.23112426698207855,0.022888537496328354,0.21180403232574463,0.21455225348472595,0.027122147381305695,0.0,0.4024426781882842,17.766982873280842,0.8024827887614568,0.05798955388705839,0.0749671399932016,0.05700247479398968,0.2305895437549969,0.16834688186645508,37.938658225536344,1.2646219408512116
11420,4,7.883297727315984e-05,0.4485597546172148,0.29707279801368713,0.02564162015914917,0.25310683250427246,0.24551531672477722,0.010369773954153061,0.0,0.43353724169234437,17.20289882024129,0.769411121805509,0.055519425733522934,0.07925069823183796,0.051412733759207185,0.19892824130577288,0.16638422012329102,38.017567745844524,1.2672522581948173
11440,4,7.852723346058336e-05,0.44779040799294795,0.3266325891017914,0.02965126745402813,0.21271270513534546,0.21514706313610077,0.020418977364897728,0.0,0.37868605740368366,17.847687244415283,0.8097725361585617,0.05581765105439858,0.06883099268783223,0.054535852395267946,0.21854568845909936,0.16705560684204102,38.08055402040482,1.2693518006801605
11460,5,7.822170759873237e-05,0.45877796375072766,0.2907823324203491,0.028829744085669518,0.32278531789779663,0.2912898659706116,0.015782615169882774,0.0,0.426048652579387,17.75692653656006,0.7937029947837194,0.057856992056423966,0.08226685242896731,0.05650153990559788,0.22050922228266823,0.16861677169799805,38.155499176184335,1.2718499725394778
11480,5,7.791640271815764e-05,0.4651910890538767,0.21889619529247284,0.01703133061528206,0.24206256866455078,0.24307459592819214,0.021249497309327126,0.0,0.4448365606367588,17.60055677096049,0.7816180934508642,0.06226839175955816,0.08696412667632103,0.054941893561177,0.21288285102822224,0.1662905216217041,38.221008491516116,1.2740336163838704
11500,5,7.761132184721788e-05,0.4617075266615588,0.21245411038398743,0.015408961102366447,0.1820448637008667,0.15207713842391968,0.02001686953008175,0.0,0.4635396444549163,17.468867142995197,0.7883128623167673,0.06766526511108334,0.09402686831626025,0.05970940568857424,0.23315086699122647,0.16568350791931152,38.28812261025111,1.276270753675037
11520,5,7.730646801204991e-05,0.4599976385845997,0.31190842390060425,0.028041556477546692,0.19746708869934082,0.23191297054290771,0.04263788089156151,0.0,0.45705607160925865,17.493967215220135,0.7845853418111801,0.06226804437623783,0.09105837175791914,0.05775165523763545,0.2225319449108528,0.16703295707702637,38.361954454580946,1.278731815152698
11540,5,7.700184423653856e-05,0.46370352998081055,0.33731895685195923,0.02587101422250271,0.23196828365325928,0.25883764028549194,0.05281032249331474,0.0,0.3737108303854863,17.998902559280396,0.8184087077776591,0.05580133817751299,0.0659012481231581,0.05927355691826299,0.23613855184653817,0.16630768775939941,38.424958833058675,1.2808319611019559
11560,5,7.669745354228653e-05,0.4583776736906094,0.33144962787628174,0.03993651270866394,0.33300769329071045,0.3592873513698578,0.029089991003274918,0.0,0.4354739058762789,18.08402705192566,0.8085356702407202,0.07136616254733368,0.08530186345292763,0.0674666591486047,0.27136039783627813,0.16751813888549805,38.498159221808116,1.2832719740602705
11580,5,7.639329894858477e-05,0.4556275182099498,0.26312190294265747,0.037996917963027954,0.3392031192779541,0.3337240219116211,0.008369630202651024,0.0,0.5276933331042528,16.906399885813396,0.7615249902009964,0.07586253574118018,0.1146436630832878,0.05689834825005329,0.21918734136323276,0.1680464744567871,38.56079508860906,1.2853598362869687
11600,5,7.60893834723821e-05,0.4574188266194614,0.22455225884914398,0.012727639637887478,0.11779826879501343,0.12908250093460083,0.05452071875333786,0.0,0.4504659778128068,17.420220375061035,0.7785758972167969,0.06634803031655875,0.08945523879744789,0.05280317761406133,0.2122485490558161,0.43065333366394043,38.63038597106934,1.2876795323689778
11620,5,7.578571012825568e-05,0.4594503241276002,0.3732594847679138,0.029823005199432373,0.22562026977539062,0.20018909871578217,0.08667778223752975,0.0,0.4353904724121094,18.319193840026855,0.8072148710489273,0.07946831699122082,0.08019160377708348,0.06934339781185951,0.28754520913670684,0.1670389175415039,38.70219082037608,1.2900730273458694
11640,5,7.548228192838086e-05,0.4534540986846185,0.3130122721195221,0.02717028185725212,0.27667081356048584,0.2974000871181488,0.03295142576098442,0.0,0.5165864365796248,17.254959503809612,0.7830444276332855,0.08609088840471073,0.11009213734756816,0.060768203573719475,0.23272862591759555,0.1655728816986084,38.778756499290466,1.2926252166430154
11660,5,7.517910188250129e-05,0.4605080742395498,0.28593552112579346,0.05143258720636368,0.26570624113082886,0.2518080770969391,0.05707554891705513,0.0,0.40998975560069084,17.825097640355427,0.8019470870494843,0.0594619611616839,0.07735978710380467,0.05679965491799521,0.22706645998616956,0.16689395904541016,38.844540858268736,1.294818028608958
11680,6,7.487617299789931e-05,0.4533945912801056,0.2666414678096771,0.018965601921081543,0.1787225604057312,0.17337387800216675,0.04301079735159874,0.0,0.38636788601676625,18.205471913019817,0.8170385112365087,0.057549674825912174,0.06970630179752003,0.061460660664041905,0.2516056504100561,0.16574501991271973,38.9261837442716,1.2975394581423865
11700,6,7.457349827936581e-05,0.44529973659485744,0.33637183904647827,0.026864444836974144,0.18331420421600342,0.17065714299678802,0.020396051928400993,0.0,0.4426740203052759,17.86793025334676,0.7958796073993047,0.06696176613596352,0.08492702567441897,0.060352085275967096,0.23442311148921197,0.16801095008850098,38.99093855222066,1.2996979517406888
11720,6,7.427108072917068e-05,0.4554792542807544,0.2838863432407379,0.02173519693315029,0.22665822505950928,0.2259795367717743,0.029516981914639473,0.0,0.5369189387808243,16.902063290278118,0.7835265547037125,0.08439848758280277,0.11752901607277719,0.06012754278410946,0.2298374729474414,0.1659400463104248,39.06257294416427,1.3020857648054758
11740,6,7.396892334703291e-05,0.4536531886625663,0.2779882252216339,0.0228599663823843,0.17795932292938232,0.18538443744182587,0.034537173807621,0.0,0.410710284486413,17.3613285223643,0.7817652920881907,0.05725697792050513,0.07449946230785413,0.0510870262256834,0.20036680525861977,0.16629958152770996,39.137837266922,1.3045945755640667
11760,6,7.366702913009075e-05,0.44776630583185506,0.26743996143341064,0.027696173638105392,0.25290119647979736,0.2583162784576416,0.05398053303360939,0.0,0.457598556453983,17.562585671742756,0.7833369870980581,0.06566306398334829,0.08928579422221943,0.05947951260499063,0.23300016097809104,0.16556572914123535,39.204968027273814,1.3068322675757937
11780,6,7.336540107287223e-05,0.4612195791866565,0.3538456857204437,0.029781751334667206,0.22324806451797485,0.23391154408454895,0.03243016079068184,0.0,0.5355806363125643,16.7764896551768,0.7701415121555328,0.083299895494499,0.11357134419747374,0.05738512387721461,0.22300136870365928,0.16742205619812012,39.26796054840088,1.3089320182800293
11800,6,7.306404216726518e-05,0.4676822126306697,0.2466852068901062,0.0334637425839901,0.24522250890731812,0.22035136818885803,0.021547097712755203,0.0,0.44635412531594437,17.988720814387005,0.8044659942388535,0.07936509630896828,0.08128421889110045,0.07142574469220232,0.29396994651125913,0.16660094261169434,39.336100443204245,1.3112033481068082
11820,6,7.276295540248775e-05,0.4622439081156132,0.33554956316947937,0.02980703115463257,0.20674973726272583,0.18387869000434875,0.1006065234541893,0.0,0.5004461873322725,17.050417105356853,0.758277970055739,0.07108948764983904,0.09896603548391299,0.053638795055204275,0.20618047705317044,0.16814661026000977,39.407968044281006,1.3135989348093668
11840,6,7.246214376505868e-05,0.4610283059342984,0.3916054964065552,0.035622738301754,0.24780946969985962,0.2559545040130615,0.07517306506633759,0.0,0.4475536762426297,17.990355571111042,0.8031400044759115,0.07520206916061314,0.08502488126131622,0.06721891064014264,0.27057354207764467,0.1676652431488037,39.47568548520406,1.3158561828401354
11860,6,7.216161023876761e-05,0.45626120112584856,0.2751931846141815,0.02480267360806465,0.23567873239517212,0.2226097285747528,0.024875974282622337,0.0,0.4861492570489645,17.30280900001526,0.772476335366567,0.0659859844229438,0.09858088618652387,0.05721310521800082,0.21811847853347321,0.1662135124206543,39.546126409371695,1.318204213645723
11880,6,7.186135780464572e-05,0.45088679101252743,0.28943878412246704,0.029023265466094017,0.2759554386138916,0.30168616771698,0.0631059855222702,0.0,0.43797767410675686,18.019628604253132,0.8045491427183151,0.06577428599650209,0.08455772672525862,0.06332759245626883,0.24398104261755096,0.1649634838104248,39.61063860257467,1.3203546200858223
11900,7,7.156138944093585e-05,0.4554187023351073,0.24744153022766113,0.020812153816223145,0.21094852685928345,0.20981836318969727,0.01520583126693964,0.0,0.43381965657075244,17.710097869237263,0.7970678259929022,0.05962422219189731,0.08199380744587291,0.05566705039051489,0.21573494039793414,0.16786694526672363,39.677946877479556,1.3225982292493184
11920,7,7.126170812306318e-05,0.45655970477217905,0.29175373911857605,0.021686311811208725,0.24571549892425537,0.22149285674095154,0.08598890155553818,0.0,0.4594776928424835,17.552814245224,0.7838869392871857,0.06419899238442833,0.09143032861704176,0.05630209829938725,0.2150848549579016,0.1681513786315918,39.75213348865509,1.325071116288503
11940,7,7.096231682360566e-05,0.4474469560595115,0.2910133898258209,0.022090919315814972,0.196344792842865,0.20235572755336761,0.04130848869681358,0.0,0.4633343033492565,17.59476176897685,0.7940773318211237,0.06657676390287551,0.09369262561879375,0.062477858664351515,0.23652120915357955,0.1672806739807129,39.82958693504334,1.327652897834778
11960,7,7.066321851226439e-05,0.45038924263334923,0.24573534727096558,0.024501901119947433,0.21313923597335815,0.2338186353445053,0.09855165332555771,0.0,0.47983910888433456,17.698776960372925,0.8052464872598648,0.08145442842082544,0.09911395143717527,0.0679808865798722,0.2640397918452932,0.1679551601409912,39.89392882188161,1.3297976273960537
11980,7,7.036441615583448e-05,0.45241758602727744,0.27684029936790466,0.02614436112344265,0.2621137499809265,0.25049757957458496,0.011524264700710773,0.0,0.4489915290226539,17.880495071411133,0.7943150252103806,0.06278914348645644,0.08808448114855723,0.0619870643184351,0.24189427374354142,0.16759967803955078,39.96137382984161,1.3320457943280537
12000,7,7.006591271817524e-05,0.4394206864563621,0.18774521350860596,0.018439827486872673,0.233984112739563,0.22170200943946838,0.013457072898745537,0.0,0.4733180732776721,17.239225784937542,0.7818485299746195,0.0627741412344304,0.09403545900501988,0.05577642808136509,0.21132812089159747,0.17055416107177734,40.02842888434728,1.334280962811576
12020,7,6.976771116018109e-05,0.45041552757141295,0.3616848289966583,0.02528594434261322,0.23954236507415771,0.23963120579719543,0.06282433867454529,0.0,0.49499271623790264,17.109988689422607,0.778596560160319,0.0653067822991447,0.10333786566149104,0.05633414319891017,0.21630455339618493,0.16593527793884277,40.105724628766374,1.336857487625546
12040,7,6.946981443975198e-05,0.4479694899394408,0.3137683570384979,0.03172336146235466,0.22813010215759277,0.21514710783958435,0.0042093233205378056,0.0,0.5014653392136097,17.264498392740887,0.7713044285774231,0.07600764464586973,0.1002279342236844,0.05751633351412073,0.22295564448524435,0.16617536544799805,40.174161752065025,1.339138725068834
12060,7,6.917222551176422e-05,0.45794213117921984,0.22136732935905457,0.03384622931480408,0.2558772563934326,0.2696612477302551,0.014559697359800339,0.0,0.4619835385431846,17.812383492787678,0.7927740514278412,0.07348877064545047,0.08854709506373513,0.061407767491552724,0.24294145628069105,0.1672070026397705,40.24091992775599,1.3413639975918663
12080,7,6.8874947328041e-05,0.45418163318351257,0.30259114503860474,0.02767595648765564,0.19158810377120972,0.19021551311016083,0.021329833194613457,0.0,0.4263568402578433,17.475135167439777,0.7759813765684763,0.05858580006117171,0.07611260224472392,0.05378636802726595,0.20313794463237916,0.16881632804870605,40.304851508140565,1.343495050271352
12100,8,6.857798283732324e-05,0.4474405716415296,0.29049423336982727,0.0352715402841568,0.3127378821372986,0.2967354953289032,0.03175482153892517,0.0,0.4776811624566714,17.63183053334554,0.7993597984313965,0.07570873014628887,0.09489076169715686,0.06599724354733057,0.25848336732650007,0.16850972175598145,40.38292541901271,1.34609751396709
12120,8,6.828133498524037e-05,0.4524171266202928,0.3348589837551117,0.034415122121572495,0.2956935167312622,0.3276015520095825,0.030847078189253807,0.0,0.49020603112876415,17.493651072184246,0.7897603164116541,0.07315469871867787,0.09899913942949339,0.06268474219640749,0.23860533112945798,0.16628265380859375,40.45691241423289,1.3485637471410963
12140,8,6.79850067142809e-05,0.4566779726908008,0.2636728882789612,0.02566077932715416,0.21405363082885742,0.23645931482315063,0.036418087780475616,0.0,0.5563961640000343,16.7241214911143,0.7776386986176173,0.08865382437678901,0.12039237156171691,0.0624174470060759,0.23595988638275725,0.18023300170898438,40.52905774911245,1.3509685916370815
12160,8,6.768900096376342e-05,0.4709423346741647,0.47172677516937256,0.0458226203918457,0.21224689483642578,0.26673632860183716,0.05657154694199562,0.0,0.4057525557776292,18.06674814224243,0.8161706626415253,0.06130150629376823,0.07273483005436984,0.06424262262722054,0.25302375577633607,0.1676645278930664,40.59692567586899,1.3532308558622996
12180,8,6.739332066980752e-05,0.46764181441022384,0.26593446731567383,0.023631025105714798,0.24839437007904053,0.24674126505851746,0.1117100864648819,0.0,0.45618203779061633,17.395572185516357,0.7731210688749949,0.06048210811885921,0.08615373058075254,0.05533681952742468,0.2106284036629156,0.16968417167663574,40.666066618760425,1.3555355539586809
12200,8,6.709796876530432e-05,0.4709731129558887,0.26314687728881836,0.0329696387052536,0.2972973585128784,0.2862405776977539,0.058176424354314804,0.0,0.4660637080669403,17.71820338567098,0.8024272819360098,0.0742163612422618,0.09194302050904794,0.06769418449998325,0.2620075167241422,0.16616082191467285,40.73315094709396,1.3577716982364654
12220,8,6.680294817988784e-05,0.46720273308869736,0.275257408618927,0.02130293846130371,0.20286595821380615,0.18179437518119812,0.010284790769219398,0.0,0.5169017935792605,16.93783179918925,0.7653625955184301,0.07033322311260483,0.10748548627915708,0.055853267085198735,0.21223861974431202,0.17089414596557617,40.805587283770244,1.3601862427923415
12240,8,6.650826183990552e-05,0.4617861345082401,0.36848580837249756,0.03688603639602661,0.21606874465942383,0.2540508508682251,0.020733358338475227,0.0,0.4938165831069152,17.70301381746928,0.802987406651179,0.08480621840466153,0.09510330093855207,0.07101649084043773,0.28019450312818994,0.1670992374420166,40.87125693559646,1.362375231186549
12260,8,6.621391266838944e-05,0.4682029263930728,0.30006125569343567,0.03539831191301346,0.25742340087890625,0.2896867096424103,0.05919932201504707,0.0,0.4802615499744813,16.864216883977253,0.7534271975358328,0.05781132871793075,0.09422262690284035,0.04666475733525162,0.1778429623743498,0.16760540008544922,40.93478384017944,1.3644927946726482
12280,8,6.591990358502733e-05,0.4664841258283065,0.23143234848976135,0.01676073856651783,0.1828562617301941,0.18571755290031433,0.026384083554148674,0.0,0.4543408726652463,17.815887053807575,0.7924442241589228,0.0680083307352933,0.08686761151660573,0.06229843780800531,0.2405370536725968,0.16985678672790527,40.99850767056147,1.366616922352049
12300,8,6.56262375061334e-05,0.4602978615531287,0.3330480754375458,0.02606344223022461,0.2536526322364807,0.27553296089172363,0.036629777401685715,0.0,0.5324583382656177,16.293373425801594,0.7209499875704447,0.07272742587057027,0.1049049086868763,0.0432067083059916,0.1556848482101817,0.16763687133789062,41.0662140528361,1.3688738017612034
12320,9,6.533291734461973e-05,0.47307966766298337,0.30359363555908203,0.022349629551172256,0.22286349534988403,0.24081270396709442,0.05879727005958557,0.0,0.4790281231204669,17.75951647758484,0.8073349595069885,0.0797055047005415,0.09091266803443432,0.0668576216928407,0.2638245322741568,0.16753673553466797,41.13970582087835,1.3713235273626116
12340,9,6.503994600996703e-05,0.46613143016540415,0.1670532524585724,0.021934961900115013,0.23156237602233887,0.22913716733455658,0.019450362771749496,0.0,0.4451530023167531,17.86435564359029,0.7994152704874674,0.06666451684114608,0.08568018166856332,0.06312573056162694,0.2482705394716256,0.16800141334533691,41.20376056432724,1.3734586854775748
12360,9,6.4747326408196e-05,0.4618526054891805,0.26061195135116577,0.019213562831282616,0.16813236474990845,0.20308682322502136,0.048837289214134216,0.0,0.4970368966460228,17.516126950581867,0.7997802446285883,0.07830669578503478,0.1038688395849683,0.06753074246543375,0.26511430998057633,0.16842031478881836,41.26853314638138,1.375617771546046
12380,9,6.445506144183857e-05,0.45423610263239506,0.32711121439933777,0.03334881737828255,0.23241013288497925,0.24637475609779358,0.16081254184246063,0.0,0.47549669320384663,17.297356526056927,0.7739826887845993,0.058373724449087276,0.0968753199347041,0.053030579762807145,0.20148499784673649,0.16632890701293945,41.33212069272995,1.3777373564243316
12400,9,6.416315400990882e-05,0.4610438056047391,0.3097324073314667,0.027605844661593437,0.22784703969955444,0.229049414396286,0.05279166251420975,0.0,0.42034029463926953,18.3207422097524,0.8144534428914388,0.06451343507929282,0.07699943689460104,0.06655661420981315,0.25800635354508733,0.16820287704467773,41.40479738712311,1.3801599129041036
12420,9,6.387160700787455e-05,0.4599078864211478,0.36828136444091797,0.047709058970212936,0.2704586386680603,0.2492217868566513,0.02698168344795704,0.0,0.44829442476232845,17.76605447133382,0.7937396218379339,0.06347001327032392,0.0847971375015649,0.06128712404196532,0.23316548923982985,0.1679544448852539,41.48152942657471,1.3827176475524903
12440,9,6.358042332762832e-05,0.44432679760249016,0.17594055831432343,0.030896713957190514,0.22006434202194214,0.22985431551933289,0.0222398079931736,0.0,0.5130287700643142,16.975770473480225,0.771962101260821,0.06672851080921563,0.10859559374776753,0.05645521394729836,0.21606413583900907,0.16709613800048828,41.54814632733663,1.384938210911221
12460,9,6.328960585745884e-05,0.45402598177263254,0.1484241634607315,0.025967789813876152,0.23931187391281128,0.2501317262649536,0.04928499832749367,0.0,0.4997072188804547,17.307018915812176,0.7886331379413605,0.07894024219025265,0.10406360402703285,0.06076945222527932,0.23782942724012007,0.17144370079040527,41.61456581751506,1.3871521939171685
12480,9,6.299915748202247e-05,0.43463828597845333,0.2012016475200653,0.024476056918501854,0.20956552028656006,0.2154957503080368,0.007887428626418114,0.0,0.422247060885032,17.9639630317688,0.7980840355157852,0.056464479812844234,0.07901121540503069,0.05875204651172019,0.22873143054312095,0.16872620582580566,41.68330049912135,1.3894433499707115
12500,9,6.270908108231426e-05,0.43555110828304633,0.366942435503006,0.04123162850737572,0.22720730304718018,0.2109137773513794,0.029996279627084732,0.0,0.44076309849818546,17.940810918807983,0.7962636897961298,0.06512698907913132,0.08194165278903463,0.06368908346154388,0.24707454127598216,0.166778564453125,41.75069550275803,1.3916898500919341
12520,9,6.24193795356398e-05,0.4530746063553528,0.3107086718082428,0.029872095212340355,0.23128008842468262,0.2751731872558594,0.035873159766197205,0.0,0.45165794466932613,17.99478809038798,0.803501750032107,0.07479123991321433,0.08592838125134056,0.06622765903805637,0.2613865984180434,0.16672968864440918,41.82242918809255,1.3940809729364183
12540,10,6.213005571558631e-05,0.46354218567126637,0.3760313391685486,0.026737913489341736,0.21421349048614502,0.20442073047161102,0.04803244397044182,0.0,0.43141681887209415,17.227071523666382,0.7827808409929276,0.055935078131204304,0.08032140677625482,0.050276771415321324,0.19551733556330542,0.1685338020324707,41.91685184637706,1.3972283948792352
12560,10,6.184111249199432e-05,0.46679562014961473,0.3291299045085907,0.026682347059249878,0.23297852277755737,0.260601282119751,0.043412212282419205,0.0,0.5012322627007961,17.715912580490112,0.8109556088844935,0.09952760555527428,0.09906353039497678,0.08006238324080849,0.3127386898479678,0.1667027473449707,41.98131085634232,1.3993770285447438
12580,10,6.155255273092923e-05,0.45529432951591225,0.3831188678741455,0.036975543946027756,0.29825931787490845,0.3081047236919403,0.016446728259325027,0.0,0.4650282363096873,17.05203890800476,0.758004680275917,0.05927725855938413,0.08683555928820913,0.05147264872357482,0.19271706017422152,0.1695845127105713,42.046667671203615,1.4015555890401203
12600,10,6.126437929465282e-05,0.45003435884365756,0.28349336981773376,0.02030135691165924,0.22835087776184082,0.2377970814704895,0.05091610550880432,0.0,0.43126190826296806,17.985562324523926,0.7946769893169403,0.06343876384198666,0.08004305782643231,0.0612656899002931,0.23398690988225015,0.16621804237365723,42.11161643266678,1.4037205477555592
12620,10,6.097659504159478e-05,0.46238323492967004,0.30124905705451965,0.02442839741706848,0.20481938123703003,0.25002050399780273,0.050685495138168335,0.0,0.5452534276992083,16.789124886194866,0.7704487591981888,0.08122798140076073,0.11707546333359047,0.0579158620470976,0.2177335526271649,0.16779494285583496,42.18628894488017,1.4062096314960055
12640,10,6.0689202826324564e-05,0.4534486480139605,0.21170265972614288,0.018520843237638474,0.20432370901107788,0.20666548609733582,0.02043692022562027,0.0,0.4799925461411476,17.528720299402874,0.7887844989697138,0.0683504840020429,0.09752387697385116,0.05949393717905464,0.2291664823344697,0.1665492057800293,42.24889246622721,1.408296415540907
12660,10,6.04022054995228e-05,0.43501374029658213,0.2509444057941437,0.024015462026000023,0.2245008945465088,0.20341430604457855,0.02261705882847309,0.0,0.4942271100978057,17.26945694287618,0.7790131370226542,0.07133571998300878,0.1020163803954016,0.058009718800101175,0.22028323777009395,0.16687583923339844,42.31392805576324,1.4104642685254414
12680,10,6.011560590795336e-05,0.44330588369299256,0.2611886262893677,0.023953616619110107,0.24039477109909058,0.21396619081497192,0.014889821410179138,0.0,0.4649901868154605,17.751156330108643,0.8042924801508585,0.07643469279123978,0.09346841529689053,0.06431306088978256,0.2534053665374152,0.16852378845214844,42.38402554988861,1.4128008516629538
12700,10,5.982940689443472e-05,0.45676838995857516,0.4398636221885681,0.04831065982580185,0.2657649517059326,0.277110755443573,0.0421215295791626,0.0,0.47648786567151546,17.52895410855611,0.7859344879786173,0.07132517410950227,0.09474062132225795,0.05983830061450135,0.22995775573442437,0.16675782203674316,42.45449097156525,1.4151496990521748
12720,10,5.9543611297812156e-05,0.4553884734800327,0.35883569717407227,0.041354820132255554,0.37325412034988403,0.3642014265060425,0.010653575882315636,0.0,0.44212935616572696,17.384226242701214,0.7780331621567408,0.05537362913177772,0.08381155268712477,0.05402339047577698,0.20440776562133,0.17144227027893066,42.52717788219452,1.4175725960731507
12740,10,5.925822195292928e-05,0.4576972310205384,0.251572847366333,0.019365832209587097,0.14522355794906616,0.16429536044597626,0.04284502565860748,0.0,0.4955188315361738,17.38860599199931,0.785442903637886,0.07311720155518163,0.10113162640482187,0.06217789453710958,0.2340755766993177,0.16532206535339355,42.58977873325348,1.4196592911084494
12760,11,5.89732416906e-05,0.4547186562207732,0.28883811831474304,0.030578281730413437,0.26922255754470825,0.29844385385513306,0.035025209188461304,0.0,0.506678927068909,17.283921639124554,0.7862274398406347,0.07838488818908279,0.10719885321503336,0.06060058529692469,0.2292731179305437,0.1664869785308838,42.667318840821586,1.4222439613607194
12780,11,5.868867333758069e-05,0.440413402657313,0.19872696697711945,0.010688498616218567,0.1544092297554016,0.1376432478427887,0.03803271800279617,0.0,0.44521178988118965,17.89099144935608,0.7972292651732763,0.06787952056831935,0.08417432611300187,0.06605776016658638,0.25288281578634103,0.16943073272705078,42.731361023585,1.4243787007861668
12800,11,5.840451971654172e-05,0.43697397467076354,0.20958824455738068,0.020912673324346542,0.17779457569122314,0.2091369330883026,0.02125072106719017,0.0,0.46101022822161514,17.642074902852375,0.8003332863251368,0.0662136949937452,0.09296503383666277,0.06209784563080492,0.23895656718576158,0.16750383377075195,42.79653416872024,1.4265511389573415
12820,11,5.8120783646039816e-05,0.4618134817114061,0.3601195514202118,0.03441595658659935,0.25797128677368164,0.23574361205101013,0.042019061744213104,0.0,0.5132075417786837,16.940610885620117,0.7677772045135498,0.06847193837165833,0.10660570538179441,0.05337962089635601,0.19686538260430098,0.16808652877807617,42.86815259456635,1.4289384198188781
12840,11,5.78374679404899e-05,0.45567560853846956,0.2494734525680542,0.02732066810131073,0.24303817749023438,0.2640835642814636,0.05813596025109291,0.0,0.4147866840163867,17.814790805180866,0.800089105963707,0.05713298180225221,0.0740625047209588,0.06100014236554588,0.2314701093233783,0.16814279556274414,42.942546705404915,1.4314182235134973
12860,11,5.755457541013722e-05,0.45774188895182777,0.32676276564598083,0.022930897772312164,0.14746272563934326,0.1671367585659027,0.05057147145271301,0.0,0.4841848239302635,17.11704993247986,0.7743511945009232,0.06202200808647004,0.09727528674358671,0.05824729623484679,0.21832368604373187,0.16814732551574707,43.00689115126928,1.4335630383756426
12880,11,5.727210886102961e-05,0.457057711344305,0.29211458563804626,0.031698547303676605,0.3063523769378662,0.27701038122177124,0.011070437729358673,0.0,0.48669873426357907,17.016542037328083,0.7568686157464981,0.06565726582299579,0.09686928521841764,0.05348967356522652,0.19846209028566425,0.16860628128051758,43.07192420562108,1.4357308068540362
12900,11,5.699007109498937e-05,0.473015548197285,0.277859628200531,0.020639806985855103,0.179557204246521,0.1974872350692749,0.07786261290311813,0.0,0.4106703946987788,17.850985288619995,0.8027440557877222,0.05832587241787802,0.0770814608443867,0.061774489059726795,0.23891329454173418,0.17130088806152344,43.137035322189334,1.437901177406311
12920,11,5.670846490958582e-05,0.46047872694329034,0.32068878412246704,0.023341035470366478,0.21620917320251465,0.26850274205207825,0.02391180768609047,0.0,0.40055834377805394,17.782097736994427,0.7972116619348526,0.05411555194719271,0.07267069020731882,0.0582847338399998,0.22563015686517413,0.17049050331115723,43.20957279205322,1.4403190930684409
12940,11,5.642729309810727e-05,0.4629268982943869,0.30479344725608826,0.034355178475379944,0.3026215434074402,0.33364588022232056,0.0891546979546547,0.0,0.49162579079469043,17.116714874903362,0.7632847229639689,0.0665907734497027,0.09680236232551662,0.054614607121038716,0.20466481998234734,0.16701769828796387,43.273252844810486,1.4424417614936829
12960,12,5.6146558449533376e-05,0.45946944369593984,0.2815941274166107,0.03611467778682709,0.25748544931411743,0.27947238087654114,0.006856482941657305,0.0,0.45816976328690845,17.46851420402527,0.7830401609341303,0.06370148528367281,0.08782761052928188,0.06017152699430219,0.23164163750003686,0.16945838928222656,43.34879165093104,1.4449597216977013
12980,12,5.586626374850769e-05,0.46240274402265724,0.41118839383125305,0.03441522270441055,0.32931971549987793,0.34374749660491943,0.09049703925848007,0.0,0.4341256966193517,17.86383080482483,0.7896978358427683,0.06266030626879497,0.07988629253073172,0.05990080104939724,0.23099556350445544,0.16982269287109375,43.41418849229812,1.4471396164099375
13000,12,5.558641177530967e-05,0.4661513392595327,0.2230055034160614,0.02212504670023918,0.21889883279800415,0.20027479529380798,0.002501864917576313,0.0,0.4930407566328843,17.423525253931682,0.7770228783289591,0.06638467371125113,0.10027333145791834,0.057869168269627895,0.22438406258482824,0.16778898239135742,43.47889149983724,1.449296383327908
13020,12,5.530700530582746e-05,0.4699087794743691,0.35882681608200073,0.028849555179476738,0.25014108419418335,0.2263936698436737,0.041862476617097855,0.0,0.3999086879193783,18.309598128000896,0.8146585573752722,0.05726282044567845,0.07108498398553241,0.06560106770749288,0.25868490706621244,0.168043851852417,43.54839595158895,1.4516131983862983
13040,12,5.502804711153006e-05,0.4614563999540593,0.23230396211147308,0.027451207861304283,0.21093493700027466,0.2354612797498703,0.038077447563409805,0.0,0.4893706664443016,17.71313015619914,0.7901040563980738,0.07411763326010921,0.09724096793004057,0.06740930865106004,0.2536294900029051,0.16650938987731934,43.61651996771494,1.4538839989238315
13060,12,5.4749539959440076e-05,0.46350575485053935,0.25905075669288635,0.02559024654328823,0.2135254144668579,0.21494397521018982,0.01921977661550045,0.0,0.4192491328964631,18.119256099065144,0.79935722053051,0.056729221462526104,0.07699561373076656,0.060872687529560855,0.22976678834212097,0.17281126976013184,43.67863281567892,1.4559544271892972
13080,12,5.4471486612106154e-05,0.45203668668632113,0.30254560708999634,0.027553347870707512,0.1857239007949829,0.17372572422027588,0.02291947789490223,0.0,0.4484080436329047,17.754630486170452,0.7886676241954168,0.06487770209258253,0.08628057739274068,0.05867989737519317,0.22032201851040803,0.1687486171722412,43.741656096776325,1.4580552032258776
13100,12,5.419388982757549e-05,0.4593673193385386,0.2111542969942093,0.01908603310585022,0.1883888840675354,0.19405671954154968,0.03031182661652565,0.0,0.4416874398787816,17.337848901748657,0.77326267460982,0.05732472664253278,0.08231119980866258,0.05556220673447983,0.20546905911231245,0.16890549659729004,43.804066983858746,1.4601355661286248
13120,12,5.391675235936673e-05,0.4507905802046458,0.3031148910522461,0.017340343445539474,0.14382416009902954,0.20527760684490204,0.054401662200689316,0.0,0.3789707515388727,18.115557432174683,0.8196864724159241,0.055009559389542446,0.06670284914699467,0.06320560121093877,0.2428001579405232,0.1667952537536621,43.87332543532054,1.4624441811773512
13140,12,5.364007695644239e-05,0.439157136123336,0.2232532799243927,0.018530678004026413,0.16335827112197876,0.18328437209129333,0.015389936976134777,0.0,0.49280305051555234,17.41360894838969,0.7828749269247055,0.07104339412498203,0.10067525853148916,0.06500260378842623,0.24230369278335606,0.1688683032989502,43.93598544200261,1.4645328480667539
13160,12,5.336386636318167e-05,0.43935879501660663,0.26033449172973633,0.013188818469643593,0.18591314554214478,0.18430325388908386,0.06638088077306747,0.0,0.45937315560877323,17.63771152496338,0.7911873062451681,0.06344531671228734,0.08776093765415928,0.06044677424308082,0.2266359539512037,0.16596579551696777,44.00814853906631,1.4669382846355439
13180,13,5.3088123319353424e-05,0.4559748719785458,0.31507807970046997,0.033647891134023666,0.2879800796508789,0.26608437299728394,0.01132140401750803,0.0,0.5040175554653009,17.349734942118328,0.7731073002020518,0.07366717835380272,0.09317115355621684,0.06084015943766148,0.22792146383488382,0.16594529151916504,44.08487873077392,1.4694959576924642
13200,13,5.281285056008864e-05,0.4692511541738354,0.28795793652534485,0.030107032507658005,0.2691758871078491,0.24914684891700745,0.009906783699989319,0.0,0.44567090397079784,17.527239004770916,0.7844856033722559,0.057187538255344735,0.08446137149902908,0.05530223904696124,0.20802352304401045,0.16740679740905762,44.14723107814789,1.4715743692715963
13220,13,5.2538050815853645e-05,0.4574168167321413,0.22244660556316376,0.02133583091199398,0.18606817722320557,0.22419236600399017,0.012169166468083858,0.0,0.4371132453282674,17.534149169921875,0.7909761220216751,0.05791941276666793,0.08373700742694465,0.055646117448552766,0.21194986361925575,0.1665651798248291,44.22155130704244,1.474051710234748
13240,13,5.226372681242275e-05,0.4722417729490015,0.27102184295654297,0.022116180509328842,0.2106272578239441,0.22220337390899658,0.02946813590824604,0.0,0.40858934819698334,17.930847644805908,0.8079965909322103,0.05891581252217293,0.07545639151199297,0.05894550805731507,0.22930960067209194,0.1665205955505371,44.28337866465251,1.4761126221550835
13260,13,5.1989881270851365e-05,0.4750649821124215,0.36445629596710205,0.02740035578608513,0.252588152885437,0.2516135573387146,0.061082933098077774,0.0,0.4502813306947549,17.19516905148824,0.7665926069021225,0.05555107867853208,0.08485434305938808,0.05035496858446012,0.18877546784510327,0.16701984405517578,44.34793839454651,1.4782646131515502
13280,13,5.1716516907449045e-05,0.4615650424447612,0.23009029030799866,0.022594518959522247,0.21495461463928223,0.24678903818130493,0.017470188438892365,0.0,0.45477524523933727,17.69789481163025,0.7966499278942744,0.0651316445490176,0.09061875312843105,0.05999524869945493,0.22955386473966594,0.17007112503051758,44.420895485083264,1.480696516169442
13300,13,5.1443636433752374e-05,0.4479783557483574,0.23664590716362,0.025532905012369156,0.251085102558136,0.2307283580303192,0.04188908636569977,0.0,0.3988494531561931,18.116976420084637,0.8136949489514033,0.05601237714290619,0.07282065117562359,0.0629128179041965,0.2416832923931493,0.16856026649475098,44.483682032426195,1.4827894010808733
13320,13,5.117124255649824e-05,0.4401124828945818,0.20849190652370453,0.01827700063586235,0.23523414134979248,0.2249896228313446,0.01840781792998314,0.0,0.47635074021915597,17.430256684621174,0.7754219770431519,0.064704027492553,0.09476766074922952,0.0586736080691811,0.21935062141644515,0.16857337951660156,44.55203109184901,1.4850677030616337
13340,13,5.0899337977596907e-05,0.44248942414762227,0.28156960010528564,0.0174413975328207,0.21950334310531616,0.22436897456645966,0.026481907814741135,0.0,0.4102791392554839,18.172049283981323,0.812700221935908,0.0572072413157333,0.07649220348420468,0.06345770366500471,0.24390990095509385,0.16866087913513184,44.61406571865082,1.4871355239550272
13360,13,5.0627925394105144e-05,0.4490306351874617,0.3783991038799286,0.038871508091688156,0.24294590950012207,0.26342180371284485,0.019854260608553886,0.0,0.4710804224014282,17.796660264333088,0.8030259559551874,0.07347014749592001,0.09464284269647165,0.06734160035557579,0.2538225272120061,0.17089533805847168,44.676563243071236,1.4892187747690413
13380,13,5.035700749819972e-05,0.4495814406676044,0.317383736371994,0.031946126371622086,0.28057825565338135,0.2895517945289612,0.017195308580994606,0.0,0.5207801330834627,17.42127736409505,0.7975205977757772,0.09015375866808674,0.10984276565299793,0.06948010335591706,0.2620248531086624,0.16964221000671387,44.73870222171148,1.4912900740570492
13400,14,5.0086586977150345e-05,0.4531018699746121,0.3923366963863373,0.023484809324145317,0.17023837566375732,0.15702997148036957,0.027613073587417603,0.0,0.4546894213805596,17.74699314435323,0.7820036560297012,0.06496680409393528,0.08602694447406313,0.05892746006958822,0.22088891990080645,0.17141103744506836,44.80638340314229,1.4935461134380765
13420,14,4.981666651329334e-05,0.44120294592076387,0.2874307632446289,0.031029365956783295,0.3339233994483948,0.28709709644317627,0.027801338583230972,0.0,0.556209928666552,16.844600280125935,0.7693348899483681,0.08922753855586052,0.12038662885739045,0.05847630262856414,0.2193051172547381,0.16924524307250977,44.877803667386374,1.4959267889128791
13440,14,4.9547248784004884e-05,0.4434144336172204,0.31881794333457947,0.026937013491988182,0.2767390012741089,0.2693478763103485,0.06572232395410538,0.0,0.4036297593265772,18.187471628189087,0.8126647770404816,0.06415768297897144,0.07241001606664875,0.062075140687573534,0.24114424240013416,0.16963696479797363,44.93993445634842,1.497997815211614
13460,14,4.927833646167435e-05,0.44719071231968804,0.25323620438575745,0.02704104781150818,0.23360490798950195,0.2638024091720581,0.04561537131667137,0.0,0.48759217994908494,17.755740483601887,0.7995095998048782,0.08135031002827665,0.09901216566901315,0.06587220021968031,0.25355401626703417,0.1693744659423828,45.00224060614904,1.5000746868716346
13480,14,4.900993221367809e-05,0.4441487263055495,0.3288815915584564,0.03669935092329979,0.24627065658569336,0.24872331321239471,0.04266753047704697,0.0,0.4892186348636945,17.78142563501994,0.7996169726053873,0.08206233695488084,0.10004481470043008,0.06696364692867394,0.2565122433430092,0.16917181015014648,45.0719074289004,1.50239691429668
13500,14,4.87420387023526e-05,0.43178066264319037,0.26364263892173767,0.021606232970952988,0.22907835245132446,0.2260502576828003,0.08378154039382935,0.0,0.42694330712159473,18.433719873428345,0.8180259118477503,0.07343124098737132,0.08042883026328954,0.06965452326271175,0.2716577823951163,0.16901421546936035,45.134974360466,1.5044991453488668
13520,14,4.847465858496851e-05,0.4453916302737381,0.31691974401474,0.02791299670934677,0.2643473148345947,0.2602755129337311,0.03925654664635658,0.0,0.5179285692671934,17.065545399983723,0.7551467344164848,0.06448576794090596,0.10877676418220456,0.05345492514871611,0.20081394112309103,0.1673746109008789,45.207622218132016,1.5069207406044007
13540,14,4.820779451370389e-05,0.44009404860833634,0.23952846229076385,0.024969711899757385,0.22443103790283203,0.24105620384216309,0.01801873743534088,0.0,0.45723453847070533,17.911503235499065,0.7948572089274725,0.06709056584672494,0.09119930313053456,0.059989700371674684,0.22986447269266302,0.16925477981567383,45.27114303906759,1.509038101302253
13560,14,4.794144913561811e-05,0.44680938870850295,0.3142547607421875,0.040540553629398346,0.27188044786453247,0.273254930973053,0.0338880680501461,0.0,0.4555857100834449,17.55597194035848,0.7668506478269895,0.056781445164233446,0.08816952139816502,0.052747157685437494,0.19851827278563922,0.16849231719970703,45.33394290208817,1.5111314300696055
13580,14,4.7675625092625624e-05,0.4474771106041562,0.2083951234817505,0.017131786793470383,0.21024304628372192,0.1813795268535614,0.019804416224360466,0.0,0.4319111816585064,18.238573789596558,0.8093478928009669,0.06468456187708811,0.08344085243615237,0.06402082820634612,0.24824102201753043,0.17166948318481445,45.3977535367012,1.5132584512233733
13600,15,4.741032502146959e-05,0.44355028186186707,0.16830116510391235,0.02581085078418255,0.22700893878936768,0.2345350980758667,0.006693534553050995,0.0,0.4768214567253987,17.64981770515442,0.7884205480416616,0.06884484577246687,0.09597930075092749,0.05946769808228551,0.22791126268831166,0.1684093475341797,45.47763427495956,1.515921142498652
13620,15,4.7145551553695935e-05,0.4404400466882049,0.2481537163257599,0.03472115099430084,0.37178391218185425,0.3450591564178467,0.007475078105926514,0.0,0.45454895061751205,17.58668915430705,0.7834453533093134,0.05973261112177914,0.08893407009203326,0.056521950506562876,0.2144736263329502,0.17059922218322754,45.5474604566892,1.51824868188964
13640,15,4.6881307315627035e-05,0.44868344353275996,0.29280582070350647,0.01870284043252468,0.2003043293952942,0.18971924483776093,0.025064019486308098,0.0,0.4759581921001275,17.758211851119995,0.8003851373990377,0.073574700308117,0.09910019664940509,0.06382269677917728,0.24538753458976068,0.1716458797454834,45.610950175921126,1.5203650058640374
13660,15,4.66175949283358e-05,0.4401728815748833,0.2588457465171814,0.02427840232849121,0.20514804124832153,0.24555228650569916,0.020441699773073196,0.0,0.4394626033802827,18.016969680786133,0.8018418898185095,0.06354973668401892,0.08666587908836929,0.06256185865971599,0.2415146464905278,0.17125177383422852,45.67449345588684,1.522483115196228
13680,15,4.635441700761972e-05,0.4455052073059792,0.304447203874588,0.03331156447529793,0.21319276094436646,0.23772084712982178,0.01644214615225792,0.0,0.485600342353185,17.457120100657146,0.7906524389982224,0.07591786159371788,0.10011094021187587,0.059362171530003914,0.2279085201126608,0.1708662509918213,45.738481704394026,1.5246160568131342
13700,15,4.6091776163974695e-05,0.45354022973530983,0.3399566113948822,0.029310856014490128,0.22798937559127808,0.2101989984512329,0.015692148357629776,0.0,0.5057456673433384,17.516996383666992,0.8007251719633738,0.08645612966607917,0.10720934329385107,0.07021844615387222,0.2718651494307613,0.17115426063537598,45.801905918121335,1.5267301972707112
13720,15,4.582967500256945e-05,0.447829413900064,0.30003538727760315,0.04359341785311699,0.36677736043930054,0.37934479117393494,0.010855852626264095,0.0,0.42929163450996083,17.843362887700398,0.799568310379982,0.06363542382182046,0.08203838858753443,0.05966775552687151,0.22846184419044716,0.1706864833831787,45.87153142293294,1.529051047431098
13740,15,4.556811612321937e-05,0.45230096679057047,0.2561829388141632,0.017272518947720528,0.1320471167564392,0.12375377118587494,0.018841370940208435,0.0,0.5061512036869923,17.206233024597168,0.7832972904046377,0.08132484987039458,0.10565260018814694,0.06064556852057153,0.2338539339411496,0.17093634605407715,45.935185579458874,1.531172852648629
13760,15,4.5307102120361035e-05,0.4583960972402225,0.4090006947517395,0.033038802444934845,0.20062148571014404,0.21864449977874756,0.07536812126636505,0.0,0.5051489565521479,17.2701473236084,0.7831699401140213,0.08077845028178259,0.10380625030533834,0.0600410604860041,0.23421627106356688,0.17003870010375977,45.998318163553876,1.5332772721184624
13780,15,4.504663558302617e-05,0.4493591999318131,0.27796757221221924,0.038524553179740906,0.33250391483306885,0.3566041886806488,0.04634140059351921,0.0,0.45505403478940326,17.81650694211324,0.796162391702334,0.06952936778014357,0.08904418188401243,0.06356529143257914,0.24997992706696756,0.1712188720703125,46.06168771187465,1.5353895903958215
13800,15,4.478671909481624e-05,0.44260951587174874,0.23094159364700317,0.018917135894298553,0.19092190265655518,0.18484747409820557,0.02462756074965,0.0,0.4308409032722314,18.009753386179607,0.8049354801575342,0.06866196949373592,0.08114189146594568,0.064142656076001,0.252746383680708,0.17090535163879395,46.12881409327189,1.5376271364423963
13820,16,4.4527355233876666e-05,0.4603116220792904,0.26253893971443176,0.01884053647518158,0.17308145761489868,0.21955999732017517,0.032103028148412704,0.0,0.48956017817060155,17.46848980585734,0.7855267475048701,0.07824460679495876,0.09922081435268576,0.06340569733451544,0.2465952951884405,0.3822457790374756,46.217720198631284,1.5405906732877095
13840,16,4.426854657287127e-05,0.4454161204419457,0.1760532557964325,0.02795390412211418,0.24487274885177612,0.21697132289409637,0.0019978631753474474,0.0,0.4475645727167527,17.6429705619812,0.7842133988936743,0.0650201439010826,0.08689090304753998,0.055448634092251516,0.2152423414147713,0.3934590816497803,46.28463361660639,1.5428211205535465
13860,16,4.4010295678956715e-05,0.4423613593689599,0.285074919462204,0.03291676566004753,0.24703150987625122,0.2769010066986084,0.024452021345496178,0.0,0.42611452502508956,17.870969772338867,0.7937962959210078,0.06476645781235262,0.07985796643929048,0.05858222514242781,0.22677078457887878,0.17093944549560547,46.347425162792206,1.5449141720930735
13880,16,4.3752605113757255e-05,0.4378848326470623,0.20262567698955536,0.021420344710350037,0.18494421243667603,0.1902635544538498,0.013344367034733295,0.0,0.5084320046007633,17.136814673741657,0.7773610105117162,0.07510792210020802,0.10633477983488278,0.0576257932539606,0.21990382669239558,0.17191553115844727,46.41032185951869,1.547010728650623
13900,16,4.3495477433338994e-05,0.42968658944733046,0.23080530762672424,0.016248025000095367,0.1476154327392578,0.15165811777114868,0.06315405666828156,0.0,0.4235516581684351,17.918713251749676,0.807255024711291,0.06340180430561304,0.08069032583047044,0.06176443991716951,0.2415367123268714,0.16929054260253906,46.47379422982534,1.5491264743275113
13920,16,4.3238915188184874e-05,0.42809041314435947,0.15547774732112885,0.015389933250844479,0.16824638843536377,0.15642890334129333,0.04488222673535347,0.0,0.4425652405867974,17.730918884277344,0.791896233956019,0.0679931915788488,0.08552304875444282,0.05884925004846247,0.22174934546505523,0.1748650074005127,46.54835229317347,1.5516117431057823
13940,16,4.29829209231691e-05,0.43729686437448567,0.2994275391101837,0.0218571238219738,0.21158206462860107,0.2323610782623291,0.07421722263097763,0.0,0.4491285563757022,17.68484091758728,0.7995197574297587,0.0720512547784231,0.08840515244413506,0.062176146454558795,0.23685300687793642,0.17100763320922852,46.61143875519435,1.5537146251731448
13960,16,4.272749717753199e-05,0.4426396748160028,0.30777451395988464,0.023580800741910934,0.23680585622787476,0.236009880900383,0.04773480072617531,0.0,0.48700038095315296,17.183935801188152,0.7826355596383413,0.07687054058028893,0.09791688807308674,0.060751930736428636,0.22736191070130604,0.17082619667053223,46.676461394627886,1.5558820464875962
13980,16,4.2472646484854944e-05,0.4343973946163723,0.22300538420677185,0.015230215154588223,0.14997345209121704,0.13987162709236145,0.02364090271294117,0.0,0.4417689833790064,17.835296233495075,0.8092035005489985,0.06892203277146275,0.08767634477805007,0.06418537252730774,0.24930723091926088,0.17022967338562012,46.73958404064179,1.5579861346880595
14000,16,4.2218371373035e-05,0.4431085336173705,0.3678715229034424,0.03133426606655121,0.22135281562805176,0.2153392732143402,0.06116393208503723,0.0,0.46111152941981953,17.22916555404663,0.7787595093250275,0.06882341256873174,0.08896913481029597,0.05413901682252551,0.20192551152748903,0.17360544204711914,46.802998117605846,1.5600999372535282
14020,16,4.1964674364260106e-05,0.45405284557084236,0.36758679151535034,0.03888002038002014,0.2853705883026123,0.23664645850658417,0.05094257369637489,0.0,0.4734924187262853,17.401081641515095,0.7936061372359594,0.07537008567967197,0.0952821086076173,0.06013940941590012,0.23490364627319982,0.16896986961364746,46.87331307729085,1.5624437692430284
14040,17,4.1711557974983804e-05,0.4455245459725898,0.21428534388542175,0.01706833951175213,0.2128850817680359,0.18496720492839813,0.04973076656460762,0.0,0.49256015941500664,17.37753391265869,0.7871290991703669,0.07938718457113612,0.10008522233163769,0.06225392685155384,0.23258206809193574,0.16766810417175293,47.00249037742615,1.5667496792475382
14060,17,4.1459024715900405e-05,0.44829471159384476,0.38370901346206665,0.030878927558660507,0.2867332696914673,0.3114096522331238,0.04135248437523842,0.0,0.49243851626912755,17.318654139836628,0.7790827229619026,0.07461995182728226,0.09882977926595644,0.059049124329414386,0.2185270393224941,0.16619062423706055,47.08182959556579,1.5693943198521931
14080,17,4.120707709192018e-05,0.4419545765579653,0.2704229950904846,0.02752050571143627,0.2908046841621399,0.27989667654037476,0.04848547652363777,0.0,0.44616102365156013,17.90193200111389,0.8010475436846415,0.06935889223082499,0.08717796155674891,0.060802489968905735,0.23506916280497203,0.1661357879638672,47.14349150657654,1.5714497168858845
14100,17,4.0955717602144275e-05,0.43415172320409795,0.22535495460033417,0.014505761675536633,0.16618067026138306,0.18011996150016785,0.06517116725444794,0.0,0.4458716797331969,17.93077341715495,0.7936922659476598,0.06618696959181265,0.08621149213815277,0.061071809690805494,0.2328247994882986,0.16867589950561523,47.210048127174375,1.5736682709058125
14120,17,4.0704948739840144e-05,0.4378876043854873,0.2825196385383606,0.033776141703128815,0.3137452006340027,0.28053149580955505,0.00747646065428853,0.0,0.4865688222150008,17.47892737388611,0.7836015795667967,0.07164966839958321,0.09900424502451312,0.061726721134618856,0.231692361518402,0.16814970970153809,47.27883842388789,1.5759612807962629
14140,17,4.0454772992416755e-05,0.43125563122786087,0.3143005669116974,0.022476427257061005,0.1962992548942566,0.16867196559906006,0.03289820998907089,0.0,0.3858356016377608,18.564831654230755,0.8278748542070389,0.061518395065583965,0.07029990953477946,0.0674203393441117,0.26575508662922814,0.16858506202697754,47.34132131735484,1.578044043911828
14160,17,4.020519284139975e-05,0.44031724394573285,0.2944226562976837,0.018300004303455353,0.1527266502380371,0.20326189696788788,0.0534413643181324,0.0,0.4983925297856331,17.5903418858846,0.8006322234869003,0.08097177244384181,0.1056260099126534,0.06536804153372279,0.2528664823198183,0.17186927795410156,47.41082755724589,1.580360918574863
14180,17,3.995621076240716e-05,0.44080477311513333,0.24588145315647125,0.0251863282173872,0.22432315349578857,0.23997680842876434,0.013509741052985191,0.0,0.45768589340150356,17.728432814280193,0.7968811939160029,0.06338420180095868,0.09306640635159882,0.0593350494931325,0.22609098111702639,0.17010951042175293,47.475421233971915,1.582514041132397
14200,17,3.970782922512449e-05,0.44482362736513187,0.27475035190582275,0.01916578784584999,0.19036048650741577,0.20004098117351532,0.03648696094751358,0.0,0.43871819600462914,18.049938678741455,0.8107450505097707,0.06641600027003071,0.08567747913978317,0.06673078960739076,0.2567122322930531,0.1711118221282959,47.53751463890076,1.5845838212966918
14220,17,3.946005069328055e-05,0.4474496736344118,0.36153802275657654,0.04642762243747711,0.3016778826713562,0.3631436824798584,0.08065549284219742,0.0,0.41882506012916565,17.92516279220581,0.8017597595850626,0.05799267093904994,0.07913248647343028,0.05913230568297546,0.22887508298101072,0.7463908195495605,47.61637118260066,1.5872123727533551
14240,18,3.921287762462274e-05,0.43441060177455226,0.15246254205703735,0.014470524154603481,0.17219477891921997,0.1668994128704071,0.027377380058169365,0.0,0.40830749707917374,18.463175455729168,0.8196024745702744,0.06370810258456251,0.07522680661217733,0.06749024471818385,0.26316091581247747,0.16486549377441406,47.685038789113364,1.5895012929704455
14260,18,3.8966312470892794e-05,0.4427479193568759,0.2923109829425812,0.029956843703985214,0.2654128074645996,0.2958991527557373,0.032220710068941116,0.0,0.4976093762864669,17.468305110931396,0.7823480715354284,0.06966950337995183,0.1034860671074553,0.05924978183148513,0.21955974503758957,0.16772866249084473,47.74854445854823,1.5916181486182743
14280,18,3.872035767780258e-05,0.4435017087640798,0.2759851813316345,0.02082909271121025,0.19411510229110718,0.18138942122459412,0.0487264022231102,0.0,0.484921761477987,17.13495937983195,0.7646657923857371,0.06365662711587819,0.0954086421565576,0.051212957630923484,0.18803840557335538,0.16957974433898926,47.811847217877705,1.5937282405959234
14300,18,3.847501568500958e-05,0.44446672347403826,0.33750805258750916,0.03426340967416763,0.23777586221694946,0.22249279916286469,0.011329563334584236,0.0,0.45791844464838505,17.838372707366943,0.7906556079785029,0.0668386673046784,0.09112653390250423,0.05919933032022196,0.22540937177836895,0.16681861877441406,47.87798299392065,1.5959327664640215
14320,18,3.823028892609293e-05,0.4429596712678575,0.2370450645685196,0.023562368005514145,0.19633221626281738,0.2137642353773117,0.010597228072583675,0.0,0.4707794326047103,17.806496222813923,0.793361023068428,0.07242702726613391,0.0951626446436752,0.061874573955058375,0.2367544860409742,0.16958928108215332,47.94722313086192,1.5982407710287305
14340,18,3.798617982852913e-05,0.44287339558185645,0.2519214451313019,0.0334189347922802,0.2001967430114746,0.19014883041381836,0.022626476362347603,0.0,0.4588217095782359,17.720821619033813,0.7839132423202196,0.063973185013641,0.0916281949559396,0.056779190514300186,0.2179924227847633,0.16959857940673828,48.01380428870519,1.6004601429568397
14360,18,3.7742690813667994e-05,0.4419809956579957,0.2100597769021988,0.012005507946014404,0.15911012887954712,0.17129403352737427,0.030946146696805954,0.0,0.44189209304749966,18.154504934946697,0.8054361293713251,0.071440891278061,0.08614398666064847,0.06572151075074957,0.25825613034381106,0.16594409942626953,48.08349951108297,1.602783317036099
14380,18,3.7499824296708745e-05,0.43898261179757603,0.23218606412410736,0.021571461111307144,0.17277765274047852,0.17608782649040222,0.0254504531621933,0.0,0.43252666542927426,18.033450921376545,0.7947026739517847,0.06427477113902569,0.08229960060932419,0.061724130349995736,0.23767864348536188,0.17121052742004395,48.14782892068227,1.6049276306894091
14400,18,3.725758268667585e-05,0.42807393417113104,0.19789355993270874,0.024431679397821426,0.2413632869720459,0.286756694316864,0.048589978367090225,0.0,0.4667988022168477,17.63677779833476,0.7887398401896158,0.06444085863503543,0.0945017042315819,0.05819455124649473,0.22504452188414606,0.16733431816101074,48.21088845729828,1.607029615243276
14420,18,3.701596838639538e-05,0.43226837915393057,0.3657965064048767,0.028046824038028717,0.20263391733169556,0.18643686175346375,0.05781817436218262,0.0,0.4063516054302454,17.83774495124817,0.7929700861374537,0.05410171274773099,0.07485525953498753,0.05227078537890603,0.20177058493506841,0.1677858829498291,48.280375937620796,1.60934586458736
14440,18,3.677498379247092e-05,0.4279232591496211,0.31619754433631897,0.02825729176402092,0.25904715061187744,0.2712240517139435,0.04379917308688164,0.0,0.42118577224512893,18.05442500114441,0.7939660598834356,0.06225121190602129,0.077870107001879,0.05751168337354267,0.22024633379822428,0.16808295249938965,48.34408365885417,1.611469455295139
14460,19,3.653463129525993e-05,0.4360160063197243,0.2881523072719574,0.021854547783732414,0.2289465069770813,0.21098315715789795,0.029872668907046318,0.0,0.4109452913204829,18.13175145785014,0.8064209322134653,0.0613429042595354,0.07514422962611372,0.05958358210310424,0.22744737720032307,0.1667478084564209,48.42187260786692,1.6140624202622307
14480,19,3.6294913278850096e-05,0.4308695453409427,0.3513929545879364,0.028593827039003372,0.2563588619232178,0.2582084536552429,0.03050953336060047,0.0,0.4565423441429933,17.815098603566486,0.7887688179810842,0.06482388240031221,0.08910763839429076,0.05757474405320615,0.2170177401805466,0.16859960556030273,48.484897923469546,1.6161632641156514
14500,19,3.605583212103558e-05,0.4381682727955268,0.28294527530670166,0.029142335057258606,0.23559510707855225,0.23946213722229004,0.027169086039066315,0.0,0.43537217006087303,17.80971034367879,0.7916358609994253,0.06089436406777664,0.08360613764009693,0.05334486947818236,0.2038101686630398,0.17058229446411133,48.547948884963986,1.618264962832133
14520,19,3.581739019329338e-05,0.43093165547459267,0.2830406725406647,0.026314860209822655,0.182769775390625,0.19318053126335144,0.01807890087366104,0.0,0.4544132885833581,17.738428751627605,0.7877406229575475,0.06232659874314612,0.09060289414430206,0.05519388233237392,0.20962679115208713,0.16981053352355957,48.624201103051504,1.6208067034350502
14540,19,3.557958986076003e-05,0.43207948351124714,0.18076558411121368,0.02444319985806942,0.21018391847610474,0.23959675431251526,0.02100997045636177,0.0,0.4279768858104944,17.843813180923462,0.7972552180290222,0.05570970983667807,0.08330670710314404,0.052930759702576324,0.2052491223016246,0.17057585716247559,48.68671671152115,1.622890557050705
14560,19,3.534243348220782e-05,0.4285070543493562,0.2738123834133148,0.024783223867416382,0.26998794078826904,0.24102173745632172,0.010806500911712646,0.0,0.4623671428610881,17.56801136334737,0.7803877765933672,0.061252951537343586,0.09223778486590493,0.051913628936745226,0.19825492430986327,0.17233824729919434,48.749028658866884,1.6249676219622293
14580,19,3.510592341002178e-05,0.4259934356919908,0.30604344606399536,0.02407730370759964,0.23336607217788696,0.22597961127758026,0.03403807803988457,0.0,0.45264156100650627,17.40066647529602,0.7761087516943613,0.05967645901678638,0.08715373921123418,0.05060325327345212,0.19190432912331412,0.16652750968933105,48.81205680767695,1.6270685602558983
14600,19,3.4870061990175935e-05,0.43087226141894297,0.19085848331451416,0.010496733710169792,0.12568891048431396,0.13418078422546387,0.043613411486148834,0.0,0.46146291370193165,17.94284733136495,0.8093657394250234,0.07769339565526355,0.09193706935779615,0.06659594598882408,0.2613130943765017,0.16853046417236328,48.8754314939181,1.62918104979727
14620,19,3.4634851562210436e-05,0.4326825621893194,0.27013516426086426,0.0348195917904377,0.2913840413093567,0.3276446759700775,0.03657302260398865,0.0,0.4326428168763717,17.79436461130778,0.7987948954105377,0.05956682622094046,0.0850165979936719,0.055183048788669774,0.2135549786564132,0.16813182830810547,48.94982280731201,1.6316607602437336
14640,19,3.4400294459208043e-05,0.4383347790348842,0.3325199484825134,0.03295890986919403,0.2595020532608032,0.22821128368377686,0.015003146603703499,0.0,0.4562474451959133,17.394554535547893,0.7603966568907102,0.05893155187368393,0.08765361110933802,0.049748197801818606,0.1885404447834431,0.1677694320678711,49.014409617582956,1.633813653919432
14660,19,3.416639300777108e-05,0.4573137143221886,0.2573466897010803,0.01879206672310829,0.24380433559417725,0.20962855219841003,0.05498401075601578,0.0,0.4273770159731309,17.691694100697834,0.7786715949575106,0.055271948518400844,0.08008286441591653,0.05130625770900885,0.19503286916402762,0.1656172275543213,49.08182813723882,1.6360609379079607
14680,20,3.393314952799849e-05,0.44404677292457323,0.1786973625421524,0.012965088710188866,0.16634082794189453,0.17669671773910522,0.038868844509124756,0.0,0.41916415343681973,18.247883478800457,0.8127164592345556,0.06320037438788197,0.08047205091200092,0.062230254798619586,0.24290914573198694,0.17132115364074707,49.148384324709575,1.638279477490319
14700,20,3.37005663334626e-05,0.4464059463581255,0.318017840385437,0.019719332456588745,0.15217536687850952,0.16206198930740356,0.03977220132946968,0.0,0.41576275167365867,17.85283621152242,0.8002611001332601,0.05764868042685769,0.07954331555149773,0.054942073237643024,0.21161709883017465,0.16858124732971191,49.211298966407774,1.6403766322135924
14720,20,3.3468645731186396e-05,0.45069308604314323,0.2205905020236969,0.025755196809768677,0.2588539719581604,0.2672841548919678,0.03587060794234276,0.0,0.48931469830373925,17.42642863591512,0.789940799276034,0.0730478921058503,0.10174557710574432,0.0588594264237062,0.22473602739840068,0.16926908493041992,49.28011438449224,1.6426704794830747
14740,20,3.3237390021620395e-05,0.4473990452061269,0.21446597576141357,0.014387844130396843,0.16348886489868164,0.16724544763565063,0.022259477525949478,0.0,0.42720714521904785,17.951348463694256,0.80650794506073,0.06088822394270788,0.08246040141040628,0.0601521258702798,0.23275824754752897,0.16933465003967285,49.34303840796153,1.6447679469320509
14760,20,3.300680149862001e-05,0.4386748715901838,0.16980154812335968,0.015443943440914154,0.17958128452301025,0.2013557255268097,0.008978567086160183,0.0,0.4748901358495156,17.58106581370036,0.7959446161985397,0.07095972922715274,0.09624357538467104,0.06277315096601589,0.24033313339830123,0.17007064819335938,49.407719520727795,1.6469239840242598
14780,20,3.277688244942282e-05,0.4415571760073054,0.3054676055908203,0.030547533184289932,0.16900765895843506,0.1877785623073578,0.022480042651295662,0.0,0.43673695996403694,17.568317254384358,0.7811220735311508,0.056871483525769276,0.08270264450799335,0.051509093571274374,0.19755331781925634,0.174821138381958,49.47262190183004,1.649087396727668
14800,20,3.2547635154625664e-05,0.4333636629950961,0.26352956891059875,0.020985301584005356,0.18808835744857788,0.21289828419685364,0.017372604459524155,0.0,0.44315160997211933,17.73471689224243,0.7883415768543879,0.06280818513848564,0.0848166159438816,0.05548113433972255,0.2126711648783054,0.16664791107177734,49.53576051791509,1.6511920172638364
14820,20,3.2319061888162306e-05,0.4386571379454337,0.3912788927555084,0.038649652153253555,0.20131075382232666,0.206546351313591,0.03484155982732773,0.0,0.4838844407349825,17.345523198445637,0.7803836365540823,0.06949876418167894,0.0986734837801619,0.05389938697970303,0.20542247364805502,0.1695711612701416,49.60547426939011,1.6535158089796702
14840,20,3.209116491728061e-05,0.4424594880751257,0.33486276865005493,0.025284379720687866,0.1725836992263794,0.20377175509929657,0.06168138608336449,0.0,0.4402934778481722,17.425000349680584,0.7789114018281301,0.05645904690027237,0.08408219638195905,0.05001820817282847,0.19032489382450216,0.16778063774108887,49.67154426972071,1.6557181423240237
14860,20,3.186394650252026e-05,0.44671863087854824,0.2813020646572113,0.03759525343775749,0.28925269842147827,0.32382404804229736,0.0690576583147049,0.0,0.4351559579372406,17.75460696220398,0.7951721002658209,0.060056603005663914,0.08366929392584345,0.054719044239556584,0.20874101787128232,0.16761422157287598,49.74199058214823,1.6580663527382744
14880,20,3.1637408897690266e-05,0.44316190048750004,0.24078339338302612,0.031996067613363266,0.2764994502067566,0.30087947845458984,0.028882794082164764,0.0,0.40923960072298843,17.847030719121296,0.7995435148477554,0.05721340286122127,0.07546862671998414,0.05457861012440513,0.20846405261280862,0.16552114486694336,49.80637754201889,1.660212584733963
14900,21,3.141155434984647e-05,0.4489280220629751,0.400610089302063,0.02587960660457611,0.23781901597976685,0.2012864351272583,0.051084648817777634,0.0,0.45073530947168666,17.511956214904785,0.7833433598279953,0.06045290946283124,0.08694217557256873,0.05569925960894166,0.21032150139481845,0.16596484184265137,49.89681877295176,1.6632272924317253
14920,21,3.118638509926956e-05,0.4369669277970407,0.36192506551742554,0.05418241024017334,0.31074708700180054,0.33642610907554626,0.06939750909805298,0.0,0.47716566175222397,17.540711482365925,0.7983395308256149,0.0773843586106192,0.09681187409230253,0.06191379129251635,0.23533371783030982,0.16638660430908203,49.96919158299764,1.6656397194332546
14940,21,3.096190337944252e-05,0.42764515047059043,0.295847088098526,0.033657751977443695,0.2663726806640625,0.2793452739715576,0.025034019723534584,0.0,0.4291317344953616,17.895774443944294,0.8001585006713867,0.06132664607668465,0.08181653222577139,0.05736590039503591,0.2194710748418319,0.1688697338104248,50.03491918643316,1.6678306395477718
14960,21,3.0738111417028716e-05,0.41876530661296385,0.24956336617469788,0.021731477230787277,0.16514885425567627,0.1615394651889801,0.03045646660029888,0.0,0.4457010217010975,17.755574941635132,0.7955594013134638,0.06394368460909887,0.08771763945167715,0.057018078993265095,0.21764194156805222,0.16870880126953125,50.09769484202067,1.669923161400689
14980,21,3.0515011431849708e-05,0.42025696914074057,0.25709402561187744,0.020442819222807884,0.18142277002334595,0.17923998832702637,0.07357554882764816,0.0,0.4628093571712573,17.79314088821411,0.8055638869603475,0.07328309042548592,0.09302694562145254,0.06428724324690517,0.24798331181095404,0.171797513961792,50.16179962555567,1.6720599875185225
15000,21,3.0292605636863164e-05,0.4271698033635104,0.27422288060188293,0.02433028444647789,0.1770804524421692,0.19678974151611328,0.016189612448215485,0.0,0.43930960757037,17.60212206840515,0.7971288313468298,0.05972890301861546,0.08608969453383576,0.05712644861672412,0.2203008399810642,0.1719377040863037,50.224716599782305,1.6741572199927437
15020,21,3.0070896238141134e-05,0.42166975813011986,0.18679893016815186,0.020798396319150925,0.2916508913040161,0.27624595165252686,0.03406357765197754,0.0,0.4517579786479473,17.708975315093994,0.7928426216046015,0.062476977621289814,0.08845713480629704,0.05872967183875682,0.22408300813880155,0.16820383071899414,50.29352795283,1.676450931761
15040,21,2.984988543484787e-05,0.4278890909837646,0.336843878030777,0.046750232577323914,0.17500656843185425,0.1854965090751648,0.03368997946381569,0.0,0.44984222824374837,17.548005660374958,0.785837377111117,0.06391372192989696,0.08774068883874199,0.05452131198729727,0.20686292881146073,0.1701498031616211,50.356364742914835,1.6785454914304945
15060,21,2.962957541921831e-05,0.4314028709015077,0.2700306177139282,0.019075818359851837,0.19330286979675293,0.1793573796749115,0.02009464055299759,0.0,0.43264135407904786,17.759239037831623,0.7918327699104944,0.06052289869297634,0.08182754452255639,0.05725539927979381,0.21935855596199294,0.1677401065826416,50.41967939138412,1.6806559797128042
15080,21,2.940996837653609e-05,0.4398569282675291,0.17802488803863525,0.013961045071482658,0.15330642461776733,0.18852154910564423,0.03099840320646763,0.0,0.48071205864350003,17.632875124613445,0.8042309780915579,0.07821024768054485,0.09895054843615401,0.06448864571178671,0.24578010580841114,0.16608238220214844,50.49069666862488,1.683023222287496
15100,22,2.9191066485111943e-05,0.43969839212501977,0.24143841862678528,0.023540427908301353,0.17729490995407104,0.20347023010253906,0.03000134415924549,0.0,0.4439266479263703,17.41868511835734,0.7873637775580088,0.05773787818510424,0.08728552829812873,0.052804298619528046,0.20089467981068249,0.31494784355163574,50.56150991121928,1.6853836637073094
15120,22,2.8972871916262253e-05,0.43524694544653236,0.2941109538078308,0.02776956930756569,0.21789824962615967,0.2524983882904053,0.015859559178352356,0.0,0.46950045786798,17.684528430302937,0.7960015336672465,0.0678765033795075,0.09551998913626779,0.05962725040841509,0.22665074114179748,0.1687006950378418,50.63640047709147,1.6878800159030491
15140,22,2.8755386834287203e-05,0.4427107676799187,0.30815666913986206,0.023485815152525902,0.28643399477005005,0.2549036145210266,0.022865844890475273,0.0,0.4089660483102004,17.869335412979126,0.793124203880628,0.05357190839607607,0.0751886164600199,0.05366176697795957,0.2050558082886379,0.16699790954589844,50.70331960916519,1.6901106536388397
15160,22,2.8538613396449648e-05,0.45291156107653113,0.25787949562072754,0.02793499454855919,0.2273595929145813,0.23605749011039734,0.013882950879633427,0.0,0.4497121373812358,17.98327891031901,0.8002687195936838,0.06384572810070081,0.08917358382181688,0.05866168876210312,0.22331001977859574,0.16732025146484375,50.76507795651754,1.6921692652172513
15180,22,2.8322553752953418e-05,0.444124551658366,0.2159549593925476,0.024975430220365524,0.21406131982803345,0.24341434240341187,0.026275914162397385,0.0,0.4436874178548654,18.049734751383465,0.8051048666238785,0.0620527703484351,0.08664629396728495,0.06006593641623939,0.23046105528589,0.16620755195617676,50.82698430220286,1.6942328100734287
15200,22,2.8107210046922232e-05,0.45655353955151895,0.3403361439704895,0.02814638242125511,0.20705735683441162,0.19779054820537567,0.05204174667596817,0.0,0.40568347834050655,17.732609669367474,0.8004556894302368,0.052725063933228906,0.07376038655638695,0.05392823973406022,0.20762514535718682,0.16853713989257812,50.88836847941081,1.6962789493136936
15220,22,2.7892584414378236e-05,0.4473932011001676,0.3060767948627472,0.02746339701116085,0.24111920595169067,0.24251632392406464,0.041787102818489075,0.0,0.4663956280176838,18.039339383443195,0.8098455667495728,0.07497081219811332,0.09388947190547531,0.06726970231234604,0.26072274770757015,0.16661763191223145,50.95607381661733,1.6985357938872443
15240,22,2.7678678984220978e-05,0.4403318819964037,0.34703272581100464,0.037819262593984604,0.26313358545303345,0.282335102558136,0.02855214849114418,0.0,0.41999254065255326,18.051088094711304,0.8052030752102534,0.05789984563704242,0.07835806728425351,0.05908396852133923,0.23030761488586327,0.16507315635681152,51.02027630805969,1.7006758769353232
15260,22,2.7465495878206233e-05,0.4333331358049849,0.2761523425579071,0.033153876662254333,0.29563599824905396,0.2876812517642975,0.08397705852985382,0.0,0.41197347082197666,18.095487515131634,0.8054764866828918,0.05622359289025718,0.07644721526991237,0.05876873202346773,0.23079455802640456,0.16798162460327148,51.08145698706309,1.702715232902103
15280,22,2.7253037210924908e-05,0.43075542697403824,0.3634127974510193,0.04051537811756134,0.2961137890815735,0.3456946313381195,0.05374502018094063,0.0,0.4264830561975638,17.75453766187032,0.7864469562967619,0.054522676139392635,0.08012118342925202,0.053255712999750605,0.2053353200899437,0.16895055770874023,51.14268149137497,1.704756049712499
15300,22,2.7041305089782072e-05,0.4255960101992751,0.18382854759693146,0.02002732641994953,0.25012677907943726,0.22869299352169037,0.02733462117612362,0.0,0.4131123498082161,18.33480628331502,0.8120316416025162,0.06280018710954623,0.07664393193342468,0.06201513435173018,0.24073798380876807,0.1667468547821045,51.20787024497986,1.7069290081659954
15320,23,2.6830301614976215e-05,0.44243635639787854,0.3293992280960083,0.023096680641174316,0.19024980068206787,0.23314087092876434,0.05803574621677399,0.0,0.4766764131685098,17.62202533086141,0.7925372372070948,0.06980503316630017,0.09687841946089809,0.058995129313023593,0.22213901141235096,0.16599130630493164,51.288274399439494,1.709609146647983
15340,23,2.6620028879478137e-05,0.4529244221619865,0.2786731719970703,0.029747335240244865,0.31739383935928345,0.3218819797039032,0.0650545209646225,0.0,0.4261385189990203,17.87545649210612,0.8000664462645849,0.05982516333460808,0.0800257587636059,0.05625967938579957,0.21411503017456693,0.16531085968017578,51.348980911572774,1.7116326970524258
15360,23,2.641048896901049e-05,0.4465818452462775,0.21826951205730438,0.013521596789360046,0.17836278676986694,0.16441050171852112,0.02213319018483162,0.0,0.4608666927864154,17.72949481010437,0.792772501707077,0.06577233161607926,0.09040461666882038,0.059231598399161485,0.2228719138709659,0.16659760475158691,51.40978544155757,1.7136595147185856
15380,23,2.6201683962026825e-05,0.4470433995585489,0.36512383818626404,0.03246437758207321,0.2990702986717224,0.29614317417144775,0.021689288318157196,0.0,0.42472693262000877,17.970146020253498,0.8016942938168844,0.05924575483765115,0.07970782995901325,0.05762467724641531,0.21911248020743104,0.16635608673095703,51.479762363433835,1.715992078781128
15400,23,2.5993615929691107e-05,0.4352866419052663,0.25135183334350586,0.022416485473513603,0.22966468334197998,0.20277754962444305,0.02978467382490635,0.0,0.4313919432461262,18.240189790725708,0.8166638513406118,0.07124746281822975,0.08295327484269034,0.06456658398383297,0.2509453655855561,0.1669764518737793,51.542181984583536,1.7180727328194512
15420,23,2.578628693585722e-05,0.42367799497017194,0.24389559030532837,0.01646832376718521,0.19539868831634521,0.17956118285655975,0.044367715716362,0.0,0.47372435436894494,17.512343168258667,0.7815926894545555,0.06911448025229303,0.09369324198500677,0.05872334933982612,0.22059354624202984,0.16612601280212402,51.609362777074175,1.7203120925691393
15440,23,2.5579699037048356e-05,0.4224809193801742,0.19749495387077332,0.021391702815890312,0.1799035668373108,0.19957566261291504,0.01890266314148903,0.0,0.4026908650994301,18.20639681816101,0.8149873266617457,0.06172330525111069,0.0725786957720464,0.06142158588309857,0.23568671101450242,0.16587591171264648,51.670095054308575,1.7223365018102859
15460,23,2.5373854282436745e-05,0.42902440325014046,0.29192233085632324,0.02522370219230652,0.202734112739563,0.23995843529701233,0.011739053763449192,0.0,0.46966420734922093,17.748834053675335,0.8047855198383331,0.0740635825151747,0.09260677393864501,0.06239011076765812,0.244067949750884,0.16622281074523926,51.73083231846491,1.7243610772821638
15480,23,2.516875471382323e-05,0.42176843687422677,0.27724722027778625,0.024123450741171837,0.24795305728912354,0.23913221061229706,0.029319023713469505,0.0,0.46990601035455865,17.342280785242718,0.7806278069814047,0.06664309108799155,0.09236571311273357,0.053731372116916726,0.2041602022998797,0.16690278053283691,51.79171660343806,1.7263905534479353
15500,23,2.4964402365617055e-05,0.4226814686996475,0.19607286155223846,0.018290385603904724,0.1824558973312378,0.20713011920452118,0.013038486242294312,0.0,0.4354776640733083,17.816394329071045,0.7968335896730423,0.06141581437127157,0.0835370622067289,0.05686317360695367,0.22148998470087958,0.16768121719360352,51.85262443224589,1.7284208144081963
15520,23,2.476079926481576e-05,0.42741746159366634,0.38860952854156494,0.03589082509279251,0.1865120530128479,0.1828947514295578,0.04622941091656685,0.0,0.4468498360365629,17.5616614818573,0.7871489028135935,0.0650036424737085,0.0858601661907001,0.05469027045447464,0.2095719508890232,0.16373682022094727,51.93188254833221,1.7310627516110737
15540,24,2.4557947430984878e-05,0.42058723656873576,0.18274971842765808,0.014623644761741161,0.1225060224533081,0.16600202023983002,0.06489390134811401,0.0,0.48034280352294445,17.64820122718811,0.7964741587638855,0.0737251088192517,0.09931159408932383,0.06133697095422328,0.23568154737056995,0.16676783561706543,52.00115951697032,1.7333719838990105
15560,24,2.4355848876238175e-05,0.4345049955851874,0.32296594977378845,0.019199104979634285,0.18713980913162231,0.18242952227592468,0.11382284015417099,0.0,0.44224919627110165,17.89126507441203,0.7982788036266962,0.06756920587610114,0.0870603138411587,0.05789218386317688,0.22406921000219882,0.1655416488647461,52.062228099505106,1.7354076033168369
15580,24,2.4154505605217388e-05,0.43161827431829297,0.28396397829055786,0.024206317961215973,0.1694883108139038,0.2010139673948288,0.02956688031554222,0.0,0.44856149268647033,17.6654318968455,0.7895590861638387,0.06444170660423962,0.08865528342060068,0.05464954797009176,0.20966629195027053,0.16487765312194824,52.12432503700256,1.7374775012334187
15600,24,2.3953919615072632e-05,0.43515123219179147,0.32864826917648315,0.022481827065348625,0.22029757499694824,0.22939300537109375,0.036707621067762375,0.0,0.4385782138754924,18.069496711095173,0.8076209326585134,0.06736631793054668,0.08684642621400682,0.06022598292011852,0.23318431092510847,0.16676020622253418,52.19156796932221,1.7397189323107403
15620,24,2.375409289544241e-05,0.4407334403656223,0.23996198177337646,0.026730697602033615,0.26328909397125244,0.24013760685920715,0.011167913675308228,0.0,0.4284373689442873,17.874420881271362,0.7924237201611201,0.0604601035063917,0.08177658305926756,0.05395048917324113,0.2079211455367675,0.16541624069213867,52.25874994198481,1.7419583313994937
15640,24,2.355502742843386e-05,0.44470218638841075,0.3723493218421936,0.03298482298851013,0.20074564218521118,0.19758491218090057,0.03614935278892517,0.0,0.43213770476480323,18.040472507476807,0.8069106290737788,0.06670227418230339,0.0852645483206619,0.058976321192775766,0.2296815018317747,0.1655135154724121,52.31955612103145,1.7439852040343815
15660,24,2.3356725188603264e-05,0.44522883710305605,0.21790321171283722,0.015095144510269165,0.13980436325073242,0.1802636981010437,0.039272233843803406,0.0,0.4237173491468032,17.88301420211792,0.7979162881771723,0.0610865691084076,0.08108473704619841,0.055077407842459666,0.21189067074605686,0.1650221347808838,52.38484828074773,1.7461616093582577
15680,24,2.315918814293627e-05,0.438996888514124,0.27266818284988403,0.016159359365701675,0.14987874031066895,0.1403646171092987,0.0317026749253273,0.0,0.4785172622650862,17.673416137695312,0.8022528340419134,0.08152907934378494,0.09761066700924527,0.0633724872710776,0.24378516867926175,0.16718006134033203,52.44585220416387,1.748195073472129
15700,24,2.296241825082846e-05,0.4360768220835452,0.20170465111732483,0.019808392971754074,0.16663533449172974,0.2247896045446396,0.056287504732608795,0.0,0.4421891402453184,18.161218961079914,0.8132206300894419,0.073694286105985,0.08630462202497503,0.06399551955242218,0.2482695093547756,0.16640067100524902,52.506519707043964,1.7502173235681322
15720,24,2.2766417464066007e-05,0.43848840407451084,0.2487541139125824,0.03199120610952377,0.29510194063186646,0.3023426830768585,0.05570460855960846,0.0,0.4607056441406409,17.755646149317425,0.8000596612691879,0.07106039292094382,0.09267022977159782,0.05969837761156007,0.22888848754916002,0.16465330123901367,52.59070919354757,1.7530236397849188
15740,25,2.257118772680613e-05,0.43586856088669407,0.19080400466918945,0.012849858030676842,0.15937447547912598,0.15648387372493744,0.04922690987586975,0.0,0.43369820279379684,18.123318592707317,0.8135073184967041,0.06810709165239875,0.08525693729858506,0.06175814467133023,0.24037935682149095,0.1650378704071045,52.66461549202601,1.7554871830675336
15760,25,2.2376730975558007e-05,0.43020766270508815,0.3461953103542328,0.02229967713356018,0.22015738487243652,0.23845860362052917,0.06247636303305626,0.0,0.4607417931159337,18.058397849400837,0.8212787359952927,0.08043522023680535,0.09373814367096532,0.06771400124787098,0.2682487822180106,0.1653745174407959,52.72478021383286,1.7574926737944285
15780,25,2.2183049139163378e-05,0.43071388176588077,0.1921839863061905,0.016042008996009827,0.21298223733901978,0.19679513573646545,0.015340841375291348,0.0,0.4087003090729316,18.075618902842205,0.8106543272733688,0.05933023125610568,0.077391174367883,0.05746382418675983,0.22576916100330313,0.16678953170776367,52.78702772458394,1.7595675908194648
15800,25,2.199014413877752e-05,0.4326773158696243,0.3196868896484375,0.021744102239608765,0.23232614994049072,0.24013814330101013,0.05524753779172897,0.0,0.48096082421640557,17.6010266939799,0.795905590057373,0.07419886363839562,0.09933844013986262,0.05971081021231261,0.2303336465371434,0.16516590118408203,52.847747246424355,1.761591574880812
15820,25,2.1798017887850235e-05,0.44121917984953535,0.23466011881828308,0.026425212621688843,0.24360930919647217,0.24920247495174408,0.039569828659296036,0.0,0.4091835270325343,18.040587186813354,0.8065394957860311,0.061547855507921086,0.07659191875295206,0.05688585926757448,0.22194731047122992,0.16512322425842285,52.91421018838882,1.7638070062796274
15840,25,2.1606672292106713e-05,0.43757204848774384,0.16221854090690613,0.01808863691985607,0.22978687286376953,0.24380603432655334,0.015448820777237415,0.0,0.47097216981152695,17.604058583577473,0.7930292437473933,0.07560721852562645,0.09519021356986328,0.05775041500931944,0.2224948949561539,0.16553068161010742,52.97434798876444,1.7658115996254815
15860,25,2.1416109249528826e-05,0.43536634974425764,0.31971049308776855,0.025693576782941818,0.21073424816131592,0.2425006628036499,0.008394671604037285,0.0,0.42675499245524406,18.244679768880207,0.8132395644982656,0.06729392758147283,0.08210483252663504,0.062453816189769314,0.24462056295438248,0.16626214981079102,53.03440866867701,1.7678136222892338
15880,25,2.1226330650336128e-05,0.4293266751216823,0.31424444913864136,0.02995235286653042,0.23344069719314575,0.2362910956144333,0.03865328058600426,0.0,0.37950615336497623,18.516098817189533,0.8276422023773193,0.05817269796336239,0.06835450621491129,0.06151657975913787,0.244301767448302,0.30938124656677246,53.101240241527556,1.770041341384252
15900,25,2.1037338376967155e-05,0.4346524616302857,0.19936402142047882,0.018367860466241837,0.18691271543502808,0.1923265904188156,0.029474252834916115,0.0,0.4235085044056177,18.247798919677734,0.8121062070131302,0.064015453342687,0.08174695311622186,0.06056499301551164,0.2350832357875664,0.1655745506286621,53.16243368387222,1.7720811227957407
15920,25,2.0849134304060847e-05,0.42833206219524894,0.23261131346225739,0.01818941906094551,0.20086944103240967,0.1948089301586151,0.01714935526251793,0.0,0.4393279515206814,17.982089201609295,0.8044171830018362,0.06540149026973681,0.08681681735271757,0.05690269416928376,0.2210759975608777,0.16515493392944336,53.23435922861099,1.7744786409536997
15940,25,2.0661720298437887e-05,0.4184804481629039,0.3611867129802704,0.04625379294157028,0.26308220624923706,0.22215060889720917,0.021199705079197884,0.0,0.4096960661311944,18.320941766103108,0.8139049013455709,0.06301101356406104,0.07689759600907564,0.05932129625051113,0.23126256531527775,0.16534757614135742,53.29531294902166,1.7765104316340552
15960,26,2.0475098219082078e-05,0.419914576904876,0.17022055387496948,0.017250310629606247,0.189531147480011,0.1911897361278534,0.010033858008682728,0.0,0.4335399841268857,17.91554848353068,0.7962584793567657,0.0619576344774528,0.08397126697342504,0.0555242532890671,0.21456968517635355,0.1653745174407959,53.36833200852076,1.7789444002840253
15980,26,2.0289269917122126e-05,0.4294039499358424,0.2763132154941559,0.02513224445283413,0.24066269397735596,0.2731395363807678,0.026543475687503815,0.0,0.4423899408429861,17.959113279978435,0.8036453425884247,0.06773086950521577,0.08752273818985983,0.058411951692753726,0.22658856915818018,0.1654834747314453,53.42912148237228,1.7809707160790762
16000,26,2.0104237235813035e-05,0.42048013884959945,0.24009467661380768,0.03284874185919762,0.264798104763031,0.31112343072891235,0.03058614954352379,0.0,0.4696494626502196,17.707287232081097,0.7982585976521174,0.07049999631602656,0.09585655379024419,0.0592042769157243,0.2283251263963228,0.16782331466674805,53.49019868373871,1.7830066227912902
16020,26,1.992000201051807e-05,0.4273836472208605,0.3247058391571045,0.038754843175411224,0.312042236328125,0.33057475090026855,0.0702640637755394,0.0,0.48301732043425244,17.60152014096578,0.7907487899065018,0.07270301556722684,0.09937165432016958,0.0578694389894901,0.22287449266084217,0.16523146629333496,53.55744315385819,1.7852481051286062
16040,26,1.9736566068690317e-05,0.43003498146194974,0.38784733414649963,0.04600539430975914,0.3320111036300659,0.32614314556121826,0.035462893545627594,0.0,0.4189678331216176,18.109541416168213,0.8078819861014684,0.06229030450975353,0.08050523359667171,0.05714396926024082,0.22403443500992248,0.16626501083374023,53.62509839534759,1.7875032798449197
16060,26,1.9553931229854734e-05,0.4362720629821681,0.3349897563457489,0.03630742430686951,0.24494820833206177,0.25157615542411804,0.05213666707277298,0.0,0.4786162134259939,17.706373532613117,0.8008348792791367,0.07554072759706866,0.09990495900538834,0.059029364931947464,0.22833709086460824,0.16538381576538086,53.686027483145395,1.7895342494381798
16080,26,1.937209930559001e-05,0.44187816289392895,0.24565106630325317,0.01926092430949211,0.17731082439422607,0.19247469305992126,0.01616399735212326,0.0,0.40115244189898175,18.01242796579997,0.8053378909826279,0.05883203328333118,0.07410064695233648,0.05394638002987697,0.21125194176354192,0.1652209758758545,53.74651265939077,1.7915504219796923
16100,26,1.9191072099510586e-05,0.43432280530423867,0.30000561475753784,0.0201057568192482,0.2416008710861206,0.2191298007965088,0.013982745818793774,0.0,0.4738177054872115,17.77439562479655,0.7958052754402161,0.07718248182738369,0.09663159425624392,0.06049588370263915,0.2359704339919104,0.16774368286132812,53.807064461708066,1.793568815390269
16120,26,1.9010851407248895e-05,0.4420371269153827,0.24438072741031647,0.023428477346897125,0.18624967336654663,0.19264362752437592,0.017214739695191383,0.0,0.436284168312947,17.95088267326355,0.7940610895554224,0.064115140163763,0.0836923744698817,0.05622471658650532,0.21971636640161954,0.16508698463439941,53.8742866675059,1.79580955558353
16140,26,1.8831439016437326e-05,0.4375101842903048,0.27353760600090027,0.033960532397031784,0.21709394454956055,0.2243739813566208,0.02721969410777092,0.0,0.4486715334157149,18.06683572133382,0.8090560287237167,0.07381054725159299,0.08920551421628757,0.06251215919936923,0.2459744562352584,0.1652679443359375,53.93485380013784,1.7978284600045946
16160,26,1.865283670669075e-05,0.4554375925632353,0.21510162949562073,0.030449166893959045,0.22803473472595215,0.23851768672466278,0.0332815982401371,0.0,0.47231067965428036,17.836703300476074,0.8055479178826014,0.07836173280057582,0.0967315783385526,0.06179981391654688,0.24314432599666444,0.16498351097106934,53.99566246271134,1.7998554154237112
16180,27,1.847504624958866e-05,0.4368189103009319,0.24760085344314575,0.036379098892211914,0.28403520584106445,0.33487462997436523,0.03141427040100098,0.0,0.43061800114810467,18.0393803914388,0.803528626759847,0.06759297026490624,0.0825085634873672,0.05797734601814723,0.2279837597796524,0.16916656494140625,54.061671455701195,1.8020557151900398
16200,27,1.8298069408657648e-05,0.4376956354174571,0.21187247335910797,0.02644069492816925,0.23825258016586304,0.24276918172836304,0.005925760604441166,0.0,0.46545230224728584,17.863428751627605,0.7994633366664251,0.07572604749690402,0.09371606370603497,0.059784195848888805,0.2330088797660375,0.16832780838012695,54.12222304741542,1.804074101580514
16220,27,1.8121907939354063e-05,0.4331471832664792,0.2442081719636917,0.022589726373553276,0.20411044359207153,0.2266254723072052,0.0242964718490839,0.0,0.43875529368718463,18.08254090944926,0.8042983561754227,0.06910449799827555,0.08540667991407892,0.05948247844406234,0.23232613580132072,0.16543316841125488,54.1897633711497,1.80632544570499
16240,27,1.794656358904633e-05,0.42932049067894734,0.3157782256603241,0.027798568829894066,0.20205074548721313,0.24434542655944824,0.055904656648635864,0.0,0.4290872278312842,18.211991945902508,0.8079682191212972,0.0684596003795212,0.08128664625639265,0.05995918494194153,0.23443402504463765,0.16687536239624023,54.25053567091624,1.8083511890305413
16260,27,1.777203809699791e-05,0.4477680605149578,0.45167630910873413,0.04222346469759941,0.3397284150123596,0.35336849093437195,0.07031279057264328,0.0,0.4561371275534232,17.82744224866231,0.7978875736395518,0.07105253230441701,0.0898934467272325,0.05870439461961558,0.22774307531389323,0.16835999488830566,54.31148869196574,1.810382956398858
16280,27,1.7598333194349752e-05,0.44738428892262433,0.3444327414035797,0.03290973976254463,0.2649659514427185,0.29088377952575684,0.020582418888807297,0.0,0.4364047671357791,18.067014455795288,0.8036263088385264,0.067928092723543,0.08364325812594457,0.058886981233213606,0.2304910917300731,0.16566991806030273,54.372580007712045,1.8124193335904015
16300,27,1.7425450604103425e-05,0.43997308400006646,0.30337899923324585,0.03594563528895378,0.2548680305480957,0.2520732879638672,0.042747534811496735,0.0,0.4830861451725165,17.615103165308636,0.7947324613730112,0.07770116644149477,0.09867460035126317,0.059645925164328546,0.2307112513279373,0.16514921188354492,54.43389545281728,1.814463181760576
16320,27,1.725339204110373e-05,0.43697818709645253,0.27230557799339294,0.01989990845322609,0.20099419355392456,0.22685134410858154,0.09253757447004318,0.0,0.45041160099208355,17.96063979466756,0.8031375110149384,0.07120754188773307,0.08837121902880343,0.06004441726095551,0.23507682183249431,0.16662240028381348,54.50417876640956,1.8168059588803185
16340,27,1.708215921202193e-05,0.43618030878004427,0.22634455561637878,0.018672343343496323,0.19561153650283813,0.20922523736953735,0.049877870827913284,0.0,0.4261682250847419,18.075353860855103,0.8026109089454015,0.06297954739156095,0.08214964920824225,0.05761249728278595,0.22458223748782818,0.1658785343170166,54.564912577470146,1.8188304192490048
16360,27,1.691175381533874e-05,0.44255471542302227,0.2996926009654999,0.028230223804712296,0.2685641646385193,0.2597399055957794,0.043376415967941284,0.0,0.44919906246165436,17.830726226170857,0.7970592727263769,0.06719074042683298,0.0899678540670059,0.05635165581902997,0.22015352970497173,0.16515445709228516,54.62575703064601,1.8208585676882003
16380,28,1.6742177541327383e-05,0.4263305501720905,0.20696961879730225,0.016604028642177582,0.16223794221878052,0.18134663999080658,0.05792601406574249,0.0,0.4483644086867571,17.82069691022237,0.8016037295262018,0.06721699974414977,0.09097423683851957,0.05750806899529628,0.22590689799240368,0.76584792137146,54.70090950727463,1.8233636502424877
16400,28,1.6573432072036934e-05,0.423454718621522,0.31572428345680237,0.02923419699072838,0.23068273067474365,0.21592944860458374,0.025753812864422798,0.0,0.4808529398093621,17.524308919906616,0.7915018598238627,0.06934442404996265,0.10084538432684811,0.0571768276991365,0.22094177041964774,0.16652631759643555,54.76624672810237,1.8255415576034122
16420,28,1.6405519081275667e-05,0.42997501804669286,0.2234010547399521,0.019701814278960228,0.2388438582420349,0.22202615439891815,0.029046680778265,0.0,0.42189764976501465,18.15780218442281,0.8114439249038696,0.06072937096045776,0.08261636983264577,0.05953505216166377,0.2344632416497916,0.1650843620300293,54.83323762019475,1.827774587339825
16440,28,1.62384402345943e-05,0.4295801040812985,0.2259209305047989,0.01678379252552986,0.20879948139190674,0.16852967441082,0.009576680138707161,0.0,0.4177910101910432,18.057291110356648,0.8082046459118525,0.059231029484759674,0.08151874267919497,0.05738588849040256,0.2255212199366228,0.16637301445007324,54.894109614690144,1.829803653823005
16460,28,1.6072197189269658e-05,0.4296631801789868,0.28593531250953674,0.027931127697229385,0.2688030004501343,0.24134677648544312,0.010363917797803879,0.0,0.47098627872765064,17.540976524353027,0.7915477106968561,0.07166210443458775,0.0965077882124619,0.05688458690366877,0.21996053481813183,0.16713571548461914,54.95459274848302,1.8318197582827673
16480,28,1.5906791594288098e-05,0.43344888682479055,0.29597681760787964,0.026519685983657837,0.24792206287384033,0.24061933159828186,0.015316158533096313,0.0,0.48996893875300884,17.388405402501423,0.7871556878089905,0.07829784415662289,0.10157282845201818,0.05724974212353118,0.2196732742330906,0.1714794635772705,55.01602588891983,1.833867529630661
16500,28,1.5742225090329164e-05,0.446651560493739,0.33193400502204895,0.03581082448363304,0.24624258279800415,0.28424951434135437,0.04188241809606552,0.0,0.46707678586244583,17.607818603515625,0.7929095129172007,0.0734451806850054,0.09519226815212857,0.056372680944729255,0.2187722791621292,0.18414616584777832,55.07786953846614,1.8359289846155378
16520,28,1.5578499309749436e-05,0.4367967936278176,0.2874061167240143,0.02160806581377983,0.16096729040145874,0.170343279838562,0.0144392354413867,0.0,0.4429034075389306,18.017099777857464,0.8065393467744192,0.07400491740554571,0.08769809022884477,0.06073590457460589,0.23804834303022784,0.16785717010498047,55.14755621751149,1.83825187391705
16540,28,1.541561587656615e-05,0.43656859047184154,0.22021041810512543,0.023282766342163086,0.28109508752822876,0.2783529460430145,0.05147833749651909,0.0,0.44051328177253407,17.957992871602375,0.8037772824366888,0.06753426265310157,0.08776498721404509,0.05900962166064842,0.23009691637178714,0.16881275177001953,55.20869178771973,1.8402897262573241
16560,28,1.5253576406441287e-05,0.4357442598073237,0.22540445625782013,0.024502646178007126,0.2748926877975464,0.29052188992500305,0.021515658125281334,0.0,0.4271324773629506,17.881139357884724,0.7976246277491251,0.06006680496714332,0.08334341255778616,0.0539643901469059,0.20890011005526918,0.17102575302124023,55.270447444915774,1.8423482481638591
16580,28,1.5092382506665385e-05,0.4349834800235154,0.20790894329547882,0.02630808763206005,0.2364640235900879,0.23337095975875854,0.005123645067214966,0.0,0.4141839196284612,18.195102135340374,0.8091238737106323,0.06324457106265155,0.0785523701289838,0.05711104050649076,0.22139668456194075,0.1775045394897461,55.333782919247945,1.8444594306415982
16600,29,1.4932035776141625e-05,0.4314385147558498,0.24710680544376373,0.0173187255859375,0.15533030033111572,0.14195005595684052,0.03260812535881996,0.0,0.43563759823640186,18.00888792673747,0.8045446972052256,0.0655675105411898,0.08561472095210444,0.058001794828504157,0.2230762026526711,0.7219934463500977,55.41599035660426,1.8471996785534752
16620,29,1.4772537805370128e-05,0.4386775653519464,0.28906843066215515,0.026097288355231285,0.1706559658050537,0.20076271891593933,0.062287043780088425,0.0,0.42974592993656796,17.81150484085083,0.7947504967451096,0.0590786189687523,0.08339662519706921,0.05361754719210281,0.20611041276292366,0.16734600067138672,55.485753961404164,1.8495251320468056
16640,29,1.4613890176431933e-05,0.44010302449672556,0.22131608426570892,0.017556939274072647,0.18439918756484985,0.16424137353897095,0.027267059311270714,0.0,0.43956347989539307,17.800830046335857,0.7974248876174291,0.06338781389323148,0.08716959269209341,0.05479625770187175,0.21122566163963216,0.1686232089996338,55.55005671580633,1.8516685571935443
16660,29,1.4456094462973502e-05,0.43662407250556223,0.2284661829471588,0.015319126658141613,0.14210182428359985,0.16084937751293182,0.03189669921994209,0.0,0.4507431077460448,17.62349017461141,0.7868879040082296,0.06478652836416256,0.08853754697536881,0.05364252990693785,0.2052397247806022,0.17137646675109863,55.613898293177286,1.8537966097725762
16680,29,1.4299152230191028e-05,0.42490622746406886,0.19902606308460236,0.028097745031118393,0.27936387062072754,0.31269583106040955,0.023272762075066566,0.0,0.455754269224902,17.6830632686615,0.7897230287392935,0.06602173196998509,0.09057165106589143,0.05532139905897731,0.21222627063451166,0.17377996444702148,55.68495533466339,1.856165177822113
16700,29,1.414306503481487e-05,0.4271472017864806,0.23329001665115356,0.02726125344634056,0.22307878732681274,0.2656676769256592,0.11952970921993256,0.0,0.41975548801322776,18.016159057617188,0.8012703706820806,0.059806515759026464,0.08058236640962688,0.05565219772027128,0.21545786192555996,0.17221784591674805,55.74947661161423,1.8583158870538077
16720,29,1.3987834425094226e-05,0.4304543334281349,0.22788725793361664,0.022085143253207207,0.18361741304397583,0.22082290053367615,0.0365850031375885,0.0,0.43889402225613594,18.0312442779541,0.803112064798673,0.06707773823291063,0.0863660132851113,0.05960034545172344,0.23021765918978912,0.16925668716430664,55.82397601604462,1.8607992005348206
16740,29,1.3833461940781655e-05,0.43631371924430873,0.21426686644554138,0.01667752116918564,0.18293720483779907,0.1965417116880417,0.036048565059900284,0.0,0.44738358942170936,17.97789390881856,0.8039671132961909,0.07039918564260006,0.0888239119879224,0.061330362487669016,0.23673654334958305,0.17104077339172363,55.88907624483109,1.8629692081610363
16760,29,1.3679949113117908e-05,0.4270543441180684,0.2863392233848572,0.028517182916402817,0.22776228189468384,0.2710460424423218,0.043766383081674576,0.0,0.45064254601796466,17.851375818252563,0.8025578260421753,0.06904169197448275,0.09097876196557825,0.05939363902805119,0.23013925296254456,0.17220067977905273,55.95761650800705,1.865253883600235
16780,29,1.352729746481664e-05,0.4329677772573893,0.32204699516296387,0.026346731930971146,0.21276402473449707,0.22092154622077942,0.013082552701234818,0.0,0.47019071131944656,17.66299835840861,0.7966868132352829,0.07119613471017643,0.09760909840803254,0.05787417078020305,0.22331892254508354,0.16920161247253418,56.02199142773946,1.8673997142579821
16800,29,1.3375508510049373e-05,0.4358723903432397,0.3675890862941742,0.023840121924877167,0.23290115594863892,0.25135165452957153,0.049965038895606995,0.0,0.41817971505224705,18.091392358144123,0.8059433947006861,0.06022249052131718,0.08083294120363214,0.05639184385125356,0.21997240581549704,0.16617560386657715,56.095097132523854,1.8698365710841285
16820,30,1.3224583754430497e-05,0.4331057574081271,0.3201960325241089,0.021750569343566895,0.15595221519470215,0.1906278133392334,0.06590650975704193,0.0,0.4406682873765628,18.05485200881958,0.8085583746433258,0.06768595698204907,0.08756724482571537,0.060093996247318995,0.23435878580097447,0.16669487953186035,56.18229028383891,1.872743009461297
16840,30,1.3074524695002225e-05,0.4379982880562312,0.2765699326992035,0.024122437462210655,0.1881314516067505,0.20546257495880127,0.011568722315132618,0.0,0.42484312628706294,17.952485243479412,0.7981257438659668,0.05900061655450951,0.08189726544713433,0.054599127393554554,0.21076614913445982,0.16825413703918457,56.24577658176422,1.8748592193921407
16860,30,1.2925332820219915e-05,0.4371677362978231,0.21856039762496948,0.017030855640769005,0.2884073257446289,0.23999546468257904,0.04670935869216919,0.0,0.43857374352713424,17.942095677057903,0.8007240444421768,0.06391800948503343,0.08670667685906995,0.05685134750092402,0.21963336267931896,0.1672992706298828,56.308402041594185,1.8769467347198063
16880,30,1.2777009609937117e-05,0.4201843664774332,0.27881404757499695,0.019274454563856125,0.17645800113677979,0.18687200546264648,0.032776761800050735,0.0,0.4327517735461394,17.98956608772278,0.8009343643983206,0.06362225132232363,0.08401161119003188,0.05822681768437509,0.22530158353038132,0.16768693923950195,56.36989080111186,1.8789963600370618
16900,30,1.2629556535391e-05,0.4172714493680766,0.21558235585689545,0.023501619696617126,0.209525465965271,0.23491869866847992,0.009079939685761929,0.0,0.4308529819051425,17.994126478830974,0.8013158440589905,0.06341251646253196,0.08373018481176007,0.05688923861651512,0.22006882879544387,0.16800165176391602,56.441726593176526,1.8813908864392175
16920,30,1.2482975059187817e-05,0.40441414573785506,0.24269862473011017,0.022591521963477135,0.2063148021697998,0.22097107768058777,0.02922854572534561,0.0,0.44449031415085,17.888397296269734,0.8003464589516321,0.06656558125872504,0.08836616524918513,0.057484496969581494,0.22141522116197104,0.1667032241821289,56.51207024256389,1.8837356747521294
16940,30,1.233726663528823e-05,0.42067162019140836,0.35858774185180664,0.03783043846487999,0.3147051930427551,0.3062777519226074,0.03847483918070793,0.0,0.45734458851317566,17.65358026822408,0.7894817491372427,0.0656324868852442,0.0918705528602004,0.0554478128535927,0.21290331820703365,0.1675412654876709,56.57313237984975,1.885771079328325
16960,30,1.2192432708993046e-05,0.41734542320033935,0.2707589268684387,0.030406441539525986,0.3029267191886902,0.29548364877700806,0.09732186794281006,0.0,0.43956152101357776,17.929115931193035,0.8010548104842504,0.06353894070806829,0.08719877077435906,0.05775973992157643,0.22360216159458188,0.16695642471313477,56.63518229325612,1.887839409775204
16980,30,1.2048474716928779e-05,0.4255968648353347,0.23856399953365326,0.020186087116599083,0.16337603330612183,0.1727203130722046,0.03147178515791893,0.0,0.433701920012633,17.795194307963055,0.7979662120342255,0.06150687833062627,0.08477149497378957,0.054164486143484035,0.20865784615108912,0.16798949241638184,56.696596614519756,1.889886553817325
17000,30,1.1905394087033465e-05,0.4368292392214048,0.2415473461151123,0.016227317973971367,0.13130313158035278,0.15302744507789612,0.006076836492866278,0.0,0.4375717459867398,17.852036873499554,0.8004751900831858,0.0613950862633911,0.08635517743162134,0.056061789591860194,0.21636923819526352,0.16732311248779297,56.75759493907292,1.8919198313024308
17020,30,1.1763192238542441e-05,0.4289680359217822,0.20788787305355072,0.02747003361582756,0.2539812922477722,0.22853295505046844,0.04646000266075134,0.0,0.4392373437682788,17.937293847401936,0.8039308935403824,0.0644903231242841,0.08657166903669183,0.0580455804778136,0.22421050059016456,0.16494464874267578,56.82449138959249,1.8941497129864162
17040,31,1.1621870581974313e-05,0.430914644490222,0.45021072030067444,0.04239026829600334,0.2940037250518799,0.26950621604919434,0.032919615507125854,0.0,0.4545893619457881,17.70498776435852,0.7924509346485138,0.0639219984242862,0.09098095285960218,0.056348549643933606,0.21642794534140689,0.16684842109680176,56.901019597053526,1.8967006532351176
17060,31,1.1481430519116985e-05,0.4309505115158819,0.25293293595314026,0.02127751335501671,0.19813013076782227,0.21791855990886688,0.02482319064438343,0.0,0.4472936646391948,17.75705607732137,0.7923334191242853,0.062383029609918594,0.08846779743378813,0.05577322325552814,0.2144723441345956,0.1661515235900879,56.96309871673584,1.898769957224528
17080,31,1.1341873443013663e-05,0.43587919508765993,0.2840421199798584,0.038630127906799316,0.3609907031059265,0.3540422320365906,0.06718622893095016,0.0,0.43678485540052253,17.933103402455647,0.8011422008275986,0.06384742378511211,0.08571438084949147,0.05715819030460394,0.22071567550301552,0.16910433769226074,57.02406165997187,1.9008020553323957
17100,31,1.1203200737949091e-05,0.4402334642165108,0.4154464900493622,0.030435612425208092,0.20683079957962036,0.2251402735710144,0.06898649036884308,0.0,0.4497365752855937,17.733155488967896,0.7967695593833923,0.06612344568764622,0.08992205534807661,0.05645955628080463,0.21679336746985262,0.16921687126159668,57.08543394009272,1.9028477980030907
17120,31,1.1065413779435884e-05,0.4386957720285326,0.21389636397361755,0.019059456884860992,0.17872005701065063,0.18664097785949707,0.024444740265607834,0.0,0.47347053450842697,17.510977904001873,0.789671058456103,0.06890261748974974,0.09741559489206834,0.05600983534929004,0.21372790588065982,0.1688082218170166,57.15840548674266,1.9052801828914219
17140,31,1.0928513934200728e-05,0.4292180187177627,0.29521897435188293,0.027630126103758812,0.2132365107536316,0.2257615625858307,0.02483237348496914,0.0,0.4336814706524213,17.99242917696635,0.8038622637589773,0.06322542163120075,0.08497570649805394,0.05805528732228347,0.2238137898120013,0.16697096824645996,57.22305854956309,1.9074352849854364
17160,31,1.0792502560171026e-05,0.4290545226680172,0.3021138608455658,0.02770029753446579,0.24925565719604492,0.23563914000988007,0.05184823274612427,0.0,0.4430864651997884,17.83644151687622,0.7992646743853887,0.06450091497125951,0.08769891766661947,0.057258076701228594,0.22052076149901206,0.17072081565856934,57.29290123383204,1.909763374461068
17180,31,1.0657381006461249e-05,0.42420746940028453,0.3052205443382263,0.028181057423353195,0.2395809292793274,0.19903388619422913,0.03548373281955719,0.0,0.4544158211598794,17.78110909461975,0.7991076161464056,0.0685055788437074,0.09119712781499732,0.05901908448537473,0.22761088249866257,0.16525697708129883,57.36221960783005,1.9120739869276682
17200,31,1.0523150613359606e-05,0.4267519083609147,0.2932784855365753,0.0208745114505291,0.1409267783164978,0.13119570910930634,0.01699698530137539,0.0,0.4351580844571193,17.90401228268941,0.801461304227511,0.06296683936803178,0.08537431806325912,0.05740218137560243,0.2211981113703752,0.16590094566345215,57.427198282877605,1.914239942762587
17220,31,1.0389812712314845e-05,0.42730818138225574,0.21138930320739746,0.02673860266804695,0.22530287504196167,0.21276739239692688,0.008745518513023853,0.0,0.4355914232631524,17.845053672790527,0.7997349699338278,0.06125906143676151,0.08562937277284535,0.056042356162585995,0.21565972034692427,0.16663312911987305,57.49800991614659,1.9166003305382198
17240,32,1.0257368625922904e-05,0.431022332446133,0.2676413655281067,0.030939307063817978,0.2736967206001282,0.28084665536880493,0.029945285990834236,0.0,0.46778394157687825,17.70674745241801,0.8000925332307816,0.07090510902079669,0.09615822568197142,0.05937964255942709,0.22822368197905069,0.16635727882385254,57.573409871260324,1.9191136623753442
17260,32,1.012581966791389e-05,0.4334658238011703,0.1958341896533966,0.024166341871023178,0.26623761653900146,0.24978671967983246,0.030094783753156662,0.0,0.46163986064493656,17.79335864384969,0.8005559245745341,0.07138169099661437,0.09364477968351408,0.06002002686198631,0.23132997933267194,0.16518878936767578,57.63771071434021,1.9212570238113402
17280,32,9.99516714313902e-06,0.4295142541822529,0.19280590116977692,0.028134185820817947,0.26327449083328247,0.26349449157714844,0.010906161740422249,0.0,0.45237941791613895,17.836198409398396,0.7989168018102646,0.06695072860880331,0.09080779882655902,0.05834663268019953,0.22396676428616047,0.1654982566833496,57.703760302066804,1.9234586767355601
17300,32,9.865412347557603e-06,0.4266619022298728,0.2894328534603119,0.02165268361568451,0.22467148303985596,0.25525161623954773,0.03947490453720093,0.0,0.4468348224957784,17.84805949529012,0.7983524600664774,0.06550409467044202,0.08895443185147914,0.057267948405668984,0.21900770800526848,0.16543221473693848,57.76678277254105,1.9255594257513682
17320,32,9.736556568224383e-06,0.4266020443303141,0.22591882944107056,0.028987674042582512,0.2586425542831421,0.2896239161491394,0.04455463960766792,0.0,0.44138832824925583,17.809869448343914,0.7972136388222376,0.06331706986847249,0.0872382175346667,0.05520112698220394,0.21158260507085783,0.16520953178405762,57.840145111083984,1.928004837036133
17340,32,9.608601083276514e-06,0.42151860744457126,0.25686943531036377,0.024216793477535248,0.24191194772720337,0.22990427911281586,0.06366579234600067,0.0,0.4418810283144315,17.70535175005595,0.7909910281499227,0.06045256021686576,0.08688746697523377,0.05337424070140431,0.20441963720474055,0.16620159149169922,57.96642433007558,1.9322141443358527
17360,32,9.481547161921123e-06,0.4247262650886634,0.21372103691101074,0.015315714292228222,0.12627887725830078,0.15772782266139984,0.010657865554094315,0.0,0.4466530488183101,17.753368616104126,0.7936247140169144,0.06223643799735741,0.08894619768993421,0.054968837241176516,0.2100991754665632,0.16653013229370117,58.029193445046744,1.9343064481682248
17380,32,9.355396064422506e-06,0.43169815891597746,0.20088626444339752,0.020887330174446106,0.15719330310821533,0.17315003275871277,0.07037407904863358,0.0,0.41084472586711246,18.03247944513957,0.8044231881697973,0.05765506921505386,0.07756518835032528,0.05552355463838798,0.21339331023310396,0.16570520401000977,58.09138744274775,1.9363795814249252
17400,32,9.230149042089815e-06,0.4235803930675636,0.2803787887096405,0.02749139629304409,0.2377018928527832,0.20762746036052704,0.030667204409837723,0.0,0.43511954074104625,17.888882398605347,0.7981243431568146,0.06207950548692183,0.08456893409179016,0.05670186344915154,0.21704592839391393,0.16693902015686035,58.15836002031962,1.9386120006773206
17420,32,9.105807337264563e-06,0.42581745474558613,0.18204252421855927,0.0111760925501585,0.1449350118637085,0.14670197665691376,0.01773292012512684,0.0,0.45734074028829735,17.806479056676228,0.7995322297016779,0.06676967001774094,0.09233372717757117,0.058556675947990945,0.22401735677637838,0.1653454303741455,58.2263864159584,1.9408795471986136
17440,32,8.98237218330822e-06,0.42509819566951573,0.21993054449558258,0.015684325248003006,0.16925793886184692,0.18904957175254822,0.036212459206581116,0.0,0.45288603256146115,17.788846254348755,0.8014996399482092,0.06375493574887514,0.09133181229911068,0.057391032637414435,0.2193633993791247,0.16682124137878418,58.28950936396917,1.9429836454656388
17460,33,8.859844804590139e-06,0.41067814835677086,0.20569542050361633,0.02018503099679947,0.20198756456375122,0.20052680373191833,0.043540433049201965,0.0,0.44454542609552544,17.880603790283203,0.8054010023673376,0.06326342509551482,0.08867644086818803,0.05805244419818998,0.22285095968453045,0.16536879539489746,58.36953284740448,1.9456510949134826
17480,33,8.738226416475314e-06,0.408453700528341,0.22470860183238983,0.02926957607269287,0.2552293539047241,0.25382155179977417,0.012336362153291702,0.0,0.4312483270963033,17.937726736068726,0.8040548115968704,0.061492069539698685,0.08374504711140286,0.057362550284861674,0.21996365904554047,0.16530585289001465,58.430646407604215,1.9476882135868072
17500,33,8.617518225312308e-06,0.4076839322761328,0.34950101375579834,0.033599041402339935,0.2519605755805969,0.2590641975402832,0.024121439084410667,0.0,0.4540344160050154,17.75039251645406,0.7988976736863455,0.06710152344947512,0.0909253354607658,0.05771341721199199,0.21994644941084765,0.1674971580505371,58.493558979034425,1.9497852993011475
17520,33,8.497721428421368e-06,0.4121459268339379,0.2764413058757782,0.014417232945561409,0.13165074586868286,0.121163010597229,0.043912503868341446,0.0,0.4521266569693883,17.671154499053955,0.7928575128316879,0.06448115069757808,0.08956710071387616,0.0560115584124684,0.21325227535668423,0.1660475730895996,58.562217370669046,1.952073912355635
17540,33,8.378837214082466e-06,0.4085387276179706,0.25237157940864563,0.034913353621959686,0.31153374910354614,0.2948712408542633,0.016045672819018364,0.0,0.4638691333432992,17.559956073760986,0.7907729893922806,0.06540777999907732,0.09373621337793091,0.05541161803359335,0.21020721203901552,0.16584324836730957,58.62338679234187,1.9541128930780622
17560,33,8.260866761523602e-06,0.41932406113233817,0.2919488251209259,0.037083011120557785,0.2626281976699829,0.2754053771495819,0.023282721638679504,0.0,0.4508723144729932,17.6425883769989,0.7928448667128881,0.061885309405624866,0.08962552308697593,0.0548790907302067,0.20865487942302768,0.16807770729064941,58.68436309893926,1.9561454366313087
17580,33,8.143811240908989e-06,0.4188059228998559,0.20913565158843994,0.016333261504769325,0.1758744716644287,0.16353346407413483,0.05725334584712982,0.0,0.455685301994284,17.63733410835266,0.7937534948190054,0.06288659318604252,0.09135879610072482,0.05586927012138238,0.21219670186242598,0.16867613792419434,58.74599222342173,1.9581997407807243
17600,33,8.027671813327524e-06,0.42084030490788543,0.24793599545955658,0.015380552038550377,0.09638208150863647,0.14059308171272278,0.04614890739321709,0.0,0.4288048514475425,17.87095332145691,0.8008509278297424,0.059374125505035576,0.082725097425282,0.05555436409353702,0.21123410651290958,0.16630029678344727,58.8083708802859,1.9602790293428634
17620,33,7.912449630781327e-06,0.4292505369434569,0.24332047998905182,0.01735900156199932,0.1881951093673706,0.2268284559249878,0.025172630324959755,0.0,0.4431677882870038,17.78593873977661,0.8011361608902613,0.06184898206794804,0.08803976335647432,0.05630945970452475,0.21403183347799562,0.17002010345458984,58.883585794766745,1.9627861931588915
17640,33,7.798145836174151e-06,0.43723043131318307,0.18989823758602142,0.021478448063135147,0.2589871287345886,0.24883274734020233,0.037795379757881165,0.0,0.441499313339591,17.821309963862102,0.801951065659523,0.06128129803321578,0.08760399235920473,0.05661497756426053,0.21576183471320706,0.1703484058380127,58.951153997580214,1.965038466586007
17660,33,7.684761563300217e-06,0.4328543670557459,0.2324092835187912,0.02249622344970703,0.19399750232696533,0.2099185585975647,0.012951514683663845,0.0,0.4464790150523186,17.592005888621014,0.7910065253575643,0.060302735221656883,0.0878354896875945,0.053140238178788095,0.20133386217904362,0.16605854034423828,59.015256122748056,1.967175204091602
17680,34,7.572297936832822e-06,0.43417185505882455,0.2863684296607971,0.023866742849349976,0.2249894142150879,0.2507791519165039,0.051466211676597595,0.0,0.4480454580237468,17.61793653170268,0.7929091801246008,0.06193636925044385,0.08870797003196045,0.053335044847864825,0.2028025276535614,0.17646193504333496,59.09478518168132,1.9698261727227104
17700,34,7.460756072313294e-06,0.4466986768568662,0.3650142550468445,0.04303216189146042,0.31150561571121216,0.3339925706386566,0.03034077025949955,0.0,0.4379558364550273,17.74328589439392,0.7960374106963476,0.06049713196063584,0.08590458562089638,0.053742660929194906,0.20524354331957345,0.16693615913391113,59.158377186457315,1.9719459062152438
17720,34,7.350137076139892e-06,0.43086552034373576,0.2767888903617859,0.027546819299459457,0.27012407779693604,0.26003825664520264,0.006516947411000729,0.0,0.4410601481795311,17.74271233876546,0.7941829214493433,0.06039074029434811,0.08675503671507943,0.05410796499662948,0.20635442543690177,0.1871480941772461,59.23137996594111,1.974379332198037
17740,34,7.240442045556801e-06,0.4234036043275387,0.28745606541633606,0.021851947531104088,0.22299379110336304,0.21488526463508606,0.03759589418768883,0.0,0.4458432576308648,17.715514421463013,0.7932801445325216,0.0630364032800902,0.08802350229499015,0.05446214828671972,0.20752229264260016,0.1695568561553955,59.29830305576324,1.9766101018587747
17760,34,7.13167206864327e-06,0.4218860588164463,0.24579863250255585,0.014780448749661446,0.14147251844406128,0.14387202262878418,0.024348223581910133,0.0,0.457772608846426,17.696754058202107,0.7964282880226771,0.06598229757086797,0.092837965877896,0.05568837839051743,0.21243971592577343,0.17104673385620117,59.368108602364856,1.978936953412162
17780,34,7.023828224302848e-06,0.42325169976063043,0.31744226813316345,0.025594625622034073,0.17581629753112793,0.21288013458251953,0.011717756278812885,0.0,0.44783499650657177,17.838861385981243,0.803260420759519,0.06363710210743276,0.09034078551287,0.057189108864721755,0.21958523675460706,0.17447495460510254,59.446298952897386,1.981543298429913
17800,34,6.9169115822525984e-06,0.41894078180389044,0.20475594699382782,0.030311858281493187,0.25893205404281616,0.2951604723930359,0.022405069321393967,0.0,0.4294902831315994,18.003522475560505,0.8056249270836512,0.06020608984611251,0.0839875444600528,0.057078382415718144,0.21973946724425664,0.192549467086792,59.51164861122767,1.9837216203742558
17820,34,6.810923203012639e-06,0.41639781139325543,0.21816019713878632,0.01648087054491043,0.19553542137145996,0.19414113461971283,0.014184573665261269,0.0,0.41227121092379093,18.24846426645915,0.8120691726605097,0.06045590417290276,0.07835414768619971,0.058742866713807664,0.22644572853195397,0.1669635772705078,59.59443053801854,1.9864810179339514
17840,34,6.705864137895416e-06,0.41270248621515876,0.21665924787521362,0.02075018733739853,0.24930965900421143,0.21863630414009094,0.043776895850896835,0.0,0.4310465802748998,18.116254965464275,0.8104091286659241,0.06523073142902418,0.08471134575930508,0.06001824305646799,0.2316245598168197,0.17208600044250488,59.66127082109451,1.9887090273698171
17860,34,6.601735428995481e-06,0.42250180955037053,0.25153300166130066,0.02237812802195549,0.2385963797569275,0.2497200220823288,0.04129524528980255,0.0,0.4245559722185135,18.194702625274658,0.8130798985560735,0.06393208659508011,0.0829704429276965,0.060227738203883004,0.23303758122280918,0.16653728485107422,59.746050119400024,1.9915350039800008
17880,35,6.4985381091790075e-06,0.4300923844875729,0.23214314877986908,0.02738211676478386,0.25295621156692505,0.29558345675468445,0.06102769821882248,0.0,0.43326646524171036,18.05387274424235,0.8095213969548544,0.06395081396807324,0.08596832635389133,0.05879966558528726,0.22708256656981327,0.16673684120178223,59.816263274351755,1.9938754424783918
17900,35,6.396273202073604e-06,0.4293411745454489,0.3132609724998474,0.023047350347042084,0.18842178583145142,0.17713835835456848,0.008550722151994705,0.0,0.4565679505467415,17.727614323298138,0.798602024714152,0.0653245687823404,0.09283913147043098,0.056223162629810926,0.2153136437885802,0.16713690757751465,59.88173023064931,1.9960576743549772
17920,35,6.294941722058203e-06,0.44358257938959783,0.2549974322319031,0.019029002636671066,0.17801260948181152,0.173885315656662,0.05315419286489487,0.0,0.4561539515852928,17.590226888656616,0.7896101574103037,0.062088030983101235,0.09206174601885406,0.05315409417380579,0.2032777132805098,0.1685023307800293,59.95404365460078,1.998468121820026
17940,35,6.1945446742528645e-06,0.42960719420731824,0.3063614070415497,0.022681638598442078,0.24275672435760498,0.2435835301876068,0.056065429002046585,0.0,0.4461454718063275,17.705475012461346,0.792956992983818,0.06073962634598667,0.08897298176518896,0.05342392497484318,0.2050555381627584,0.16599464416503906,60.01828093131383,2.000609364377128
17960,35,6.0950830545090075e-06,0.4233662351996543,0.2478969693183899,0.02449159324169159,0.24964070320129395,0.2746143937110901,0.0258060060441494,0.0,0.4301818963140249,17.88170051574707,0.7994239081939062,0.05993355971507051,0.08384100923484022,0.05440606424235739,0.20912542003630238,0.16727042198181152,60.08972521622976,2.002990840540992
17980,35,5.996557849399328e-06,0.4346240439300685,0.3091225028038025,0.022422363981604576,0.1568581461906433,0.17552733421325684,0.043494418263435364,0.0,0.43344050211211044,17.93017888069153,0.8039871056874593,0.0616949460553852,0.08545258565043862,0.055942664981227026,0.21551439703696154,0.17447137832641602,60.15477668046951,2.005159222682317
18000,35,5.8989700362081184e-06,0.43440284160949594,0.26465386152267456,0.033740073442459106,0.29768431186676025,0.32172054052352905,0.09302321076393127,0.0,0.44760721797744435,17.797577778498333,0.8001452932755152,0.06410183105617762,0.08985464969141917,0.05604019661867907,0.21542616266841916,0.17087721824645996,60.231464052200316,2.007715468406677
18020,35,5.802320582921605e-06,0.42001921721430996,0.23858335614204407,0.014738510362803936,0.14334672689437866,0.17824344336986542,0.043219372630119324,0.0,0.4409840752681096,17.857069889704388,0.8021315435568491,0.06385726540942084,0.08786438930441033,0.056271671724971384,0.21733024684627625,0.18114686012268066,60.30497186978658,2.010165728992886
18040,35,5.706610448218235e-06,0.434567671959906,0.3962275981903076,0.03266478329896927,0.19068151712417603,0.24152037501335144,0.08451535552740097,0.0,0.45793014330168563,17.734591722488403,0.799329549074173,0.06703994194553657,0.09343822774561969,0.05646502355177125,0.21738118003122509,0.1658012866973877,60.39062656958898,2.013020885652966
18060,35,5.611840581459311e-06,0.42248229667050125,0.23332788050174713,0.017681419849395752,0.2061731219291687,0.22035038471221924,0.02790963277220726,0.0,0.46964771921435994,17.539522647857666,0.7901125550270081,0.06631846963004633,0.0964717214757746,0.05410761239843189,0.20714938536879013,0.16666960716247559,60.45257998307546,2.0150859994358488
18080,35,5.518011922679402e-06,0.4263032235024649,0.2940711975097656,0.030434507876634598,0.2573789358139038,0.26324576139450073,0.04038689658045769,0.0,0.4474895838648081,17.77580412228902,0.7982169439395269,0.06305770982395519,0.08955146956511519,0.055312455115861005,0.213040506107394,0.16884589195251465,60.51456574598948,2.0171521915329826
18100,36,5.425125402577196e-06,0.41480226288935806,0.26596784591674805,0.0319707915186882,0.2468377947807312,0.26344776153564453,0.014698607847094536,0.0,0.4363990432272355,17.990962982177734,0.807093545794487,0.0638789873231541,0.08660978866233067,0.058586239309409975,0.22676743945868855,0.17315268516540527,60.595187556743625,2.0198395852247875
18120,36,5.333181942506165e-06,0.4294918344030789,0.3075126111507416,0.03134472668170929,0.26927071809768677,0.2592576742172241,0.01507483795285225,0.0,0.4350284766405821,17.97567542394002,0.8061069746812185,0.06299104253676804,0.08634072432125156,0.058201704155759544,0.22508460727774285,0.17113995552062988,60.66929376920064,2.022309792306688
18140,36,5.242182454465388e-06,0.41889934692655095,0.2260030210018158,0.028838738799095154,0.24212700128555298,0.23978476226329803,0.0319826640188694,0.0,0.44753205962479115,17.805344422658283,0.8013517459233602,0.06407174976034598,0.09021759160201658,0.056788608122257174,0.218435360732573,0.17331314086914062,60.73325604597728,2.0244418681992427
18160,36,5.152127841090646e-06,0.4219690472932278,0.3458935022354126,0.0358041375875473,0.2633315324783325,0.2643267512321472,0.08474687486886978,0.0,0.4503465636322896,17.731265942255657,0.7970429956912994,0.06387703281573275,0.09034306200390513,0.055619486377426336,0.21328746669248425,0.1686708927154541,60.80528121391932,2.026842707130644
18180,36,5.0630189956453375e-06,0.41456679510219174,0.3046744167804718,0.038418032228946686,0.2562239170074463,0.27851662039756775,0.06422901898622513,0.0,0.4538153409957886,17.71014181772868,0.797186036904653,0.06599926118823615,0.09121345474638722,0.056455726886104625,0.2163001996549693,0.16630768775939941,60.87815873622894,2.029271957874298
18200,36,4.974856802011647e-06,0.4305731269853635,0.2835961878299713,0.024463605135679245,0.1947585940361023,0.1823776662349701,0.034204479306936264,0.0,0.44183265541990596,17.899748245875042,0.8052312682072321,0.06574774982238357,0.08800839954479174,0.058770305035233665,0.22614152638495646,0.16752219200134277,60.94047590494156,2.0313491968313855
18220,36,4.887642134681873e-06,0.4314816941053485,0.32734915614128113,0.03211353346705437,0.1629975438117981,0.18853670358657837,0.050003647804260254,0.0,0.4400285830100377,17.889366547266643,0.8049582242965698,0.06425836250524629,0.08755347234281627,0.058361273708710956,0.22435053598813035,0.16622328758239746,61.01230260531108,2.0337434201770357
18240,36,4.801375858749584e-06,0.41377340570152626,0.20869414508342743,0.017145439982414246,0.18889117240905762,0.21476012468338013,0.03237712383270264,0.0,0.4282185820241769,17.96354333559672,0.8067507892847061,0.061898718334057114,0.08381128937683323,0.05746294589004141,0.22134750488806854,0.16695404052734375,61.08161302407583,2.0360537674691943
18260,36,4.71605882990122e-06,0.4154274038417998,0.2711805999279022,0.02613179013133049,0.23073506355285645,0.22213894128799438,0.026886185631155968,0.0,0.43202507495880127,17.90904386838277,0.8033940196037292,0.06113162569024346,0.08454918675124645,0.05691756695688872,0.21854230295866728,0.16988921165466309,61.14351589282354,2.0381171964274514
18280,36,4.63169189440744e-06,0.4188348404083645,0.3614780306816101,0.03161097317934036,0.28084635734558105,0.2953338325023651,0.03287551924586296,0.0,0.43745846177140874,17.910675287246704,0.8027729938427607,0.06265510305423629,0.08611513792791149,0.05781412691364742,0.22195952080867506,0.16748285293579102,61.20507839918137,2.0401692799727122
18300,36,4.548275889114844e-06,0.4193215927059477,0.27133598923683167,0.02672034129500389,0.2833983898162842,0.24351921677589417,0.022403135895729065,0.0,0.44156769663095474,17.861454089482624,0.8007083435853323,0.06420492948117582,0.08703584630380977,0.05759517928924073,0.22075493800961835,0.16704845428466797,61.26986469825109,2.042328823275036
18320,37,4.46581164143763e-06,0.41621723462613897,0.190718412399292,0.02430831454694271,0.23732858896255493,0.24766942858695984,0.05174577236175537,0.0,0.4369021337479353,17.871439218521118,0.8010377834240595,0.06288435564122417,0.0859136309644038,0.05669951101563955,0.21788762185976587,0.16556262969970703,61.35857485930125,2.045285828643375
18340,37,4.384299969349376e-06,0.4201215239333883,0.2910488545894623,0.029461070895195007,0.3078833222389221,0.3173412084579468,0.027383504435420036,0.0,0.4489295979340871,17.795344829559326,0.7996421555678049,0.06441393579271706,0.09016139449721033,0.0570183509526859,0.21891674371859568,0.16684436798095703,61.42039333581924,2.047346444527308
18360,37,4.303741681374953e-06,0.4260423787506662,0.3328213691711426,0.024806639179587364,0.22894757986068726,0.23503093421459198,0.05448493734002113,0.0,0.4483568736662467,17.79653986295064,0.7991139143705368,0.06359210661189123,0.09004636870866473,0.05671953918698074,0.21781054056588223,0.16785264015197754,61.48307614326477,2.049435871442159
18380,37,4.2241375765824875e-06,0.4298803183262782,0.21791388094425201,0.024089163169264793,0.22141367197036743,0.22783534228801727,0.024815496057271957,0.0,0.45615443401038647,17.686115662256878,0.7961035271485647,0.06411352643573826,0.09265664914114909,0.055808783225736326,0.2139464111533016,0.16791319847106934,61.54484618107478,2.0514948727024924
18400,37,4.1454884445754085e-06,0.41749095671300007,0.2708307206630707,0.024829521775245667,0.20708060264587402,0.2065088152885437,0.09124099463224411,0.0,0.45717625816663104,17.645671208699543,0.7938840637604395,0.06359315443445336,0.0928918793797493,0.05486698077716441,0.2102873803709041,0.16988277435302734,61.61336276133855,2.0537787587112852
18420,37,4.067795065484718e-06,0.42408001208261564,0.19680266082286835,0.01708969660103321,0.18017703294754028,0.22270910441875458,0.03756246343255043,0.0,0.44264641714592773,17.82140835126241,0.7999679197867712,0.062237540344623005,0.08848821727389639,0.055932922071819616,0.21526764273982157,0.16675901412963867,61.68568340937296,2.056189446979099
18440,37,3.991058209961088e-06,0.4154529652820652,0.28356999158859253,0.028258664533495903,0.18189287185668945,0.21306650340557098,0.039082180708646774,0.0,0.44131831762691337,17.868669986724854,0.8018998006979624,0.06320883917876265,0.08817259747196328,0.0569028689880559,0.2190743183336136,0.17480826377868652,61.74994924863179,2.0583316416210597
18460,37,3.915278639167375e-06,0.4249620193812136,0.19887775182724,0.016053205356001854,0.15385979413986206,0.15395371615886688,0.07418140023946762,0.0,0.450951740766565,17.781382004419964,0.7993751962979635,0.06485402465543964,0.09141634082929655,0.056438970466842875,0.2166414544917643,0.1677837371826172,61.81711266040802,2.0605704220136007
18480,37,3.840457104770998e-06,0.44227805238514134,0.3291443884372711,0.03913593292236328,0.3585016131401062,0.3507044315338135,0.01813601329922676,0.0,0.44460334194203216,17.799524068832397,0.8013394673665365,0.06331299533220855,0.08957769154486331,0.0561983596813992,0.21632914264178413,0.16724944114685059,61.883760678768155,2.0627920226256053
18500,37,3.766594348936465e-06,0.42454332694884644,0.29543769359588623,0.022116243839263916,0.19576364755630493,0.21222659945487976,0.028801845386624336,0.0,0.4342688663552205,17.870529969533283,0.8034011820952097,0.06181181950325316,0.08617904799228365,0.05606855881474489,0.21610560251230543,0.1697402000427246,61.95161474943161,2.0650538249810535
18520,38,3.6936911043180564e-06,0.4291245147166319,0.31013190746307373,0.025027936324477196,0.2819675803184509,0.2945517897605896,0.06304183602333069,0.0,0.42585555526117486,17.941808938980103,0.8058628439903259,0.06034675638445399,0.08359486685896461,0.05608469315550544,0.21628935357809745,0.16897201538085938,62.02597356637319,2.06753245221244
18540,38,3.6217480940524955e-06,0.42536201174362526,0.22722667455673218,0.015933915972709656,0.14560335874557495,0.15578103065490723,0.014196226373314857,0.0,0.4225272946059704,17.996269782384235,0.8071752041578293,0.059826873666183514,0.08250961833718148,0.05638379167596048,0.21740790699947288,0.16592955589294434,62.09014442761739,2.06967148092058
18560,38,3.5507660317518934e-06,0.4241234281039331,0.24393612146377563,0.021480074152350426,0.227230966091156,0.21649496257305145,0.05340123176574707,0.0,0.4293156924347083,17.946303606033325,0.8055839091539383,0.06084938559003852,0.08463653447953137,0.05674793068795803,0.21858785053799776,0.1674027442932129,62.16565555334091,2.072188518444697
18580,38,3.48074562149651e-06,0.426916348197742,0.3244752883911133,0.019794194027781487,0.2054903507232666,0.22402916848659515,0.10322614014148712,0.0,0.43079203243056935,17.911430438359577,0.8036460181077322,0.06029461425813762,0.08486727388067679,0.055995706434425134,0.21557063899341633,0.16580748558044434,62.22994269927343,2.0743314233091144
18600,38,3.411687557827887e-06,0.4419470318879125,0.2735309898853302,0.02569008618593216,0.27617722749710083,0.2941209077835083,0.03004590794444084,0.0,0.4340398721396923,17.862521092096966,0.8012211372454962,0.06046270401301709,0.08556930356743661,0.05520605271290564,0.21240896843797105,0.1686387062072754,62.29441323280334,2.076480441093445
18620,38,3.3435925257419512e-06,0.4391601713336117,0.21449314057826996,0.015017034485936165,0.2028810977935791,0.20621463656425476,0.02207111567258835,0.0,0.4385925158858299,17.84923791885376,0.8006717960039774,0.06122773394665935,0.08691128207878633,0.05550137583420358,0.2131877177267928,0.17205333709716797,62.37721687555313,2.0792405625184376
18640,38,3.276461200682156e-06,0.44184596972200707,0.32804757356643677,0.03553886339068413,0.19810819625854492,0.20897744596004486,0.0266090240329504,0.0,0.44480698307355243,17.80980682373047,0.8002769351005554,0.0627172092314471,0.0889680694619363,0.05592249970438636,0.21484270586039533,0.78826904296875,62.47129760185877,2.0823765867286257
18660,38,3.210294248532853e-06,0.4259985510226304,0.24663738906383514,0.024130433797836304,0.18458473682403564,0.18159382045269012,0.01713767647743225,0.0,0.4466740054388841,17.783210436503094,0.797930434346199,0.06224796065891331,0.08939275340261785,0.055426546301036564,0.2129717245486311,0.17391371726989746,62.58654762506485,2.0862182541688283
18680,38,3.1450923256126206e-06,0.4313150773683608,0.31581196188926697,0.024699639528989792,0.22246325016021729,0.1954643428325653,0.012173304334282875,0.0,0.4397317773352067,17.844014644622803,0.7998050252596537,0.060936277054927566,0.08730906527489424,0.05540048756731928,0.21332708149301735,0.16669487953186035,62.68877700169881,2.089625900056627
18700,38,3.0808560786677886e-06,0.4409161216941648,0.22575853765010834,0.019585218280553818,0.19417846202850342,0.2224050760269165,0.06283008307218552,0.0,0.44551359054942924,17.764726320902508,0.7957586050033569,0.06085544917732477,0.08886098853227767,0.05447307202848606,0.20914669787849893,0.1836855411529541,62.849657507737476,2.0949885835912494
18720,38,3.0175861448660677e-06,0.4394710157952658,0.25004714727401733,0.022868681699037552,0.17582327127456665,0.20643922686576843,0.06153750419616699,0.0,0.44068003073334694,17.847110827763874,0.7989235470692316,0.06072682040658864,0.08759144947610119,0.055019479697379706,0.21164275737563995,0.173203706741333,63.01925506591797,2.100641835530599
18740,39,2.9552831517901164e-06,0.44212552000287214,0.28660842776298523,0.020118141546845436,0.17997509241104126,0.1848420798778534,0.05705031007528305,0.0,0.44305238251884776,17.86334991455078,0.8008479575316111,0.061595466157252136,0.08876839000731707,0.0558530422038695,0.21484273875301535,0.16885113716125488,63.25524055957794,2.108508018652598
18760,39,2.8939477174314465e-06,0.45281997756377385,0.32374560832977295,0.03269128501415253,0.2555329203605652,0.28992170095443726,0.04994776099920273,0.0,0.45092927912871045,17.761842250823975,0.7984346350034078,0.062495865605094215,0.09129032915966077,0.055218818750952116,0.21189175694334236,0.17562055587768555,63.40243175427119,2.1134143918090396
18780,39,2.833580450184168e-06,0.4452439709025231,0.2536780834197998,0.020022911950945854,0.17987030744552612,0.22079519927501678,0.025064026936888695,0.0,0.4477766864001751,17.803804636001587,0.8007634778817495,0.0634160851213065,0.09037138259207661,0.05606846152328548,0.21569712889719417,0.16640615463256836,63.492857082684836,2.116428569422828
18800,39,2.774181948839081e-06,0.4397717439532525,0.28559204936027527,0.023665811866521835,0.21751755475997925,0.24502229690551758,0.027642617002129555,0.0,0.4417619798332453,17.906734387079876,0.8045502603054047,0.0636172579093413,0.08843874889002605,0.05727073084827597,0.2212773012843999,0.1678006649017334,63.55769869486491,2.118589956495497
18820,39,2.7157528025776096e-06,0.42676484993836233,0.2743898928165436,0.024057578295469284,0.24950599670410156,0.2665390968322754,0.044995445758104324,0.0,0.43866524783273536,17.951128005981445,0.8064201176166534,0.06301456317305565,0.08776345171711662,0.05782292671078308,0.22377970977686346,0.16845202445983887,63.642642418543495,2.12142141395145
18840,39,2.658293590966048e-06,0.42473505851754145,0.18553636968135834,0.013065777719020844,0.12778353691101074,0.13953183591365814,0.04813675582408905,0.0,0.43650703007976216,17.954654057820637,0.805755689740181,0.062124481848017735,0.08694226726550948,0.057371830522738906,0.2218698730522936,0.27115464210510254,63.72505887746811,2.124168629248937
18860,39,2.6018048839497944e-06,0.41566257702440845,0.17561015486717224,0.014516254886984825,0.17895597219467163,0.15456506609916687,0.02733382023870945,0.0,0.4394452515989542,17.887779712677002,0.8030463407437006,0.061783240261403,0.08777715198018333,0.05647495553553612,0.21809556692923335,0.17104816436767578,63.806968414783476,2.1268989471594493
18880,39,2.5462872418476583e-06,0.4132937541007201,0.27382805943489075,0.022020114585757256,0.16933387517929077,0.20872163772583008,0.016540460288524628,0.0,0.44236384828885394,17.848614772160847,0.8023511866728464,0.06267522563311187,0.08871271054853093,0.056383155191063204,0.21760740764015776,0.16536164283752441,63.87524704535802,2.129174901511934
18900,39,2.4917412153463428e-06,0.40070457582715135,0.26331672072410583,0.022468075156211853,0.21886712312698364,0.21023784577846527,0.05115252733230591,0.0,0.4379011212537686,17.891732215881348,0.8034771084785461,0.0621232884851369,0.08729596630754796,0.05642223720100115,0.2180276498283175,0.17745471000671387,63.94312434196472,2.1314374780654908
18920,39,2.438167345494982e-06,0.4100979959297776,0.2273743450641632,0.024025684222579002,0.24251145124435425,0.2231249064207077,0.027342375367879868,0.0,0.4423545642445485,17.87153426806132,0.8039180040359497,0.06399608530442823,0.08888652395795692,0.05700278407047418,0.220144391737201,0.5542864799499512,64.02615837653478,2.134205279217826
18940,39,2.3855661636997435e-06,0.4073470065979937,0.2407657653093338,0.024704068899154663,0.20106613636016846,0.2177170217037201,0.014527150429785252,0.0,0.4398374545077483,17.890668392181396,0.803381472826004,0.063810574229468,0.0877917908470739,0.05695762448753654,0.21980482051995667,0.17522287368774414,64.09128959973653,2.136376319991218
18960,40,2.3339381917185787e-06,0.41698938144847186,0.2621512711048126,0.018002618104219437,0.18180817365646362,0.18908941745758057,0.03855152800679207,0.0,0.4375622123479843,17.89130973815918,0.8027401715517044,0.06302194746041839,0.0869285844435746,0.056655097017276355,0.21845004921355707,0.16974520683288574,64.16759216785431,2.138919738928477
18980,40,2.2832839416560527e-06,0.4213142594720747,0.33102118968963623,0.02458781749010086,0.22935360670089722,0.2186516523361206,0.041583284735679626,0.0,0.43555178741614026,17.902150710423786,0.8025114883979162,0.062322632409632206,0.08610296774316918,0.05644022567007183,0.21749751293100417,0.17373251914978027,64.23938241799672,2.1413127472665576
19000,40,2.2336039159582437e-06,0.42109261603438886,0.2221316546201706,0.024633323773741722,0.2267048954963684,0.25496479868888855,0.005617191083729267,0.0,0.4361598410954078,17.917725324630737,0.8023316462834676,0.0626366947862235,0.08605064536360177,0.05681173458155668,0.2187328503932804,0.17275071144104004,64.3132136464119,2.1437737882137298
19020,40,2.1848986074078012e-06,0.41941436862583087,0.21985401213169098,0.012737695127725601,0.12704473733901978,0.14735424518585205,0.022667916491627693,0.0,0.43555285160740215,17.939099470774334,0.8029131790002187,0.06295117905194109,0.08590985885397955,0.05698448621445674,0.21928384095769038,0.1704578399658203,64.39160170952479,2.1463867236508265
19040,40,2.1371684991189783e-06,0.41942966549724153,0.23250018060207367,0.02661687135696411,0.2617992162704468,0.26842135190963745,0.0108015863224864,0.0,0.43295709788799286,17.93101215362549,0.8024083922306696,0.061340513808483425,0.08511516401036219,0.05629309549112804,0.21679038759744304,0.17090439796447754,64.46531474987665,2.1488438249958888
19060,40,2.090414064532945e-06,0.42889544520393547,0.18413446843624115,0.023022953420877457,0.2157818078994751,0.24547331035137177,0.006420972757041454,0.0,0.4369280108561118,17.91179060935974,0.8022798051436743,0.06242813356220722,0.08649241856553337,0.05668693290631795,0.21827564418146556,0.17402291297912598,64.53751639525096,2.1512505465083653
19080,40,2.0446357674129965e-06,0.419827242577825,0.2551175653934479,0.020000329241156578,0.20203179121017456,0.18004152178764343,0.021588049829006195,0.0,0.44331382525463897,17.85227092107137,0.8003750195105871,0.06325307479974898,0.0884556272490458,0.056589177502742546,0.21766239722174677,0.17735695838928223,64.6071617603302,2.1535720586776734
19100,40,1.9998340618399997e-06,0.4254255759507174,0.2805822789669037,0.02571227215230465,0.194965660572052,0.2476947009563446,0.04209233447909355,0.0,0.44152751254538697,17.859970569610596,0.8004971196254095,0.06268286501819437,0.08782392486252567,0.05640977700452574,0.2171160080893473,0.1735858917236328,64.67785392204921,2.1559284640683067
19120,40,1.9560093922079226e-06,0.4246348841756216,0.23812532424926758,0.022078175097703934,0.16891491413116455,0.16310866177082062,0.02623867802321911,0.0,0.43921703348557156,17.855278968811035,0.7998547156651815,0.061507751064544376,0.0870506985282356,0.05576877687020566,0.21482854609547014,0.17169189453125,64.7679739077886,2.158932463592953
19140,40,1.9131621932193215e-06,0.4193830299262883,0.257877916097641,0.03148834407329559,0.2971639037132263,0.2743098735809326,0.029529089108109474,0.0,0.43560592147211236,17.881823301315308,0.800949494043986,0.06125116898593577,0.08604547440667044,0.0557330447349655,0.21490696049295366,0.17074131965637207,64.83385004997254,2.1611283349990846
19160,40,1.8712928898811503e-06,0.4192716640495118,0.278684139251709,0.014910358004271984,0.1350134015083313,0.16108395159244537,0.021392280235886574,0.0,0.43233931871751946,17.927496035893757,0.8031503905852636,0.06142471502111717,0.08516182868995449,0.05624298634938896,0.2168831349646842,0.16992974281311035,64.89881829420726,2.163293943140242
19180,41,1.8304018975004574e-06,0.4070150424036755,0.16004952788352966,0.01629042439162731,0.18586468696594238,0.18078649044036865,0.04884203523397446,0.0,0.4348444789648056,17.932822068532307,0.8045586893955866,0.06254542788321321,0.0861523174257441,0.0570891811882823,0.2203452207402072,0.1714630126953125,64.97225281000138,2.165741760333379
19200,41,1.7904896216803131e-06,0.4034352640010937,0.21685367822647095,0.014685000292956829,0.15970641374588013,0.17514252662658691,0.08154897391796112,0.0,0.436286353195707,17.92818609873454,0.8050097723801931,0.06327739865942435,0.08679358982904391,0.05737132356047037,0.22149103261869063,0.17413568496704102,65.03699108759562,2.167899702919854
19220,41,1.7515564583157761e-06,0.4172769016085613,0.3235514163970947,0.02212689444422722,0.19067168235778809,0.2352837324142456,0.02957308292388916,0.0,0.4412215333431959,17.881000757217407,0.8032974849144617,0.06399365192787214,0.08831318603320555,0.05715930388065648,0.22047738324512134,0.1701507568359375,65.10712668100993,2.170237556033664
19240,41,1.713602793589927e-06,0.4300654693139652,0.25328394770622253,0.01776224374771118,0.18294477462768555,0.17916737496852875,0.035775501281023026,0.0,0.4372163638472557,17.901528755823772,0.803349698583285,0.06281572326340458,0.08699960710311477,0.05674185511253944,0.2189911950633607,0.16700148582458496,65.1734490831693,2.17244830277231
19260,41,1.676629003970115e-06,0.4245938602435266,0.22704550623893738,0.014840373769402504,0.1774725317955017,0.18129217624664307,0.016595814377069473,0.0,0.43929176156719524,17.88032801946004,0.8030114024877548,0.06301066465675831,0.0876258814030073,0.056692215516126125,0.21874389541335404,0.17287111282348633,65.2374674042066,2.1745822468068865
19280,41,1.6406354562041653e-06,0.43325710464068506,0.2704254686832428,0.025562850758433342,0.2930285334587097,0.26948386430740356,0.014401055872440338,0.0,0.4380518638839324,17.896796703338623,0.8041303257147471,0.06330008008940653,0.08745173491876233,0.056864340741991655,0.21957036124711687,0.17052960395812988,65.3021221001943,2.1767374033398097
19300,41,1.6056225073167375e-06,0.42016078969222304,0.20218756794929504,0.027935784310102463,0.21589964628219604,0.25937336683273315,0.017289841547608376,0.0,0.4363990953812997,17.907407999038696,0.8048868030309677,0.06270846716043624,0.08711338813670656,0.05691847282154909,0.21996785886585712,0.16993331909179688,65.36588516632716,2.178862838877572
19320,41,1.5715905046058206e-06,0.4143513026338954,0.286416232585907,0.036258310079574585,0.32691580057144165,0.3061530292034149,0.020308900624513626,0.0,0.4344459579636653,17.922431866327923,0.8047989656527837,0.06193104724992405,0.08635314579375765,0.05664166473434307,0.2188494719183919,0.16949129104614258,65.4392869234085,2.181309564113617
19340,41,1.5385397856392883e-06,0.4167714203259852,0.2356274127960205,0.017779098823666573,0.17826759815216064,0.18756085634231567,0.052172932773828506,0.0,0.4373694472014904,17.899033228556316,0.8044164727131525,0.06266422070224177,0.0872825789688663,0.05696239224529232,0.2200302533297376,0.16532135009765625,65.5154685497284,2.183848951657613
19360,41,1.506470678251496e-06,0.42442711465773136,0.3672359585762024,0.025465041399002075,0.1889580488204956,0.22693532705307007,0.020751051604747772,0.0,0.4349591104934613,17.91486469904582,0.8047785013914108,0.062291320244019684,0.08648029850287871,0.05692491671917113,0.21988494833931327,0.16770124435424805,65.59139342308045,2.1863797807693484
19380,42,1.4753835005400989e-06,0.42742965498658503,0.27163323760032654,0.023641033098101616,0.22955089807510376,0.2594606280326843,0.04230418801307678,0.0,0.4334071855992079,17.933528423309326,0.8051226188739141,0.062045552683147515,0.0859158043326302,0.05695505958812481,0.22021686283617534,0.16878628730773926,65.6640715400378,2.1888023846679263
19400,42,1.4452785608628383e-06,0.43267520992722314,0.3307555019855499,0.03296893835067749,0.22464430332183838,0.24113807082176208,0.017725305631756783,0.0,0.430495402465264,17.941827138264973,0.8052332798639933,0.061402649534019554,0.08499479344622655,0.05664156222006899,0.21903439122252166,0.16647124290466309,65.72854589223861,2.1909515297412874
19420,42,1.4161561578345366e-06,0.43339401976653774,0.18305470049381256,0.011139417067170143,0.17156219482421875,0.18362562358379364,0.06260675191879272,0.0,0.4299435367186864,17.961172580718994,0.8058056235313416,0.06140611015937545,0.08481344809247689,0.05690216530505991,0.22015420819463377,0.16999530792236328,65.80177433888117,2.1933924779627056
19440,42,1.3880165803240702e-06,0.42233785098808496,0.2643153965473175,0.022197483107447624,0.2149045467376709,0.20453757047653198,0.027988800778985023,0.0,0.4278306687871615,17.975276708602905,0.8060791939496994,0.060986318879506805,0.08413894787769426,0.056780184121717786,0.21977642809294842,0.16738367080688477,65.86500091155371,2.1955000303851233
19460,42,1.3608601074515857e-06,0.42001748660585514,0.23685790598392487,0.02090645395219326,0.21571362018585205,0.2561575770378113,0.04824969917535782,0.0,0.4280210652699073,17.95790974299113,0.8051576912403107,0.06075329189612107,0.08407996459440752,0.056420586979418826,0.21813758960078386,0.17046833038330078,65.92823277314504,2.1976077591048346
19480,42,1.3346870085856614e-06,0.4177505361221483,0.31129562854766846,0.026388835161924362,0.27532458305358887,0.2645869851112366,0.03484082594513893,0.0,0.42902291379868984,17.97098724047343,0.8060269206762314,0.06151895936239849,0.08447041379457171,0.05681825172558257,0.21958942867984826,0.17954111099243164,65.9926311691602,2.1997543723053403
19500,42,1.3094975433406555e-06,0.42173608062447715,0.21008700132369995,0.019725780934095383,0.2255558967590332,0.21801108121871948,0.025721054524183273,0.0,0.42926639566818875,17.983980258305866,0.8063831379016241,0.061782195486805656,0.08454623031006618,0.05706083044854247,0.22056295729072933,0.1688394546508789,66.06173768440883,2.2020579228136277
19520,42,1.2852919615741547e-06,0.4195226217393401,0.2051483690738678,0.01619586907327175,0.13150554895401,0.15107828378677368,0.03742525726556778,0.0,0.42956757359206676,18.010698159535725,0.8079961538314819,0.06264746468514204,0.08478893610564145,0.05779094471522099,0.2237156416416507,0.18424677848815918,66.133977440993,2.2044659146997665
19540,42,1.2620705033844666e-06,0.4332648834113435,0.29772233963012695,0.029931165277957916,0.3094276785850525,0.24563655257225037,0.024469783529639244,0.0,0.4304830754796664,17.986523628234863,0.8069151788949966,0.06264494867487387,0.08495994310148737,0.05744316574154337,0.22220924344252457,0.17540502548217773,66.19787561496099,2.206595853832033
19560,42,1.2398333991082336e-06,0.4344772209820859,0.3078177869319916,0.02485465630888939,0.2160956859588623,0.2332202047109604,0.062786765396595,0.0,0.43143970643480617,17.97998881340027,0.8068823665380478,0.06284582352435047,0.08527522203935818,0.05751550448952581,0.2225708423013037,0.16748929023742676,66.26417946418127,2.2088059821393755
19580,42,1.2185808693182119e-06,0.4357602526061348,0.2632327973842621,0.029575105756521225,0.22093462944030762,0.2672402560710907,0.05305255204439163,0.0,0.4313215470562379,17.971529245376587,0.806524063150088,0.06250983019444076,0.08530401370742104,0.057324938013070176,0.22181534889916127,0.1711137294769287,66.32767316102982,2.210922438700994
19600,43,1.1983131248209968e-06,0.4226169934815018,0.20647794008255005,0.021135177463293076,0.29629814624786377,0.24531352519989014,0.011711222119629383,0.0,0.4307348355650902,17.979907830556233,0.806759183605512,0.06234893676909534,0.08511922974139452,0.05727952400180088,0.22175123170018196,0.1695549488067627,66.41812661091487,2.2139375536971624
19620,43,1.1790303666549565e-06,0.4143582572333072,0.21230074763298035,0.024006914347410202,0.2032666802406311,0.16307780146598816,0.01168095413595438,0.0,0.42862399729589623,17.998883883158367,0.8071079651514689,0.06202453493394635,0.0844104394147342,0.057205173250457104,0.22149443395689808,0.16899776458740234,66.52768977880478,2.2175896592934925
19640,43,1.1607327860882986e-06,0.4098168359780068,0.24626165628433228,0.014778226613998413,0.16117554903030396,0.19552505016326904,0.036069002002477646,0.0,0.42742053295175236,18.019249439239502,0.8073851962884268,0.061848226596008644,0.08391528847542676,0.057297662935029206,0.22185702816667882,0.16626906394958496,66.59613459507624,2.219871153169208
19660,43,1.1434205646170938e-06,0.4196312894916386,0.2666672468185425,0.016661949455738068,0.1505204439163208,0.1480526328086853,0.02730879932641983,0.0,0.42789940908551216,18.00822925567627,0.8066988438367844,0.061746896667913956,0.08399137278849428,0.05723248127403415,0.22141916245560755,0.1707308292388916,66.66193091869354,2.2220643639564512
19680,43,1.127093873963518e-06,0.41207640188882766,0.19417263567447662,0.02642386220395565,0.23865652084350586,0.26760101318359375,0.018324561417102814,0.0,0.4308514179040988,17.978899478912354,0.8057068834702173,0.06211464665830135,0.08483762666583061,0.057190271089149806,0.22112105405804786,0.17106986045837402,66.72633232275645,2.224211077425215
19700,43,1.1117528760741305e-06,0.42258759572158244,0.3803245723247528,0.049504123628139496,0.3966329097747803,0.4022996425628662,0.08417744189500809,0.0,0.43154281936585903,17.954694509506226,0.8044667889674505,0.06174870758232745,0.08488572067157789,0.05685315090390346,0.21961511760442096,0.1680924892425537,66.79088383515676,2.226362794505225
19720,43,1.0973977231182818e-06,0.41754124096788275,0.2433936893939972,0.0213928259909153,0.20535624027252197,0.2189643830060959,0.008018847554922104,0.0,0.4319852218031883,17.956007560094196,0.8046751618385315,0.061970359053124084,0.0850819671865214,0.05687953521952626,0.21975727226923814,0.16832327842712402,66.86866521835327,2.2289555072784424
19740,43,1.0840285574866016e-06,0.4060784018957354,0.2559402585029602,0.02311071753501892,0.19749599695205688,0.20363736152648926,0.03274039179086685,0.0,0.4342148831735055,17.943411747614544,0.8046205292145411,0.06261769309639931,0.08580574376339262,0.0570457277380311,0.22043553307991137,0.35982394218444824,66.93848721583684,2.2312829071945615
19760,43,1.0716455117895949e-06,0.42681458029220776,0.20854613184928894,0.03041219711303711,0.311514675617218,0.32767799496650696,0.03687664493918419,0.0,0.4305527408917745,17.965273141860962,0.8048321803410848,0.06166757533157414,0.08464596809988673,0.05674515045724216,0.21929377325895158,0.17205071449279785,67.02386302550634,2.2341287675168777
19780,43,1.0602487088562725e-06,0.4191721198345462,0.30122074484825134,0.045243024826049805,0.1590999960899353,0.1672440469264984,0.029459653422236443,0.0,0.43248980306088924,17.94214391708374,0.8042161911725998,0.06196467569944533,0.08525407297367399,0.05674830144165422,0.219121605200185,0.16948628425598145,67.13470450639724,2.237823483546575
19800,43,1.0498382617330247e-06,0.43229438025162964,0.40334299206733704,0.06980357319116592,0.3283868432044983,0.34074926376342773,0.01705562323331833,0.0,0.43033764449258644,17.962567408879597,0.8045445680618286,0.0614097567952492,0.08455316332930868,0.05674904055194929,0.2191407053138722,0.16708636283874512,67.27037964264552,2.242345988088184
19820,44,1.0404142736824161e-06,0.4314759146232291,0.3495040535926819,0.047213681042194366,0.2600051164627075,0.25536394119262695,0.08467461168766022,0.0,0.42841296022137004,17.981839577356975,0.8050375233093897,0.06133178215135227,0.08390178633007137,0.05679750421603041,0.21926774440163915,0.16539788246154785,67.42095768054327,2.2473652560181088
19840,44,1.0319768381822147e-06,0.42682957084213397,0.21859754621982574,0.02697119675576687,0.2254905104637146,0.21536658704280853,0.02764018252491951,0.0,0.4320894094804923,17.95411189397176,0.8045283456643423,0.06207809004593979,0.08512700340625914,0.05705304190368307,0.22003338735719974,0.16607165336608887,67.49007567564647,2.2496691891882157
19860,44,1.024526038924441e-06,0.4281526205461099,0.4080353379249573,0.03922964632511139,0.23427963256835938,0.2533518970012665,0.04012458398938179,0.0,0.4335329153885444,17.94303568204244,0.8040710190931956,0.0621311099014499,0.08559892419725657,0.05706519998123192,0.21996449461122128,0.16617274284362793,67.55210442940394,2.251736814313465
19880,44,1.01806194981454e-06,0.4329794591823234,0.2720707356929779,0.037028051912784576,0.33161282539367676,0.2944273352622986,0.13344906270503998,0.0,0.4344592746347189,17.933377822240193,0.8038114657004675,0.06216797782954844,0.08590249302373691,0.0570173284848517,0.21976377721875906,0.17484164237976074,67.6151906212171,2.2538396873739033
19900,44,1.0125846349706413e-06,0.43062157696893116,0.33005625009536743,0.03060099296271801,0.23522818088531494,0.24958644807338715,0.021543320268392563,0.0,0.4349598263700803,17.928529580434162,0.8036975860595703,0.06229275973005728,0.08603761345148087,0.05705476451972076,0.2199558293531564,0.16979527473449707,67.68208462397257,2.2560694874657523
19920,44,1.0080941487229501e-06,0.41435899266277565,0.335536390542984,0.025277499109506607,0.19595414400100708,0.1930537223815918,0.0523277185857296,0.0,0.43234315142035484,17.95815944671631,0.8047281255324682,0.06196008241650733,0.08525217942554843,0.057180210066938096,0.2205581683665514,0.16881251335144043,67.75472668011983,2.258490889337328
19940,44,1.004590535613197e-06,0.42675909032336223,0.3224978744983673,0.026922134682536125,0.20270681381225586,0.18549257516860962,0.008917155675590038,0.0,0.433510381107529,17.946927150090534,0.8041539788246155,0.06188751884143461,0.08557421722534028,0.05705572834598239,0.2199671515263617,0.1662757396697998,67.81822083393733,2.2606073611312443
19960,44,1.00207383039415e-06,0.4155716278815561,0.22738489508628845,0.019817817956209183,0.21446490287780762,0.19347164034843445,0.031333331018686295,0.0,0.4312412142753601,17.97091754277547,0.8047055254379908,0.061240452003072605,0.08484602296216921,0.057061019327110524,0.22009415827183562,0.1753547191619873,67.88182839949926,2.262727613316642
19980,44,1.00054405802934e-06,0.4182894138093752,0.23101426661014557,0.028197040781378746,0.2919449210166931,0.28328198194503784,0.04147079586982727,0.0,0.4303822387009859,17.981191953023274,0.8047028531630834,0.06104987317865545,0.08451331034302711,0.057045172524257476,0.22002450093118983,0.17145919799804688,67.94892360369364,2.2649641201231216
20000,44,1.0000012336927943e-06,0.41475931916643316,0.24397602677345276,0.026495158672332764,0.2421196699142456,0.24854432046413422,0.01692379266023636,0.0,0.42835640472670394,17.989891688028973,0.8049542158842087,0.06064262054860592,0.08393325749784708,0.056928553962445054,0.21951183752918785,0.1710362434387207,68.01372133493423,2.267124044497808
