step,epoch,lr,loss,l1,mse,ssim_loss,edge,val_loss,psnr,ssim,sec_per_step,elapsed_min,cost_yuan
20,1,8e-05,2.359338678058107,1.088077187538147,0.21262788772583008,0.6212318539619446,0.5047985315322876,0.5155323098103205,14.547457774480185,0.5635006775458654,0.1652822494506836,0.221240230401357,0.007374674346711901
40,1,0.00016,1.9256108977952686,0.82683265209198,0.16435877978801727,0.5028765797615051,0.3400307595729828,0.4888967325290044,15.847211122512817,0.6422615995009741,0.1637880802154541,0.2862234393755595,0.00954078131251865
60,1,0.00019999990007089986,1.582134336098423,0.5576415657997131,0.05378691107034683,0.48823869228363037,0.3384435176849365,0.4643297965327899,16.231204668680828,0.6653524860739708,0.1664588451385498,0.35213708877563477,0.011737902959187826
80,1,0.00019999896246615767,1.293592952971572,0.399578720331192,0.03767220675945282,0.4277607202529907,0.3337540328502655,0.5625734403729439,15.457544008890787,0.6427958086133003,0.1646742820739746,0.42525923252105713,0.014175307750701905
100,1,0.00019999703791828206,1.093599443452581,0.5882520079612732,0.07321912050247192,0.392181396484375,0.3126112222671509,0.6401367286841074,14.965686241785685,0.6474055498838425,0.16588521003723145,0.5049703518549601,0.016832345061832003
120,1,0.00019999412644636293,0.9626754929694603,0.5219938158988953,0.04258023947477341,0.3937956690788269,0.27532994747161865,0.49095508456230164,15.803594589233398,0.6745686506231626,0.16729235649108887,0.5892443855603536,0.019641479518678454
140,1,0.00019999022807927944,0.8712215077906801,0.5413408279418945,0.04898881912231445,0.31816238164901733,0.24154210090637207,0.4319412211577098,16.492114782333374,0.694283793369929,0.16558265686035156,0.6522337436676026,0.021741124788920086
160,1,0.00019998534285570012,0.8109542379976766,0.45466333627700806,0.036448463797569275,0.3408139944076538,0.2555978000164032,0.6401914556821188,15.066921631495157,0.6608511755863825,0.16647791862487793,0.7232452432314554,0.02410817477438185
180,1,0.00019997947082408206,0.7478679769583737,0.38974907994270325,0.04238664358854294,0.3768662214279175,0.3131309151649475,0.4230213612318039,16.668927748998005,0.7062982122103373,0.16589593887329102,0.7857887943585714,0.02619295981195238
200,1,0.00019997261204267072,0.6907593405590651,0.623741865158081,0.05098965764045715,0.3531254529953003,0.28032195568084717,0.5843492448329926,15.575483798980713,0.678796390692393,0.16502976417541504,0.8542962352434794,0.028476541174782648
220,2,0.00019996476657949924,0.6574961082970339,0.3901471495628357,0.04402349516749382,0.32321298122406006,0.2973277270793915,0.5693895717461904,15.655509154001871,0.6680932367841402,0.1657092571258545,0.9282124916712443,0.030940416389041478
240,2,0.00019995593451238784,0.6352162017259947,0.47792163491249084,0.040408119559288025,0.3978537321090698,0.27443569898605347,0.478633979956309,16.36513090133667,0.6905496666828791,0.15867233276367188,0.9993196169535319,0.033310653898451066
260,2,0.00019994611592894285,0.6266183123699633,0.4189293384552002,0.053364962339401245,0.5340166091918945,0.42023414373397827,0.43998218700289726,17.078909317652386,0.7069813857475916,0.15945720672607422,1.0603451013565064,0.03534483671188354
280,2,0.00019993531092655617,0.6320548876957496,0.5219464302062988,0.0418875515460968,0.41474854946136475,0.2694692313671112,0.4296209091941516,16.840769290924072,0.7033955007791519,0.15813040733337402,1.1265454610188803,0.03755151536729601
300,2,0.00019992351961240396,0.6182956185212851,0.3394883871078491,0.03698211908340454,0.3604252338409424,0.3450438976287842,0.3997788851459821,16.237427234649658,0.6967149376869202,0.15818548202514648,1.1868424614270527,0.03956141538090176
320,2,0.0001999107421034458,0.6102730715812321,0.5428294539451599,0.040399011224508286,0.32682061195373535,0.25467580556869507,0.4403229107459386,16.745256026585896,0.7017741153637568,0.15874934196472168,1.2504579067230224,0.04168193022410075
340,2,0.0001998969785264235,0.5971147462086351,0.6010637879371643,0.07039295881986618,0.3772889971733093,0.30795344710350037,0.5741191729903221,15.76828940709432,0.6898942465583483,0.15817856788635254,1.3123090505599975,0.043743635018666585
360,2,0.00019988222901785968,0.5892464773154221,0.3356838524341583,0.043702464550733566,0.3824421763420105,0.3550388514995575,0.40964344640572864,15.419408877690634,0.6670661593476931,0.15853023529052734,1.372502358754476,0.045750078625149196
380,2,0.00019986649372405677,0.5766389125236319,0.4483596384525299,0.04282691329717636,0.3786447048187256,0.32354897260665894,0.6812829474608103,14.429855028788248,0.6803741579254469,0.1582944393157959,1.4328707893689474,0.04776235964563158
400,2,0.00019984977280109505,0.5949946991533748,0.4255984425544739,0.034373365342617035,0.40180009603500366,0.34216153621673584,0.5920378242929777,15.46389094988505,0.6896406834324201,0.15834498405456543,1.4927669048309327,0.049758896827697754
420,2,0.00019983206641483164,0.5900155655651026,0.5749703049659729,0.040816813707351685,0.34088748693466187,0.22978994250297546,0.5724057207504908,15.802899678548178,0.7048048575719198,0.15945982933044434,1.5590195775032043,0.05196731925010681
440,3,0.0001998133747408984,0.5789482657641661,0.43489977717399597,0.043643444776535034,0.34396761655807495,0.302345335483551,0.41944023221731186,16.52951757113139,0.7121501018603643,0.158677339553833,1.6326350450515748,0.054421168168385825
460,3,0.00019979369796470058,0.5687762660826522,0.29201218485832214,0.025685977190732956,0.32801175117492676,0.2675580382347107,0.4695657901465893,16.911424080530804,0.7124371007084846,0.15839385986328125,1.691817545890808,0.05639391819636027
480,3,0.00019977303628141455,0.5577061298804776,0.3401269316673279,0.031200602650642395,0.3338449001312256,0.29671770334243774,0.4469296510020892,16.206907431284588,0.7193977733453115,0.15838360786437988,1.7566860636075339,0.05855620212025112
500,3,0.00019975138989598628,0.5529630887085274,0.33553510904312134,0.026172492653131485,0.29593127965927124,0.22921967506408691,0.5496211151281992,15.858031670252482,0.6982012962301573,0.1583726406097412,1.8205908060073852,0.060686360200246176
520,3,0.00019972875902312913,0.5549711197898514,0.5442410111427307,0.05031418055295944,0.3665931820869446,0.29873543977737427,0.42826109131177265,16.286413113276165,0.7095947538812956,0.15919733047485352,1.8835792978604635,0.06278597659534878
540,3,0.00019970514388732163,0.5429669691114223,0.3979441821575165,0.03881676495075226,0.34465163946151733,0.3273269236087799,0.4867706447839737,16.28271754582723,0.710754876335462,0.15880131721496582,1.942335029443105,0.06474450098143683
560,3,0.00019968054472280534,0.5397159978969428,0.4091942012310028,0.038492582738399506,0.2798752784729004,0.27538859844207764,0.5118588941792647,16.122532447179157,0.7258154352506002,0.1596083641052246,2.0006287256876627,0.06668762418958876
580,3,0.0001996549617735826,0.5506629261119831,0.47579580545425415,0.04727610945701599,0.4214242696762085,0.40729209780693054,0.5181293040513992,15.729477485020956,0.7195775955915451,0.1598682403564453,2.0599819660186767,0.06866606553395589
600,3,0.00019962839529341403,0.5553907857415057,0.3493404686450958,0.023623641580343246,0.2761351466178894,0.2635796070098877,0.6634592985113462,14.720267216364542,0.6952697436014811,0.15957164764404297,2.1209376176198322,0.07069792058732774
620,3,0.00019960084554581598,0.5505626141953355,0.3773382306098938,0.021677862852811813,0.3021056652069092,0.21783003211021423,0.5095617584884167,16.15669337908427,0.7028138140837351,0.15967774391174316,2.185476469993591,0.07284921566645304
640,3,0.00019957231280405798,0.5371364316322794,0.4040203392505646,0.03544612601399422,0.28715890645980835,0.24421237409114838,0.543912141273419,15.946237484614054,0.7163527235388756,0.15928244590759277,2.2488512873649595,0.07496170957883198
660,4,0.00019954279735116,0.5315162866404887,0.29507604241371155,0.038181763142347336,0.31616002321243286,0.32187873125076294,0.4510992802679539,16.175968329111736,0.7193048745393753,0.15936708450317383,2.3365809599558514,0.07788603199852838
680,4,0.00019951229947988961,0.5264199695277874,0.5084446668624878,0.04769289493560791,0.3126295208930969,0.3304368853569031,0.609206015865008,15.315259138743082,0.7112506081660589,0.16006112098693848,2.4047850489616396,0.08015950163205465
700,4,0.00019948081949275925,0.5278783418951787,0.35541218519210815,0.03517373651266098,0.38565266132354736,0.31574949622154236,0.4179242091874282,16.58771808942159,0.7226873834927877,0.15956401824951172,2.4656795938809712,0.08218931979603238
720,4,0.00019944835770202291,0.5167534634459086,0.3511549234390259,0.03324923291802406,0.3494126796722412,0.3680841326713562,0.48720517630378407,16.364233414332073,0.7140352750817934,0.16091442108154297,2.5309521079063417,0.08436507026354471
740,4,0.00019941491442967334,0.5011426539159948,0.324084997177124,0.01699732057750225,0.25351887941360474,0.22623088955879211,0.5216819730897745,15.874734083811441,0.7061472311615944,0.16217708587646484,2.5949395815531413,0.08649798605177138
760,4,0.0001993804900074387,0.5024686726022298,0.3021484315395355,0.019973373040556908,0.2605704665184021,0.2133762538433075,0.4382958486676216,16.349741379419964,0.7160352046291033,0.16263508796691895,2.6555185437202455,0.08851728479067485
780,4,0.00019934508477677934,0.5123155516057559,0.39783525466918945,0.0331827849149704,0.2636396884918213,0.238461434841156,0.44904357691605884,16.147871653238933,0.7144388034939766,0.16127657890319824,2.715639285246531,0.09052130950821771
800,4,0.0001993086990888843,0.5200015938221046,0.29025495052337646,0.026486679911613464,0.2875075936317444,0.2518022954463959,0.4199953352411588,16.649316549301147,0.7365734279155731,0.16297268867492676,2.7764495452245077,0.09254831817415025
820,4,0.00019927133330466796,0.5518399317547981,0.5016447305679321,0.035415805876255035,0.3247988820075989,0.3079703450202942,0.6056144312024117,15.06819772720337,0.6994462783137957,0.15954184532165527,2.840822776158651,0.0946940925386217
840,4,0.0001992329877947664,0.5397623901322626,0.43395712971687317,0.03684873878955841,0.31348907947540283,0.2633420526981354,0.41141342371702194,16.513502200444538,0.7247272431850433,0.1611332893371582,2.900049861272176,0.09666832870907253
860,5,0.0001991936629395337,0.532558294504756,0.3483358919620514,0.03130277246236801,0.4235690236091614,0.3422393798828125,0.46008845915397006,16.378305117289226,0.7209501837690672,0.15976381301879883,2.9705186009407045,0.09901728669802348
880,5,0.0001991533591290382,0.5290476107189054,0.33440127968788147,0.023220455273985863,0.3781338930130005,0.31308314204216003,0.41884316007296246,16.99160710970561,0.7382246727744738,0.15969634056091309,3.0303648591041563,0.10101216197013856
900,5,0.00019911207676305862,0.5315247465790842,0.35585179924964905,0.029261887073516846,0.290888249874115,0.19572508335113525,0.5433313498894373,15.819714864095053,0.7194442749023438,0.1589820384979248,3.0938398679097494,0.10312799559699165
920,5,0.00019906981625108014,0.5246207722903425,0.4525032639503479,0.03491589054465294,0.27796483039855957,0.25555816292762756,0.5367053883771101,16.086796442667644,0.7295345837871233,0.1588737964630127,3.160530161857605,0.1053510053952535
940,5,0.00019902657801229025,0.5135945438642787,0.4408034384250641,0.04099749028682709,0.2674142122268677,0.2831464111804962,0.5147739499807358,16.123294909795124,0.7331594924132029,0.16354060173034668,3.2195064385732013,0.10731688128577338
960,5,0.0001989823624755747,0.5089679201825444,0.3478487432003021,0.03790080174803734,0.36380064487457275,0.3789989650249481,0.6431847835580508,14.701854785283407,0.7109539434313774,0.15937566757202148,3.2867924690246584,0.1095597489674886
980,5,0.00019893717007951308,0.5309492974437625,0.3278723955154419,0.039419110864400864,0.4170892834663391,0.3812950551509857,0.6111442322532336,15.05454683303833,0.7168879956007004,0.15844941139221191,3.346764898300171,0.11155882994333903
1000,5,0.0001988910012723747,0.5174609262094464,0.26893383264541626,0.01267687976360321,0.1665763258934021,0.15585541725158691,0.512193805227677,16.085901180903118,0.7196672136584917,0.33555150032043457,3.408667989571889,0.11362226631906297
1020,5,0.00019884385651211387,0.5317393457339032,0.5053447484970093,0.04444294422864914,0.32038217782974243,0.23148731887340546,0.4257179982960224,16.63954504330953,0.7399945184588432,0.15888309478759766,3.471434001127879,0.11571446670426262
1040,5,0.00019879573626636567,0.5240843479247728,0.4529728591442108,0.037990204989910126,0.398271381855011,0.355191707611084,0.45993762587507564,16.225801308949787,0.7168204883734385,0.16047239303588867,3.5303208390871683,0.11767736130290561
1060,5,0.00019874664101244101,0.5230988610158214,0.31183430552482605,0.05293002352118492,0.2757605314254761,0.2558706998825073,0.4646415188908577,16.529277801513672,0.7434414426485697,0.15931177139282227,3.588974404335022,0.11963248014450073
1080,6,0.00019869657123732214,0.5341822595745589,0.44718989729881287,0.03310871869325638,0.23637807369232178,0.2090345025062561,0.4248468888302644,16.912166515986126,0.7444408237934113,0.15900897979736328,3.6630844831466676,0.12210281610488892
1100,6,0.00019864552743765763,0.5247183490549006,0.3406420648097992,0.02149135433137417,0.22506797313690186,0.18044257164001465,0.3786718448003133,16.589136600494385,0.7314327557881674,0.1588754653930664,3.7215452949206034,0.12405150983068679
1120,6,0.0001985935101197576,0.5323806849866914,0.43092459440231323,0.03425232321023941,0.32648563385009766,0.2976287603378296,0.3697272303203742,17.13739546140035,0.7525832081834475,0.16104340553283691,3.784004282951355,0.1261334760983785
1140,6,0.00019854051979958852,0.5127658086455137,0.2947743833065033,0.018610095605254173,0.23527061939239502,0.2044878602027893,0.40259576464692753,17.218165397644043,0.7574370031555494,0.1606123447418213,3.8472049792607623,0.12824016597535876
1160,6,0.00019848655700276831,0.5237063750018689,0.4761956036090851,0.04435206949710846,0.3159977197647095,0.27984052896499634,0.746190237502257,13.52206834157308,0.714503675699234,0.1584606170654297,3.912884330749512,0.1304294776916504
1180,6,0.00019843162226456098,0.5302392587873145,0.43859419226646423,0.03317742422223091,0.30404824018478394,0.27824994921684265,0.38052400822440785,17.095009406407673,0.7586027284463247,0.1591353416442871,3.9716354886690777,0.13238784962230257
1200,6,0.00019837571612987126,0.5198581540966085,0.31028318405151367,0.025442112237215042,0.2910546064376831,0.2408110797405243,0.40889643256862956,17.03542431195577,0.753431648015976,0.16040539741516113,4.034137916564942,0.13447126388549804
1220,6,0.0001983188391532394,0.5109178513734061,0.40415653586387634,0.038636013865470886,0.24527978897094727,0.20412489771842957,0.5341211259365082,15.677905241648356,0.7235679924488068,0.16086649894714355,4.100047063827515,0.13666823546091716
1240,6,0.00019826099189883554,0.501639056215039,0.4409281611442566,0.04389321431517601,0.2888784408569336,0.2782512307167053,0.38259921967983246,16.62785291671753,0.7339543054501215,0.1609506607055664,4.159199790159861,0.1386399930053287
1260,6,0.00019820217494045407,0.5002848495125397,0.3222293555736542,0.026866167783737183,0.30457794666290283,0.25899314880371094,0.36796822398900986,16.905093749364216,0.7445560097694397,0.16237688064575195,4.218467088540395,0.14061556961801316
1280,6,0.0001981423888615081,0.4959750551193437,0.3425631523132324,0.034038741141557693,0.3253374695777893,0.3424617648124695,0.3793574124574661,16.867252031962078,0.7439337894320488,0.16357970237731934,4.278362945715586,0.14261209819051954
1300,7,0.00019808163425502346,0.496795599521291,0.3807961642742157,0.02808067575097084,0.27994751930236816,0.23706817626953125,0.39120131606856984,16.34603460629781,0.7338284725944201,0.1594994068145752,4.34151733716329,0.14471724457210966
1320,7,0.00019801991172363297,0.4888202946976037,0.4224576950073242,0.03373350203037262,0.27850353717803955,0.23163816332817078,0.4981483655671279,16.022646109263103,0.7394696200887362,0.16095352172851562,4.404991106192271,0.1468330368730757
1340,7,0.0001979572218795705,0.48461285904307766,0.37478774785995483,0.027227241545915604,0.2358255386352539,0.21828466653823853,0.4579378366470337,16.111993233362835,0.7328953817486763,0.1594853401184082,4.472225125630697,0.14907417085435656
1360,7,0.0001978935653446647,0.4785707862138762,0.39333394169807434,0.038170862942934036,0.24092233180999756,0.2522925138473511,0.42735204597314197,16.507031361262005,0.7454865003625551,0.1614527702331543,4.5318962653477985,0.15106320884492663
1380,7,0.00019782894275033306,0.47639853754743294,0.4129657447338104,0.03010597825050354,0.2884708642959595,0.26555824279785156,0.386099341015021,16.79170536994934,0.7424428164958954,0.16050434112548828,4.590883290767669,0.153029443025589
1400,7,0.00019776335473757544,0.47712122165774395,0.4500843286514282,0.07904191315174103,0.328402578830719,0.2650519013404846,0.40868790571888286,16.21523396174113,0.6932120521863302,0.16065669059753418,4.650411756833394,0.15501372522777981
1420,7,0.00019769680195696785,0.488283912669322,0.4650912284851074,0.038151759654283524,0.28168928623199463,0.2552061676979065,0.5256116613745689,16.188388268152874,0.7410385509332021,0.1617879867553711,4.714282747109731,0.15714275823699103
1440,7,0.00019762928506865605,0.4808643758556309,0.3553101718425751,0.02939126454293728,0.23817628622055054,0.2187710702419281,0.4338330229123433,16.546320756276447,0.7341316516200701,0.1595454216003418,4.773884514967601,0.15912948383225334
1460,7,0.00019756080474234874,0.4801101273745659,0.32189759612083435,0.04068170487880707,0.3204635977745056,0.2993197441101074,0.40100979804992676,16.72510019938151,0.7503552660346031,0.16240906715393066,4.833575367927551,0.16111917893091837
1480,7,0.0001974913616573112,0.4786518483263604,0.4088568091392517,0.03588026762008667,0.224318265914917,0.21486115455627441,0.38586168239514035,16.748642683029175,0.7489192485809326,0.1622476577758789,4.892484792073568,0.16308282640245225
1500,8,0.0001974209565023584,0.48552773143077216,0.3002099096775055,0.03703893721103668,0.3458412289619446,0.31243225932121277,0.4920346463720004,15.279638369878134,0.6781610324978828,0.15988874435424805,4.9626835544904075,0.16542278514968026
1520,8,0.00019734958997584822,0.4886246186500519,0.3491935133934021,0.03054364025592804,0.2781127691268921,0.31256186962127686,0.38411185642083484,17.20904541015625,0.7659805019696554,0.15929627418518066,5.0258260607719425,0.16752753535906473
1540,8,0.00019727726278567453,0.4844821194625893,0.3889773488044739,0.036439891904592514,0.2837985157966614,0.2742983400821686,0.5278905282417933,15.32935619354248,0.7306477352976799,0.1603095531463623,5.089374939600627,0.1696458313200209
1560,8,0.00019720397564926013,0.49162889567970763,0.4492088854312897,0.04559417814016342,0.24560481309890747,0.27304980158805847,0.5375540753205618,15.819072008132935,0.7454858173926672,0.16167807579040527,5.1482359568278,0.1716078652275933
1580,8,0.0001971297292935496,0.47756527415650973,0.32527896761894226,0.02517577074468136,0.2630947232246399,0.2498234212398529,0.4542028643190861,16.70610237121582,0.760252503057321,0.15990471839904785,5.207167446613312,0.17357224822044373
1600,8,0.00019705452445500224,0.46898162391547416,0.2886354923248291,0.03343769162893295,0.31084179878234863,0.29423069953918457,0.38266412168741226,17.137705326080322,0.7614963029821714,0.15950846672058105,5.266141021251679,0.1755380340417226
1620,8,0.00019697836187958456,0.4711631952838147,0.3027937412261963,0.023930948227643967,0.23822110891342163,0.20404154062271118,0.38760365918278694,16.148906628290813,0.7175223206480345,0.1684885025024414,5.331577595074972,0.17771925316916573
1640,8,0.0001969012423227631,0.4954720044752998,0.5233640670776367,0.05670485645532608,0.26890069246292114,0.28822100162506104,0.385602381080389,16.84281285603841,0.7563134854038557,0.16669034957885742,5.393060048421224,0.17976866828070748
1660,8,0.00019682316654949668,0.4811359970284081,0.3279383182525635,0.03542275354266167,0.2413761019706726,0.2681141495704651,0.3887789820631345,17.09057346979777,0.762096124390761,0.1709761619567871,5.454680466651917,0.18182268222173056
1680,8,0.00019674413533422912,0.48081640411679466,0.3032318651676178,0.022152874618768692,0.25153815746307373,0.21659383177757263,0.39504630242784816,15.905049641927084,0.6777044733365377,0.16964244842529297,5.516571398576101,0.18388571328587003
1700,8,0.00019666414946088124,0.48310292734887644,0.5233705639839172,0.04330483078956604,0.30923664569854736,0.3034379482269287,0.3777200219531854,16.48128604888916,0.7372569665312767,0.1709599494934082,5.578449503580729,0.1859483167860243
1720,9,0.00019658320972284335,0.4777695933086239,0.32033032178878784,0.026622481644153595,0.2507469654083252,0.2578851580619812,0.38673391689856845,16.456146081288654,0.7342672497034073,0.16989803314208984,5.64801458120346,0.18826715270678201
1740,9,0.00019650131692296722,0.4664007769840159,0.29549863934516907,0.02842898666858673,0.2719483971595764,0.24893437325954437,0.3740045912563801,16.851628303527832,0.7490191782514254,0.16712307929992676,5.710097400347392,0.19033658001157971
1760,9,0.00019641847187355817,0.47292116689444413,0.39622971415519714,0.02684001997113228,0.1966623067855835,0.21058396995067596,0.3889099632700284,16.338068803151447,0.7325425694386164,0.1590583324432373,5.771048212051392,0.1923682737350464
1780,9,0.000196334675396367,0.455337216679568,0.28675442934036255,0.030505448579788208,0.25684654712677,0.2637512683868408,0.37446683396895725,16.639900128046673,0.7448352302114168,0.1689891815185547,5.830396680037181,0.19434655600123935
1800,9,0.00019624992832258185,0.4591150759577735,0.27928635478019714,0.025381486862897873,0.24687474966049194,0.24690529704093933,0.5707176253199577,15.23755431175232,0.7366152480244637,0.15445446968078613,5.895405296484629,0.19651350988282099
1820,9,0.00019616423149281995,0.45881416252819035,0.5932296514511108,0.05516349524259567,0.25832754373550415,0.24856755137443542,0.5241381376981735,15.79868753751119,0.7407981033126513,0.15994548797607422,5.958505288759867,0.19861684295866225
1840,9,0.00019607758575711934,0.4483971718998611,0.20823298394680023,0.03017808496952057,0.22561460733413696,0.23553061485290527,0.5981158514817556,14.888340075810751,0.7292067408561707,0.16103363037109375,6.017548418045044,0.20058494726816814
1860,9,0.00019598999197493021,0.45839279632284524,0.18883080780506134,0.024117067456245422,0.24113166332244873,0.25554317235946655,0.4663638745745023,16.660857756932575,0.7576137880484263,0.16147470474243164,6.077033348878225,0.20256777829594083
1880,9,0.00019590145101510678,0.44577040959059167,0.33532601594924927,0.03259091079235077,0.2677183151245117,0.25401270389556885,0.3761497822900613,16.398821274439495,0.7317566846807798,0.1632068157196045,6.136278168360392,0.20454260561201307
1900,9,0.0001958119637558983,0.45556871125215953,0.608737051486969,0.06312676519155502,0.2397150993347168,0.22562681138515472,0.378371720512708,15.913791259129843,0.7090791190663973,0.16118812561035156,6.200768891970316,0.20669229639901054
1920,9,0.00019572153108494048,0.47151046667147306,0.4044986963272095,0.037499889731407166,0.26484405994415283,0.2977561354637146,0.4114256526033084,16.606213728586834,0.7454788982868195,0.16090750694274902,6.263943096001943,0.20879810320006476
1940,10,0.00019563015389924675,0.47457649902227134,0.3739662766456604,0.024383937940001488,0.2638452649116516,0.23945873975753784,0.4865490160882473,16.318844238917034,0.7450014799833298,0.15896081924438477,6.348597069581349,0.21161990231937833
1960,10,0.0001955378331051993,0.47227507814727443,0.5108790397644043,0.0424785278737545,0.27752089500427246,0.3055739998817444,0.6251878961920738,14.763077974319458,0.7485922227303187,0.15947318077087402,6.407314920425415,0.2135771640141805
1980,10,0.00019544456961854007,0.4769438978213507,0.5279191732406616,0.05686871334910393,0.3279585838317871,0.3150084614753723,0.5832955067356428,15.139619588851929,0.7314890921115875,0.15842342376708984,6.46560363372167,0.21552012112405566
2000,10,0.0001953503643643617,0.4696684651070443,0.45027437806129456,0.03247927129268646,0.2725728750228882,0.26902419328689575,0.46878140419721603,16.251006444295246,0.74492975572745,0.1593623161315918,6.523722000916799,0.21745740003055997
2020,10,0.00019525521827709835,0.46797754097290106,0.33943191170692444,0.02655322104692459,0.21220558881759644,0.24566666781902313,0.501088467737039,16.116374174753826,0.7566865161061287,0.15798521041870117,6.586741598447164,0.21955805328157213
2040,10,0.00019515913230051641,0.4623582156843253,0.31306320428848267,0.0244436077773571,0.3096144199371338,0.27259641885757446,0.36902685835957527,17.141520579655964,0.763340026140213,0.16158652305603027,6.645379869143168,0.22151266230477226
2060,10,0.00019506210738770512,0.45089044147122836,0.27254000306129456,0.02292047254741192,0.23653733730316162,0.20994065701961517,0.3919101444383462,16.811665614446003,0.7556157459815344,0.16083955764770508,6.70414377450943,0.22347145915031433
2080,10,0.0001949641445010673,0.4716039849939329,0.5449697971343994,0.07703900337219238,0.30256783962249756,0.23078034818172455,0.41871074835459393,17.008479833602905,0.7627277448773384,0.1580066680908203,6.766946383317312,0.22556487944391038
2100,10,0.00019486524461230942,0.46992834140740514,0.4007250964641571,0.03660980612039566,0.258536159992218,0.26539021730422974,0.4377147468427817,16.808454434076946,0.7670657535394033,0.16332459449768066,6.831152705351512,0.22770509017838372
2120,10,0.00019476540870243245,0.4692611549687246,0.6358206272125244,0.07608699053525925,0.41216176748275757,0.3759213387966156,0.34555109466115635,16.6573387781779,0.7466452419757843,0.15860676765441895,6.896920975049337,0.22989736583497788
2140,10,0.00019466463776172165,0.4736124948767134,0.36666369438171387,0.02776661142706871,0.17270725965499878,0.1837463229894638,0.35954787333806354,17.207343260447185,0.7714513589938482,0.1603407859802246,6.9556608438491825,0.2318553614616394
2160,11,0.0001945629327897371,0.4725304785938398,0.3728797435760498,0.03633325919508934,0.2724723219871521,0.3061795234680176,0.3944354181488355,16.705039978027344,0.7263716409603754,0.15865802764892578,7.027972682317098,0.2342657560772366
2180,11,0.00019446029479530365,0.46478875046948914,0.2646815776824951,0.011974002234637737,0.21299922466278076,0.1772489994764328,0.4061150165895621,16.99824325243632,0.7597485606869062,0.1601710319519043,7.086697538693746,0.23622325128979152
2200,11,0.00019435672479650091,0.4657207559413418,0.3076466917991638,0.028488945215940475,0.21524333953857422,0.22708390653133392,0.3950374983251095,17.0464502175649,0.7598651697238287,0.15915203094482422,7.145450905958811,0.23818169686529372
2220,11,0.0001942522238206531,0.46563891400870977,0.3682922422885895,0.02487708255648613,0.2683526277542114,0.24457375705242157,0.3987128684918086,16.981412649154663,0.7484351942936579,0.15837454795837402,7.208181440830231,0.24027271469434103
2240,11,0.000194146792904319,0.4681810660874162,0.3395835757255554,0.02938949689269066,0.27156347036361694,0.28044357895851135,0.4396019180615743,17.01121695836385,0.7704336245854696,0.16035676002502441,7.274005262056987,0.24246684206856622
2260,11,0.00019404043309328157,0.45725435281423454,0.3940180242061615,0.02849651873111725,0.16733384132385254,0.1758233606815338,0.4998547298212846,16.261760314305622,0.7434663847088814,0.1602039337158203,7.333131122589111,0.24443770408630372
2280,11,0.00019393314544253757,0.4543382296334129,0.30965378880500793,0.03232916444540024,0.30755114555358887,0.2792706787586212,0.4476749661068122,16.654189904530842,0.764455147087574,0.15860486030578613,7.392336483796438,0.24641121612654793
2300,11,0.00019382493101628717,0.4541874717327285,0.2998438775539398,0.021261464804410934,0.18769747018814087,0.199552521109581,0.4090136910478274,17.15834069252014,0.7647545834382375,0.1602315902709961,7.4513058026631676,0.24837686008877224
2320,11,0.0001937157908879233,0.43163562894947965,0.30063265562057495,0.022477801889181137,0.23205703496932983,0.262241929769516,0.3446585473914941,17.04626210530599,0.7514722794294357,0.1590890884399414,7.513915093739827,0.25046383645799425
2340,11,0.00019360572614002112,0.45160154666716623,0.3469497561454773,0.03564987704157829,0.3324982523918152,0.34992092847824097,0.5117231061061224,16.10973064104716,0.7323723584413528,0.16052651405334473,7.572833669185639,0.2524277889728546
2360,12,0.00019349473786432707,0.451171472071718,0.3739774823188782,0.04307049512863159,0.2980079650878906,0.30236345529556274,0.36709586903452873,17.35763971010844,0.7780785337090492,0.15810108184814453,7.640957804520925,0.25469859348403084
2380,12,0.00019338282716174836,0.45833562163076946,0.38265764713287354,0.03417187184095383,0.338742196559906,0.35469990968704224,0.3939484308163325,17.279503027598064,0.7703849772612253,0.15897893905639648,7.703740239143372,0.25679134130477904
2400,12,0.00019326999514234175,0.4579199146496054,0.2816546559333801,0.023696940392255783,0.24344080686569214,0.21394293010234833,0.4295862466096878,16.539940516153973,0.7382276033361753,0.16189289093017578,7.762373824914296,0.2587457941638099
2420,12,0.0001931562429253027,0.4553569597147825,0.4832248091697693,0.03952314332127571,0.30823802947998047,0.27366670966148376,0.4595426718393962,16.6184298992157,0.7442371845245361,0.15958642959594727,7.825100982189179,0.26083669940630594
2440,12,0.00019304157163895421,0.4510647069794792,0.2808975875377655,0.02579631470143795,0.22246253490447998,0.24401597678661346,0.4363185837864876,16.797784487406414,0.7760355969270071,0.15956401824951172,7.889401797453562,0.26298005991511875
2460,12,0.0001929259824207357,0.4458723862236107,0.3618403971195221,0.03247540816664696,0.2472163438796997,0.23190520703792572,0.42289325843254727,16.118836561838787,0.7240627979238828,0.1615009307861328,7.947869010766348,0.2649289670255449
2480,12,0.00019280947641719162,0.4407742966198751,0.470632940530777,0.03890426084399223,0.26809948682785034,0.23015819489955902,0.4748575935761134,16.68476915359497,0.7644420290986697,0.1581878662109375,8.00673946539561,0.266891315513187
2500,12,0.00019269205478396014,0.4494124091962215,0.2922743856906891,0.021228477358818054,0.2168487310409546,0.20419788360595703,0.3707753966252009,17.520426511764526,0.7810748890042305,0.1618185043334961,8.066136646270753,0.2688712215423584
2520,12,0.00019257371868576173,0.4576646210650274,0.395406574010849,0.024653218686580658,0.17215126752853394,0.215925931930542,0.363836416353782,16.98864022890727,0.7570111925403277,0.1674811840057373,8.13461891412735,0.271153963804245
2540,12,0.00019245446929638747,0.4513351727073366,0.31431224942207336,0.024021055549383163,0.2143511176109314,0.2123533934354782,0.3806217623253663,16.78946654001872,0.7410435080528259,0.16548585891723633,8.196349120140075,0.2732116373380025
2560,12,0.00019233430779868758,0.4445325963815218,0.27150771021842957,0.01449417695403099,0.20708245038986206,0.20250539481639862,0.45943791170914966,16.452890555063885,0.7379270146290461,0.15839934349060059,8.265870082378388,0.27552900274594627
2580,13,0.00019221323538455955,0.45768148381139107,0.3612084686756134,0.034748952835798264,0.3194369673728943,0.2867419123649597,0.671506496767203,13.925014098485311,0.7394428700208664,0.1589221954345703,8.339703822135926,0.27799012740453083
2600,13,0.00019209125325493642,0.49108075350926816,0.8546658158302307,0.21075564622879028,0.3664413094520569,0.2966241240501404,0.4436214156448841,16.42452796300252,0.7390307039022446,0.1600055694580078,8.398094443480174,0.27993648144933914
2620,13,0.00019196836261977475,0.4801226541269738,0.29617294669151306,0.022798608988523483,0.2114153504371643,0.22660380601882935,0.5001882935563723,15.917029619216919,0.7405341987808546,0.1596965789794922,8.461108640829723,0.28203695469432405
2640,13,0.00019184456469804268,0.4720237560583083,0.3891797959804535,0.027374371886253357,0.2394595742225647,0.24847547709941864,0.48899583021799725,16.188775380452473,0.764366219441096,0.15840411186218262,8.519384439786275,0.28397948132620915
2660,13,0.0001917198607177079,0.46542896818982893,0.5312450528144836,0.04655950516462326,0.28780680894851685,0.271895170211792,0.5679059823354086,14.893614451090494,0.7576291486620903,0.15827274322509766,8.580145796140036,0.2860048598713345
2680,13,0.00019159425191572543,0.46196177629143603,0.25726887583732605,0.0227242149412632,0.23740708827972412,0.2490433156490326,0.4672159602244695,16.44303274154663,0.754991518954436,0.16153359413146973,8.650514610608418,0.2883504870202806
2700,13,0.0001914677395380252,0.461739817903707,0.2739769518375397,0.026624109596014023,0.2680334448814392,0.24742911756038666,0.3978671183188756,16.651204427083332,0.7442393402258555,0.15925383567810059,8.709155333042144,0.29030517776807147
2720,13,0.00019134032483950005,0.45546496794363006,0.2829541265964508,0.022384492680430412,0.30140233039855957,0.2610917091369629,0.4032033222417037,16.600251754124958,0.7363152628143629,0.15938258171081543,8.772129809856414,0.29240432699521385
2740,13,0.00019121200908399282,0.44371408247643235,0.3756703734397888,0.026836497709155083,0.27669042348861694,0.28409940004348755,0.37635229776302975,16.8727974096934,0.745338665942351,0.15951299667358398,8.830551799138387,0.29435172663794623
2760,13,0.00019108279354428418,0.44268800151785676,0.38739874958992004,0.03459840640425682,0.23270457983016968,0.25500166416168213,0.350269606957833,17.404842535654705,0.7819136132796606,0.1603221893310547,8.888986031214396,0.2962995343738132
2780,13,0.00019095267950207986,0.43792708455782614,0.38963520526885986,0.035526376217603683,0.2729646563529968,0.27547118067741394,0.3754279538989067,17.37773871421814,0.7830802500247955,0.15863442420959473,8.947541133562725,0.29825137111875744
2800,14,0.00019082166824799796,0.44593449303830507,0.4632005989551544,0.02673977240920067,0.1949615478515625,0.18336200714111328,0.3778715866307418,17.159756342569988,0.7587023377418518,0.15967631340026855,9.009837226072948,0.3003279075357649
2820,14,0.00019068976108155614,0.4327347163647825,0.3409787118434906,0.03192799910902977,0.34949731826782227,0.2992633581161499,0.4374067348738511,16.746578375498455,0.7641406257947286,0.15875864028930664,9.07307532231013,0.3024358440770043
2840,14,0.0001905569593111587,0.4239722085760497,0.366642564535141,0.02907252311706543,0.2951189875602722,0.2870611548423767,0.39891916513442993,17.044175068537395,0.7618784209092458,0.159454345703125,9.131584906578064,0.3043861635526021
2860,14,0.00019042326425408362,0.42602288120072046,0.23608273267745972,0.026026852428913116,0.24005496501922607,0.27704307436943054,0.4109870952864488,16.827420393625896,0.7625492860873541,0.1596531867980957,9.190884470939636,0.3063628156979879
2880,14,0.00019028867723646956,0.4282444248308689,0.38474687933921814,0.04009045660495758,0.26888877153396606,0.26784569025039673,0.4061112130681674,17.06567128499349,0.7685695886611938,0.1589372158050537,9.258093631267547,0.30860312104225157
2900,14,0.00019015319959330264,0.42235074058879174,0.2824230194091797,0.02062908187508583,0.2258046269416809,0.21832719445228577,0.3585903247197469,17.34624147415161,0.7766642868518829,0.1614387035369873,9.31704653898875,0.31056821796629164
2920,14,0.0001900168326684032,0.43381273985234653,0.29739609360694885,0.0250268392264843,0.25343066453933716,0.25521934032440186,0.3954653429488341,16.958823045094807,0.7498833537101746,0.15884923934936523,9.37949724594752,0.31264990819825067
2940,14,0.00018987957781441248,0.4267065163099034,0.27264469861984253,0.025600485503673553,0.23059087991714478,0.24281761050224304,0.391980101664861,16.3115557829539,0.7196064939101537,0.15851616859436035,9.440145925680797,0.31467153085602656
2960,14,0.0001897414363927792,0.4394104043025804,0.40794333815574646,0.04889713227748871,0.30896860361099243,0.31378456950187683,0.4623035378754139,16.787853717803955,0.757454589009285,0.15902304649353027,9.498708772659302,0.31662362575531006
2980,14,0.00018960240977374608,0.44928194313386927,0.2511528730392456,0.0156867653131485,0.22203636169433594,0.1995847076177597,0.4370836094021797,16.83705496788025,0.7671172445019087,0.16274142265319824,9.557401474316915,0.31858004914389715
3000,15,0.00018946249933633616,0.4354395359409236,0.2179284393787384,0.028646109625697136,0.266995370388031,0.26226484775543213,0.389725673943758,17.002296765645344,0.7819516236583391,0.16058659553527832,9.631229221820831,0.3210409740606944
3020,15,0.00018932170646833934,0.43728323938143737,0.3166807293891907,0.038577623665332794,0.3927604556083679,0.3578595519065857,0.4154254011809826,16.619695981343586,0.7689950789014498,0.15967941284179688,9.697088865439097,0.32323629551463656
3040,15,0.0001891800325662983,0.4623607272920277,0.4558299481868744,0.037272870540618896,0.2464083433151245,0.21934907138347626,0.4606766936679681,16.3400506178538,0.7450616036852201,0.1597895622253418,9.755202766259512,0.3251734255419837
3060,15,0.00018903747903549486,0.45886659607173486,0.2932529151439667,0.025773970410227776,0.23279917240142822,0.26483333110809326,0.369141835719347,17.469830910364788,0.7841483702262243,0.16263055801391602,9.81376705567042,0.32712556852234737
3080,15,0.00018889404728993607,0.4485300781830696,0.3656924366950989,0.03238962963223457,0.22018301486968994,0.24229586124420166,0.4629797525703907,16.61182912190755,0.7547274976968765,0.16086316108703613,9.873837415377299,0.32912791384590995
3100,15,0.00018874973875234,0.44260134458466377,0.41992199420928955,0.0331721305847168,0.2705903649330139,0.24489502608776093,0.3352539377907912,17.59896755218506,0.7757082631190618,0.16242599487304688,9.932469952106477,0.3310823317368825
3120,15,0.00018860455485412178,0.4479775512583185,0.2815544009208679,0.04487570747733116,0.3904762864112854,0.3927457332611084,0.34244830906391144,17.12102182706197,0.7595921208461126,0.159468412399292,9.997967108090718,0.3332655702696906
3140,15,0.0001884584970353794,0.4498528588445175,0.33503425121307373,0.01789707876741886,0.17745369672775269,0.15126952528953552,0.41274821509917575,17.114118337631226,0.7762266347805659,0.15898776054382324,10.056509021917979,0.335216967397266
3160,15,0.00018831156674487928,0.44716572162645335,0.39072418212890625,0.02811402454972267,0.21088767051696777,0.2293439358472824,0.37173880512515706,17.08858076731364,0.7692160656054815,0.15931487083435059,10.115021204948425,0.33716737349828085
3180,15,0.0001881637654400421,0.44349922795008123,0.2893610894680023,0.03748825192451477,0.3438463807106018,0.36304110288619995,0.41777444009979564,17.055477142333984,0.7614694635073344,0.15894007682800293,10.173471705118816,0.3391157235039605
3200,15,0.00018801509458692817,0.4357672789458215,0.36740580201148987,0.024341069161891937,0.19795602560043335,0.1850936859846115,0.42661020159721375,16.953420003255207,0.7778695027033488,0.15915822982788086,10.234853494167329,0.34116178313891093
3220,16,0.00018786555566022303,0.44233510285394506,0.26957470178604126,0.01750890724360943,0.18162494897842407,0.22396168112754822,0.35229849194486934,17.55848002433777,0.787313794096311,0.3450295925140381,10.312087043126423,0.3437362347708808
3240,16,0.00018771515014322267,0.43529000293847653,0.23405379056930542,0.026436476036906242,0.25377142429351807,0.23017796874046326,0.37824904794494313,17.24692726135254,0.7693106805284818,0.5434567928314209,10.37677257458369,0.3458924191527896
3260,16,0.00018756387952781898,0.4372398895747906,0.27682963013648987,0.02704586088657379,0.23321789503097534,0.24867895245552063,0.37506914138793945,17.24660571416219,0.7838327785332998,0.15925049781799316,10.434893969694773,0.3478297989898258
3280,16,0.00018741174531448486,0.4362035105892674,0.2442651242017746,0.023675184696912766,0.20382195711135864,0.20385822653770447,0.4172196301321189,16.934407631556194,0.761279508471489,0.16420316696166992,10.493270250161489,0.349775675005383
3300,16,0.00018725874901225932,0.42980816978386926,0.245417520403862,0.013917907141149044,0.1531062126159668,0.14511507749557495,0.3525674132009347,17.57703439394633,0.7811927050352097,0.15964031219482422,10.55204126437505,0.3517347088125017
3320,16,0.00018710489213873255,0.4269400761185422,0.22443169355392456,0.016355229541659355,0.16711390018463135,0.1586093008518219,0.41091663887103397,17.28094752629598,0.7805746744076411,0.1586456298828125,10.616800848642985,0.3538933616214328
3340,16,0.00018695017622003085,0.4267091894943147,0.42262306809425354,0.02935401350259781,0.23901408910751343,0.2457123100757599,0.44914952913920086,16.917633533477783,0.7708460092544556,0.15977883338928223,10.67562683025996,0.355854227675332
3360,16,0.00018679460279080154,0.4222177118755852,0.289031982421875,0.019511032849550247,0.2227327823638916,0.21500489115715027,0.4037091036637624,17.235294183095295,0.7808815936247507,0.1580677032470703,10.737418627738952,0.3579139542579651
3380,16,0.00018663817339419767,0.4370703220453447,0.3624294698238373,0.022576160728931427,0.17659157514572144,0.15087392926216125,0.3550382989148299,16.800495545069378,0.7404050330320994,0.16084671020507812,10.796027970314025,0.35986759901046755
3400,16,0.0001864808895818627,0.4439753537544531,0.3592678904533386,0.028969116508960724,0.18404072523117065,0.18676936626434326,0.382507860660553,17.090672492980957,0.7788813908894857,0.15967559814453125,10.8550061861674,0.3618335395389133
3420,16,0.0001863227529139153,0.4415202784966289,0.35879501700401306,0.03454393893480301,0.2595164179801941,0.2207435816526413,0.3621267229318619,17.352375268936157,0.7772154559691747,0.15772771835327148,10.9182728211085,0.3639424273702833
3440,17,0.0001861637649589335,0.42750814716828894,0.23999528586864471,0.018797721713781357,0.2317078709602356,0.19874528050422668,0.3694838273028533,17.41423447926839,0.7838802635669708,0.1588902473449707,10.985511509577433,0.36618371698591445
3460,17,0.0001860039272939396,0.42615872401166355,0.4019705057144165,0.03096872940659523,0.28250086307525635,0.3088524341583252,0.44882585232456523,16.82427668571472,0.7753678659598032,0.1582813262939453,11.044693406422933,0.36815644688076443
3480,17,0.00018584324150438403,0.4233700979639569,0.35152578353881836,0.03132946044206619,0.313210129737854,0.2983945608139038,0.3865319999555747,17.220914284388225,0.7671536753575007,0.15811491012573242,11.102765484650929,0.37009218282169765
3500,17,0.00018568170918413008,0.4186071901805619,0.28463006019592285,0.01854483038187027,0.16985273361206055,0.17465130984783173,0.4789453409612179,16.346274216969807,0.7676450510819753,0.15896201133728027,11.16497408548991,0.3721658028496636
3520,17,0.00018551933193543783,0.42242226102095404,0.3022731840610504,0.03385311737656593,0.3103974461555481,0.2834702432155609,0.399922676384449,16.842994769414265,0.7752604757746061,0.16257023811340332,11.227178386847179,0.3742392795615726
3540,17,0.0001853561113689483,0.4173996587282713,0.4057389795780182,0.026371926069259644,0.223105788230896,0.2161140888929367,0.3589176684617996,16.605948050816853,0.7345271979769071,0.15882182121276855,11.285540044307709,0.3761846681435903
3560,17,0.00018519204910366746,0.4228064472298496,0.41916146874427795,0.028144750744104385,0.1706370711326599,0.20640037953853607,0.533770352602005,15.075241168340048,0.7287678817907969,0.16175580024719238,11.344007082780202,0.37813356942600673
3580,17,0.00018502714676695023,0.4420340566283797,0.28660568594932556,0.026944786310195923,0.23965376615524292,0.2482965886592865,0.38749752814571065,16.942131519317627,0.775210107366244,0.1589066982269287,11.402273865540822,0.3800757955180274
3600,17,0.00018486140599448432,0.42974256275776895,0.34375062584877014,0.02420583926141262,0.19616800546646118,0.20080885291099548,0.38324939211209613,17.317260026931763,0.7788236538569132,0.1594071388244629,11.460570061206818,0.38201900204022726
3620,17,0.000184694828430274,0.4223262425690512,0.3388523459434509,0.04436449334025383,0.28856855630874634,0.3484988212585449,0.34272560725609463,17.109654267628986,0.772527664899826,0.5226335525512695,11.529318122069041,0.38431060406896805
3640,18,0.00018452741572662376,0.4126532988980186,0.14682792127132416,0.011733023449778557,0.16138732433319092,0.1565532088279724,0.4005267235140006,17.464035034179688,0.7878179649511973,0.15429258346557617,11.592894585927327,0.38642981953091093
3660,18,0.00018435916954412192,0.4180079282307176,0.29944708943367004,0.028151925653219223,0.2326996922492981,0.2756720781326294,0.4029666682084401,16.929913838704426,0.7755540385842323,0.16111993789672852,11.651402652263641,0.38838008840878807
3680,18,0.00018419009155162426,0.41734027556435793,0.343993604183197,0.021497583016753197,0.20601296424865723,0.19207148253917694,0.4161049500107765,16.613853375116985,0.7471930906176567,0.16051745414733887,11.709942928949992,0.3903314309649997
3700,18,0.00018402018342623735,0.41856194315064366,0.4075363576412201,0.04755554720759392,0.2414141297340393,0.2175360769033432,0.4305377056201299,16.864062468210857,0.7735171169042587,0.15898704528808594,11.770077391465504,0.3923359130488502
3720,18,0.00018384944685330193,0.438087975009465,0.2553461194038391,0.02450675144791603,0.16860628128051758,0.19808563590049744,0.3759331554174423,17.315353552500408,0.7714422245820364,0.15954971313476562,11.83331909974416,0.394443969991472
3740,18,0.00018367788352637628,0.43761159316410625,0.302015095949173,0.03450659662485123,0.2126186490058899,0.1907043308019638,0.3687301203608513,17.14019711812337,0.7639744132757187,0.16138625144958496,11.89223804473877,0.39640793482462566
3760,18,0.00018350549514721927,0.4313569053854098,0.31173965334892273,0.01708328351378441,0.2132948637008667,0.21279333531856537,0.39772847046454746,17.06220229466756,0.7800489887595177,0.15859365463256836,11.954962960879008,0.3984987653626336
3780,18,0.00018333228342577365,0.42320868162328323,0.2750331163406372,0.021212082356214523,0.19723248481750488,0.18818466365337372,0.46931541711091995,16.25249719619751,0.7698114638527235,0.16015410423278809,12.015570163726807,0.4005190054575602
3800,18,0.00018315825008014902,0.4146507574672986,0.23746895790100098,0.02739725634455681,0.260344922542572,0.2989736497402191,0.3872271639605363,17.015105565388996,0.7483571643630663,0.15880370140075684,12.074734930197398,0.4024911643399133
3820,18,0.0001829833968366047,0.42147308565715663,0.3754185736179352,0.02870086394250393,0.18107712268829346,0.17650029063224792,0.33267345155278844,17.493753512700398,0.7724153821667036,0.15943074226379395,12.13690055211385,0.4045633517371284
3840,18,0.00018280772542953277,0.4248193834988694,0.42459654808044434,0.04935363680124283,0.2982717752456665,0.31167757511138916,0.37405678381522495,17.07396658261617,0.759553258617719,0.16042375564575195,12.195206042130788,0.40650686807102626
3860,19,0.00018263123760144069,0.4115678133810162,0.27451884746551514,0.01877925917506218,0.21543926000595093,0.20147626101970673,0.38076622039079666,17.316463152567547,0.781535359720389,0.15829133987426758,12.265916287899017,0.40886387626330056
3880,19,0.00018245393510293417,0.410274691546174,0.41328519582748413,0.031148944050073624,0.2734237313270569,0.26624733209609985,0.44776830449700356,16.529966751734417,0.7451803212364515,0.15924715995788574,12.323933748404185,0.41079779161347285
3900,19,0.00018227581969269973,0.41405246113740257,0.36301299929618835,0.03495631366968155,0.24945884943008423,0.24751655757427216,0.4269000130395095,16.710267305374146,0.7540995130936304,0.15943527221679688,12.382187799612682,0.4127395933204227
3920,19,0.00018209689313748723,0.40820495547301516,0.3545193672180176,0.028443193063139915,0.1949787735939026,0.198472261428833,0.4128887852032979,16.87074677149455,0.7738954251011213,0.16141223907470703,12.44500112136205,0.41483337071206833
3940,19,0.00018191715721209247,0.40912808023554237,0.18080006539821625,0.02321874164044857,0.20577633380889893,0.23150573670864105,0.36072489246726036,17.540435949961346,0.7879592180252075,0.15987515449523926,12.503299109141032,0.41677663697136774
3960,19,0.0001817366136993394,0.4081942698472599,0.3589928448200226,0.027431165799498558,0.29541856050491333,0.2651723623275757,0.37110043441255885,17.42547806104024,0.7735485956072807,0.15976977348327637,12.561600701014202,0.41872002336714004
3980,19,0.00018155526439006254,0.4159907366287022,0.38989999890327454,0.030189935117959976,0.3038663864135742,0.27543866634368896,0.48752249280611676,16.190922101338703,0.7237308373053869,0.16042089462280273,12.620431009928385,0.4206810336642795
4000,19,0.00018137311108308934,0.42265348833410676,0.24988886713981628,0.013197019696235657,0.1385955810546875,0.14160266518592834,0.37596395611763,17.24620747566223,0.7646501759688059,0.15845537185668945,12.679241553942363,0.4226413851314121
4020,19,0.00018119015558522205,0.4247887847602509,0.2975253462791443,0.03641600161790848,0.31033855676651,0.33819836378097534,0.37501941124598187,17.089857180913288,0.7634424964586893,0.15929603576660156,12.7454705675443,0.42484901891814336
4040,19,0.00018100639971122004,0.4285710926006934,0.3635137379169464,0.03189343214035034,0.2397594451904297,0.21771296858787537,0.3457774432996909,17.842646598815918,0.7964777201414108,0.16603326797485352,12.803804993629456,0.4267934997876485
4060,19,0.00018082184528378167,0.4311769247485275,0.2643214166164398,0.01639680564403534,0.24961769580841064,0.20503871142864227,0.4436819677551587,16.933728853861492,0.7801184058189392,0.15817022323608398,12.868976704279582,0.42896589014265274
4080,20,0.0001806364941335263,0.4297753196268104,0.336843341588974,0.022784721106290817,0.21163225173950195,0.2016664743423462,0.48186775545279187,16.466954708099365,0.7783222446839014,0.16262364387512207,12.931369276841481,0.4310456425613827
4100,20,0.00018045034809897607,0.4317342872120585,0.4698641002178192,0.03669361770153046,0.19677072763442993,0.1788773238658905,0.35758963723977405,16.681427478790283,0.7522485504547755,0.16363739967346191,12.99101183017095,0.433033727672365
4120,20,0.0001802634090265377,0.43148294712569496,0.2642247676849365,0.02558976039290428,0.27730274200439453,0.26692360639572144,0.43266445646683377,17.10336438814799,0.7898033658663431,0.1655871868133545,13.059974483648936,0.4353324827882979
4140,20,0.00018007567877048405,0.43821522571926613,0.23137958347797394,0.014416811987757683,0.2122979760169983,0.19321976602077484,0.4505576143662135,16.713891983032227,0.7664229075113932,0.1621716022491455,13.119606427351634,0.43732021424505446
4160,20,0.00017988715919293595,0.43082920487201704,0.1967221200466156,0.017763877287507057,0.21783721446990967,0.22192399203777313,0.38896971692641574,17.300737698872883,0.775069480141004,0.1676328182220459,13.180305476983389,0.43934351589944626
4180,20,0.00017969785216384362,0.437685403704152,0.3391092121601105,0.028570707887411118,0.18645381927490234,0.19975917041301727,0.3271734391649564,17.497171878814697,0.7802812407414118,0.1626749038696289,13.239635145664215,0.4413211715221405
4200,20,0.00017950775956096805,0.43211182658498026,0.3749074339866638,0.027262333780527115,0.25337910652160645,0.2668074369430542,0.3585841469466686,17.536377271016438,0.7815210521221161,0.16166281700134277,13.298571046193441,0.44328570153978136
4220,20,0.00017931688326986244,0.4263613748082915,0.5001631379127502,0.04549470543861389,0.2110152244567871,0.2140248417854309,0.3727343740562598,17.410154740015667,0.7694794361790022,0.16003131866455078,13.361503080526989,0.44538343601756625
4240,20,0.00017912522518385356,0.42622261940080897,0.3519655168056488,0.026971425861120224,0.16559213399887085,0.19055253267288208,0.44252175092697144,16.586467504501343,0.7720620433489481,0.1592702865600586,13.423137092590332,0.4474379030863444
4260,20,0.0001789327872040228,0.4262265428671776,0.2783980667591095,0.03725367784500122,0.29138118028640747,0.3266372084617615,0.36731424927711487,17.689493656158447,0.7890957941611608,0.15996789932250977,13.487972887357076,0.44959909624523586
4280,20,0.00017873957123918757,0.43361883638541515,0.3325229585170746,0.0379347950220108,0.27865082025527954,0.29424214363098145,0.3424626762668292,17.803313096364338,0.7960976660251617,0.1581583023071289,13.548600196838379,0.4516200065612793
4300,21,0.000178545579205882,0.43314397294417895,0.4092957675457001,0.026487616822123528,0.251672625541687,0.2175426334142685,0.348959827174743,17.708674828211468,0.796735092997551,0.15854763984680176,13.632416101296743,0.45441387004322475
4320,21,0.00017835081302833836,0.4160995153082331,0.32196080684661865,0.049609504640102386,0.31757229566574097,0.3374336361885071,0.4663875425855319,16.803978125254314,0.7785201370716095,0.15827488899230957,13.698363387584687,0.45661211291948955
4340,21,0.00017815527463846764,0.4105474311949077,0.34159812331199646,0.03510647639632225,0.2884904146194458,0.3051532506942749,0.34272899851202965,18.07997981707255,0.8019412557284037,0.15952658653259277,13.757204798857371,0.4585734932952457
4360,21,0.00017795896597584056,0.4109941480412099,0.4045989215373993,0.0328712984919548,0.21157819032669067,0.19690828025341034,0.33314095934232074,17.612600803375244,0.7885073324044546,0.1588153839111328,13.819122703870137,0.46063742346233794
4380,21,0.00017776188898766817,0.4097509818393088,0.36786365509033203,0.026161205023527145,0.19710218906402588,0.1886981725692749,0.35146041586995125,17.90207584698995,0.7998936126629511,0.16051197052001953,13.878141574064891,0.46260471913549633
4400,21,0.00017756404562878274,0.40287516023891556,0.3914168179035187,0.027584891766309738,0.19261568784713745,0.21000032126903534,0.42199306190013885,17.348490079243977,0.7985123594601949,0.15827345848083496,13.936580657958984,0.4645526885986328
4420,21,0.0001773654378616183,0.3956186174052379,0.24601544439792633,0.02294062450528145,0.3030551075935364,0.28185638785362244,0.4720374569296837,16.831604878107708,0.7766863256692886,0.15895509719848633,13.99881505171458,0.46662716839048596
4440,21,0.00017716606765619104,0.4042228332427176,0.4158225357532501,0.05423329398036003,0.17288130521774292,0.1756943166255951,0.4039693164328734,17.53658978144328,0.7827907105286916,0.1593327522277832,14.057133622964223,0.4685711207654741
4460,21,0.00017696593699007994,0.4144544897226567,0.3520449101924896,0.029134955257177353,0.26375651359558105,0.23375563323497772,0.33587561423579854,16.54127025604248,0.7665736079216003,0.16044044494628906,14.115669520696004,0.4705223173565335
4480,21,0.00017676504784840707,0.43873757592878904,0.2679772675037384,0.01871921680867672,0.17551302909851074,0.20190921425819397,0.3904224696258704,17.557239532470703,0.7890624850988388,0.16010212898254395,14.181896150112152,0.4727298716704051
4500,22,0.00017656340222381794,0.43342241828168204,0.26124805212020874,0.021500637754797935,0.18467706441879272,0.1961688995361328,0.42298094059030217,17.547722498575848,0.7841372738281885,0.2862362861633301,14.247484767436982,0.47491615891456607
4520,22,0.00017636100211646167,0.4326276227254767,0.380790114402771,0.03639853000640869,0.24105900526046753,0.26642709970474243,0.36705034226179123,17.19038240114848,0.771563525001208,0.1592099666595459,14.309621218840281,0.4769873739613427
4540,22,0.00017615784953397125,0.4468467237305154,0.35747030377388,0.02770886942744255,0.27824926376342773,0.25835373997688293,0.30946143964926404,17.98375590642293,0.8025124818086624,0.16068482398986816,14.370571064949036,0.4790190354983012
4560,22,0.00017595394649144348,0.4351020077333119,0.26804032921791077,0.026834584772586823,0.25356000661849976,0.252893328666687,0.3690175215403239,17.872957865397137,0.797267367442449,0.1625537872314453,14.42892181078593,0.480964060359531
4580,22,0.00017574929501141916,0.4333573522064221,0.316233366727829,0.03197624534368515,0.23731482028961182,0.2630126476287842,0.349375382065773,18.158741156260174,0.7991965164740881,0.16092395782470703,14.487363000710806,0.4829121000236935
4600,22,0.00017554389712386292,0.43463793981328547,0.4462886154651642,0.03852323442697525,0.25192970037460327,0.2440587282180786,0.3333415016531944,17.446577151616413,0.7854424814383189,0.15993976593017578,14.549662371476492,0.484988745715883
4620,22,0.00017533775486614303,0.4366069780418015,0.33269360661506653,0.02555401250720024,0.23778438568115234,0.23613187670707703,0.44053618361552555,17.02287197113037,0.7937985310951868,0.16082215309143066,14.612221237023672,0.4870740412341224
4640,22,0.0001751308702830114,0.4541552300566844,0.3300981819629669,0.033814676105976105,0.2916882634162903,0.3028953969478607,0.44350026299556095,16.74345636367798,0.7433142413695654,0.15829682350158691,14.67585216363271,0.48919507212109037
4660,22,0.000174923245426583,0.4404039201383325,0.3122416138648987,0.034166354686021805,0.29632049798965454,0.28601986169815063,0.34864965205391246,18.06041081746419,0.8065261542797089,0.16029787063598633,14.734895733992259,0.49116319113307527
4680,22,0.00017471488235631586,0.43006177131199036,0.39114317297935486,0.04168298840522766,0.2905861735343933,0.3425215184688568,0.36390256757537526,17.881011088689167,0.801364983121554,0.16049790382385254,14.793575568993885,0.49311918563312956
4700,22,0.00017450578313899022,0.41645213219834204,0.3269982635974884,0.02819209173321724,0.27907055616378784,0.2555299401283264,0.34046076983213425,17.126176357269287,0.7726194808880488,0.17412996292114258,14.85738409757614,0.49524613658587135
4720,23,0.0001742959498486884,0.4204973309543179,0.32796937227249146,0.02170727215707302,0.20314723253250122,0.23760704696178436,0.4207807667553425,16.967061519622803,0.7694190194209417,0.15886402130126953,14.933203268051148,0.49777344226837156
4740,23,0.00017408538456677413,0.4253384200127173,0.35932064056396484,0.03409741446375847,0.33881181478500366,0.3433588445186615,0.48339500029881793,16.328677256902058,0.7727357596158981,0.16202378273010254,14.991582679748536,0.4997194226582845
4760,23,0.0001738740893818718,0.43510708573011564,0.4088398218154907,0.025816230103373528,0.20449095964431763,0.18782047927379608,0.6036501551667849,15.003064155578613,0.7789669384558996,0.16141986846923828,15.050036605199178,0.5016678868399727
4780,23,0.00017366206638984573,0.4237918108164823,0.45784518122673035,0.03862594813108444,0.30096524953842163,0.2976892590522766,0.4109673077861468,17.30354921023051,0.787286639213562,0.16309475898742676,15.118228209018707,0.5039409403006235
4800,23,0.0001734493176937795,0.4139298451553913,0.2513948678970337,0.02128348872065544,0.226526141166687,0.20424672961235046,0.3863622210919857,17.562257448832195,0.7891889760891596,0.15892529487609863,15.177031628290813,0.5059010542763605
4820,23,0.00017323584540395516,0.4118727264016494,0.33375054597854614,0.023561015725135803,0.22670090198516846,0.19530922174453735,0.35694022476673126,17.940471410751343,0.7991857677698135,0.16030097007751465,15.24000678062439,0.508000226020813
4840,23,0.000173021651637832,0.4130327418544622,0.3180692195892334,0.02506141923367977,0.2129056453704834,0.21996662020683289,0.45434990773598355,17.01751470565796,0.7909196217854818,0.15897345542907715,15.298705685138703,0.50995685617129
4860,23,0.00017280673852002583,0.41062272049876014,0.31080302596092224,0.025216639041900635,0.20970779657363892,0.23342935740947723,0.4242792973915736,17.291491746902466,0.7881980737050375,0.15906190872192383,15.3569548646609,0.5118984954886966
4880,23,0.00017259110818228782,0.4087296868453923,0.2727455496788025,0.02108418568968773,0.24946755170822144,0.23581591248512268,0.46701962873339653,16.71017877260844,0.7769966721534729,0.1596224308013916,15.415679574012756,0.5138559858004252
4900,23,0.00017237476276348325,0.4131787992852598,0.24029932916164398,0.02068892866373062,0.2122524380683899,0.22664543986320496,0.39304128537575406,16.799607753753662,0.7616041948397955,0.159698486328125,15.474605655670166,0.5158201885223389
4920,23,0.00017215770440957045,0.4112115158830592,0.3555523455142975,0.03247373551130295,0.15813690423965454,0.15755517780780792,0.36728084708253544,17.837709347407024,0.79463758567969,0.15979599952697754,15.55211971203486,0.518403990401162
4940,24,0.00017193993527357944,0.39919568598919564,0.17848838865756989,0.014969004318118095,0.13317924737930298,0.16941234469413757,0.4435736412803332,17.061729431152344,0.7972682615121206,0.15856456756591797,15.618862024943034,0.5206287341647678
4960,24,0.00017172145751559058,0.4007660112963095,0.3301267921924591,0.018786415457725525,0.19393831491470337,0.17344459891319275,0.3541206332544486,18.020005146662395,0.8062121371428171,0.15814685821533203,15.676851236820221,0.5225617078940074
4980,24,0.00017150227330271306,0.4007767177965169,0.3408142924308777,0.029572736471891403,0.17504024505615234,0.18880042433738708,0.44429155190785724,16.920602718989056,0.7899882843097051,0.16547513008117676,15.735836211840311,0.5245278737280104
5000,24,0.00017128238480906363,0.4097492103765467,0.35403260588645935,0.023888155817985535,0.23279529809951782,0.23796449601650238,0.37285984431703884,17.338825543721516,0.7770239661137263,0.15846586227416992,15.798233393828074,0.5266077797942691
5020,24,0.0001710617942157448,0.41577721704785264,0.27240046858787537,0.025658076629042625,0.2581305503845215,0.2385212630033493,0.44954243674874306,16.60616374015808,0.7684367597103119,0.1605527400970459,15.860299094518025,0.5286766364839341
5040,24,0.0001708405037108233,0.4168447044893318,0.4310469925403595,0.03568899631500244,0.19990313053131104,0.1940751075744629,0.44691063463687897,16.92014543215434,0.7946765869855881,0.15854406356811523,15.918657139937084,0.5306219046645694
5060,24,0.00017061851548930845,0.41536883383068707,0.21129921078681946,0.014704286120831966,0.16647940874099731,0.18890643119812012,0.3529846246043841,17.964663585027058,0.8087459206581116,0.16132307052612305,15.981753400961558,0.5327251133653853
5080,24,0.00017039583175313018,0.4103008314209553,0.28982508182525635,0.01517251506447792,0.1483789086341858,0.13575518131256104,0.3303139793376128,17.751431703567505,0.8032983094453812,0.1600351333618164,16.04058140118917,0.5346860467063056
5100,24,0.00017017245471111743,0.4107894226097077,0.30703267455101013,0.02496986836194992,0.17918431758880615,0.23683404922485352,0.5385329897205035,15.825936953226725,0.7968861510356268,0.16132616996765137,16.099336278438567,0.5366445426146189
5120,24,0.00016994838657897614,0.4279868833932919,0.33272144198417664,0.031961679458618164,0.2933679223060608,0.30063217878341675,0.47220907360315323,16.764038403828938,0.8066553523143133,0.1588153839111328,16.175857925415038,0.5391952641805013
5140,25,0.00016972362957926713,0.43835744618727074,0.208494171500206,0.013283024542033672,0.1532788872718811,0.15772822499275208,0.3250511512160301,18.22002641359965,0.8122153729200363,0.16007089614868164,16.24732524951299,0.5415775083170997
5160,25,0.00016949818594138436,0.4228752510342901,0.35231703519821167,0.022208496928215027,0.22057890892028809,0.23223662376403809,0.4742150579889615,16.597397883733112,0.7933992793162664,0.15805530548095703,16.30989822546641,0.5436632741822137
5180,25,0.0001692720579015325,0.4140690198387405,0.24573025107383728,0.01763618364930153,0.22556602954864502,0.19336667656898499,0.3875933388868968,17.395610173543293,0.798698291182518,0.15839266777038574,16.371233733495078,0.5457077911165026
5200,25,0.00016904524770270496,0.40236592325987663,0.34007465839385986,0.020772665739059448,0.24002176523208618,0.2382311075925827,0.45592788110176724,16.760523398717243,0.796961729725202,0.16193175315856934,16.429278576374053,0.5476426192124685
5220,25,0.00016881775759466157,0.41506632351372486,0.26705336570739746,0.02622043341398239,0.2418513298034668,0.24304959177970886,0.38415224850177765,17.68915581703186,0.7990468939145406,0.16007447242736816,16.4916410724322,0.5497213690810734
5240,25,0.0001685895898339063,0.4131743809980046,0.2332930564880371,0.02065914496779442,0.25060129165649414,0.24715636670589447,0.36665961022178334,17.785853385925293,0.8026459266742071,0.15961956977844238,16.55022443930308,0.5516741479767694
5260,25,0.0001683607466836648,0.40574990874640854,0.40816548466682434,0.03346814960241318,0.21570074558258057,0.23695838451385498,0.5023405800263087,16.082879225413006,0.7914170771837234,0.15889477729797363,16.60893565416336,0.553631188472112
5280,25,0.00016813123041386195,0.40834056325386003,0.30951040983200073,0.03146325796842575,0.2539885640144348,0.23638783395290375,0.38802028199036914,17.503399054209392,0.7992473393678665,0.23870396614074707,16.67458593448003,0.5558195311493344
5300,25,0.00016790104330109945,0.41123076442586537,0.2730904519557953,0.020868998020887375,0.18584823608398438,0.19293682277202606,0.38604576388994855,17.625892718633015,0.7919334868590037,0.16101336479187012,16.733481780687967,0.5577827260229322
5320,25,0.0001676701876286332,0.4081369090389998,0.24469083547592163,0.01558780949562788,0.2169644832611084,0.19800767302513123,0.3322812045613925,18.1273094813029,0.8027001917362213,0.15997838973999023,16.800493443012236,0.560016448100408
5340,25,0.0001674386656863506,0.39757965596218947,0.39517539739608765,0.04046144336462021,0.24910062551498413,0.20513449609279633,0.3756765176852544,17.78647510210673,0.8108040789763132,0.16026878356933594,16.858915281295776,0.5619638427098592
5360,26,0.00016720647977074788,0.3966514609467746,0.2525375783443451,0.017769401893019676,0.19998258352279663,0.19627611339092255,0.45362238958477974,16.849473873774212,0.7964729368686676,0.1583867073059082,16.928974008560182,0.5642991336186727
5380,26,0.00016697363218490732,0.4006892966430845,0.2706948220729828,0.025253504514694214,0.25389230251312256,0.2779882550239563,0.42761388793587685,17.38352616628011,0.7940793136755625,0.1589195728302002,16.987248615423837,0.566241620514128
5400,26,0.0001667401252384743,0.3994854789295786,0.27400633692741394,0.03201885521411896,0.2759798765182495,0.31949520111083984,0.5042323594292005,16.378215154012043,0.7790219982465109,0.16058087348937988,17.046497003237405,0.5682165667745802
5420,26,0.00016650596124763458,0.39826274713137527,0.32624226808547974,0.03799741715192795,0.2978243827819824,0.3207533061504364,0.3861210495233536,17.839254061381023,0.8025776843229929,0.16416501998901367,17.1098619778951,0.5703287325965034
5440,26,0.00016627114253509121,0.40526677720300086,0.30885595083236694,0.0335916168987751,0.3334314823150635,0.33491581678390503,0.6322982658942541,14.779783646265665,0.7821673154830933,0.15930795669555664,17.175107141335804,0.5725035713778601
5460,26,0.00016603567143004154,0.4120744119060765,0.3022826611995697,0.034665606915950775,0.2354794144630432,0.24289855360984802,0.37825730815529823,17.7018989721934,0.7939525345961252,0.15862107276916504,17.233781023820242,0.5744593674606747
5480,26,0.00016579955026815396,0.4159346244088209,0.34590044617652893,0.025928210467100143,0.20716822147369385,0.20556369423866272,0.3236809733013312,17.567570606867474,0.7916445732116699,0.1582796573638916,17.291900996367136,0.5763966998789045
5500,26,0.00016556278139154504,0.40759709087683793,0.30344900488853455,0.019610734656453133,0.255695641040802,0.2290002554655075,0.33803241824110347,17.683313131332397,0.7936879495779673,0.16228604316711426,17.350515158971152,0.5783505052990383
5520,26,0.00016532536714875597,0.4103810050632906,0.3298954665660858,0.02452361211180687,0.19837439060211182,0.19587306678295135,0.33122869084278744,17.985316276550293,0.8051921377579371,0.15854620933532715,17.413234786192575,0.5804411595397525
5540,26,0.00016508730989472947,0.4101541155846086,0.28589385747909546,0.03209603577852249,0.22725307941436768,0.22996549308300018,0.43365564569830894,17.204882780710857,0.7912472784519196,0.16021990776062012,17.471558753649393,0.5823852917883131
5560,26,0.00016484861199078638,0.4123168463041752,0.24985337257385254,0.03028012439608574,0.22762197256088257,0.23333320021629333,0.43675384297966957,17.304076194763184,0.7970018684864044,0.1580512523651123,17.530131737391155,0.5843377245797051
5580,27,0.00016460927580460222,0.40926304108108363,0.3380556106567383,0.04038750380277634,0.2915489673614502,0.3436824083328247,0.4558344818651676,16.651801029841106,0.7766286879777908,0.15887236595153809,17.593867158889772,0.5864622386296591
5600,27,0.00016436930371018367,0.41624491561709304,0.27677270770072937,0.026452085003256798,0.26729005575180054,0.2628233730792999,0.3685978539288044,17.54873792330424,0.7894883205493292,0.19373559951782227,17.65289988517761,0.5884299961725871
5620,27,0.00016412869808784514,0.406265265103424,0.2549201250076294,0.02191830798983574,0.19136160612106323,0.21782581508159637,0.3796139769256115,17.690738439559937,0.7958043068647385,0.16424012184143066,17.71598627169927,0.590532875723309
5640,27,0.00016388746132418503,0.40154982649184556,0.3215324580669403,0.028544966131448746,0.20084619522094727,0.24154099822044373,0.3561844887832801,17.72950577735901,0.7940923422574997,0.16607666015625,17.774051626523335,0.5924683875507779
5660,27,0.00016364559581206217,0.41185017380215677,0.4686461389064789,0.04479822516441345,0.3334943652153015,0.3409789204597473,0.40583790217836696,17.29191279411316,0.7996200968821844,0.1604301929473877,17.83259489138921,0.5944198297129737
5680,27,0.00016340310395057198,0.4134045804669101,0.33454376459121704,0.02903743088245392,0.2515360116958618,0.2770158648490906,0.34676361083984375,18.103142023086548,0.8083103547493616,0.1593618392944336,17.89100594917933,0.5963668649726444
5700,27,0.00016315998814502272,0.40672522332840894,0.3463974595069885,0.03904309496283531,0.2569180130958557,0.2520434856414795,0.34609626481930417,17.819852828979492,0.7977741708358129,0.16052818298339844,17.950110940138497,0.5983370313379499
5720,27,0.00016291625080691163,0.40460527431796,0.3093022108078003,0.022647162899374962,0.19738221168518066,0.21940350532531738,0.3385745498041312,16.57794690132141,0.76363621900479,0.16216826438903809,18.0125422000885,0.6004180733362834
5740,27,0.00016267189435390105,0.40961034861468787,0.24810384213924408,0.021017475053668022,0.1897057294845581,0.2025424689054489,0.3707842056949933,17.733886003494263,0.7954305211702982,0.15978670120239258,18.071792129675547,0.6023930709891849
5760,27,0.00016242692120979442,0.41211688414716396,0.4427475929260254,0.03798613324761391,0.2792209982872009,0.2856212258338928,0.2950015589594841,18.325117429097492,0.8185973515113195,0.1600034236907959,18.13022530078888,0.6043408433596293
5780,28,0.0001621813338045121,0.40241044744228616,0.2547512352466583,0.0208898838609457,0.1770855188369751,0.18659138679504395,0.4164364313085874,17.01371471087138,0.7770969768365225,0.7449135780334473,18.206100066502888,0.606870002216763
5800,28,0.0001619351345740675,0.39761583240319703,0.41923633217811584,0.03217333182692528,0.22287356853485107,0.21232891082763672,0.42560724169015884,16.919812599817913,0.8045572737852732,0.15899109840393066,18.270870713392892,0.6090290237797631
5820,28,0.0001616883259605428,0.39525435431544,0.33809903264045715,0.025068800896406174,0.24719667434692383,0.22557353973388672,0.40034986411531764,17.24228525161743,0.7902232607205709,0.1598801612854004,18.333028697967528,0.6111009565989176
5840,28,0.0001614409104120646,0.40562210818694683,0.3071523904800415,0.019879337400197983,0.2356240153312683,0.18265342712402344,0.3879628504316012,17.479736804962158,0.7944783568382263,0.16277837753295898,18.391372203826904,0.6130457401275635
5860,28,0.00016119289038278,0.40951113044173965,0.3523378074169159,0.02912576124072075,0.2607910633087158,0.24248802661895752,0.3821668413778146,17.660159190495808,0.7948200702667236,0.1593921184539795,18.45013335545858,0.6150044451819526
5880,28,0.00016094426833283178,0.41001498282940513,0.32999515533447266,0.028214897960424423,0.24271541833877563,0.23542723059654236,0.3397505432367325,17.813881715138752,0.8069209158420563,0.15887880325317383,18.508307055632272,0.6169435685210758
5900,28,0.0001606950467283344,0.4201289397415518,0.30801287293434143,0.029756372794508934,0.224484384059906,0.262908399105072,0.3915475284059842,17.635294596354168,0.7959718008836111,0.15947890281677246,18.566682926813762,0.618889430893792
5920,28,0.0001604452280413493,0.4153989479184983,0.28521984815597534,0.014586191624403,0.14676451683044434,0.16030997037887573,0.4491675794124603,16.66912571589152,0.8074245154857635,0.15867066383361816,18.63295527299245,0.6210985090997484
5940,28,0.0001601948147498605,0.4133038013316089,0.24377287924289703,0.024436062201857567,0.29748278856277466,0.2879166603088379,0.33124279727538425,17.940184513727825,0.8108121951421102,0.16020798683166504,18.691083649794262,0.6230361216598087
5960,28,0.00015994380933774999,0.4139135824865442,0.3725447654724121,0.03094274364411831,0.29937368631362915,0.30711227655410767,0.331984252979358,18.244925181070965,0.8171701977650324,0.16060614585876465,18.749594004948936,0.6249864668316312
5980,28,0.00015969221429477302,0.4154112087505274,0.25349539518356323,0.028361082077026367,0.26238930225372314,0.256603479385376,0.34142570818463963,17.911698977152508,0.8036079853773117,0.16342735290527344,18.80797904729843,0.6269326349099477
6000,29,0.00015944003211653353,0.4088256559166204,0.37242451310157776,0.02408897876739502,0.172876238822937,0.16324999928474426,0.35159869616230327,17.380756855010986,0.798854187130928,0.5896291732788086,18.880302532513937,0.6293434177504645
6020,29,0.00015918726530445926,0.41228380091646066,0.30775830149650574,0.02685282938182354,0.16631758213043213,0.19407498836517334,0.332439087331295,17.290210644404095,0.7778895621498426,0.15828251838684082,18.942429832617442,0.6314143277539147
6040,29,0.00015893391636577711,0.40803809108542666,0.24589259922504425,0.018001239746809006,0.19674772024154663,0.17329317331314087,0.3388097348312537,17.317857265472412,0.7882237335046133,0.16249465942382812,19.002383017539977,0.6334127672513326
6060,29,0.0001586799878134881,0.4094994399898622,0.2968003749847412,0.017722003161907196,0.11992985010147095,0.13893306255340576,0.33027944217125577,18.062297264734905,0.80937493344148,0.16727781295776367,19.06235890388489,0.6354119634628296
6080,29,0.0001584254821663425,0.3950935213925287,0.24184337258338928,0.028960220515727997,0.27899348735809326,0.305822491645813,0.3637036718428135,17.89706007639567,0.8043807695309321,0.17035341262817383,19.12500404516856,0.637500134838952
6100,29,0.00015817040194881487,0.39033153780296687,0.23407712578773499,0.023036815226078033,0.19340580701828003,0.2379976511001587,0.38463079556822777,17.44411786397298,0.8001837829748789,0.15971970558166504,19.188187865416207,0.6396062621805403
6120,29,0.0001579147496910791,0.39231330641943185,0.30684876441955566,0.029426977038383484,0.20093119144439697,0.23520633578300476,0.3893230768541495,17.3239901860555,0.7877936661243439,0.16158604621887207,19.257316807905834,0.6419105602635278
6140,29,0.00015765852792898308,0.39792601295551583,0.24414797127246857,0.01757037825882435,0.1743423342704773,0.21003755927085876,0.3860903282960256,17.19743021329244,0.8040299067894617,0.16122817993164062,19.319160974025728,0.6439720324675242
6160,29,0.00015740173920402372,0.397390276837162,0.3627663850784302,0.03464305028319359,0.24525713920593262,0.2852078080177307,0.5181311741471291,15.490364154179892,0.7383333618442217,0.16408801078796387,19.38110424677531,0.6460368082258436
6180,29,0.0001571443860633218,0.4104665911604398,0.31118854880332947,0.024337738752365112,0.20710492134094238,0.21641239523887634,0.34886646394928295,17.70674006144206,0.7963134447733561,0.16493630409240723,19.442679131031035,0.6480893043677012
6200,29,0.00015688647105959656,0.4078262810447166,0.35831907391548157,0.02222440391778946,0.2368871569633484,0.24700799584388733,0.38777784009774524,17.14793809254964,0.7954696615537008,0.16105937957763672,19.512313656012218,0.6504104552004072
6220,30,0.00015662799675114037,0.3950338089357921,0.3080158829689026,0.01901964098215103,0.14265942573547363,0.18712393939495087,0.40769392997026443,16.85968828201294,0.807230015595754,0.15991854667663574,19.589629697799683,0.6529876565933228
6240,30,0.0001563689657017935,0.40379023892531,0.33358150720596313,0.022916704416275024,0.19821351766586304,0.21000199019908905,0.36112050463755924,17.52334427833557,0.7986543873945872,0.16288232803344727,19.650205552577972,0.6550068517525991
6260,30,0.0001561093804809186,0.4070856683200611,0.33085280656814575,0.024255728349089622,0.3344227075576782,0.30143994092941284,0.38208204756180447,17.139776309331257,0.8029273599386215,0.1635274887084961,19.70979925394058,0.6569933084646861
6280,30,0.00015584924366337515,0.3939196417214122,0.3042100667953491,0.01915762573480606,0.1920795440673828,0.19304391741752625,0.3876305694381396,17.010222276051838,0.7892224738995234,0.16254401206970215,19.769308233261107,0.6589769411087036
6300,30,0.00015558855782949404,0.390172479902315,0.27977797389030457,0.026842236518859863,0.241660475730896,0.25412529706954956,0.37090013672908145,17.27451531092326,0.8016933649778366,0.1635117530822754,19.83853726387024,0.6612845754623413
6320,30,0.00015532732556505197,0.3806028590276443,0.29397231340408325,0.021249134093523026,0.2116175889968872,0.23566298186779022,0.34265389541784924,17.727116028467815,0.7980661789576212,0.15963244438171387,19.902371970812478,0.6634123990270826
6340,30,0.00015506554946124565,0.39467033184759803,0.3545593321323395,0.03321892023086548,0.30336105823516846,0.29825180768966675,0.3631167995433013,17.503228823343914,0.8002251187960306,0.1689455509185791,19.962684988975525,0.6654228329658508
6360,30,0.0001548032321146663,0.3877719589155505,0.3269626200199127,0.03278379142284393,0.3042312264442444,0.29931098222732544,0.3526122222344081,17.46375314394633,0.7820476243893305,0.16932940483093262,20.024610459804535,0.6674870153268179
6380,30,0.0001545403761272737,0.3852662782502146,0.2340220808982849,0.016538990661501884,0.13704437017440796,0.15404701232910156,0.3634646100302537,17.276155471801758,0.788995144267877,0.16488265991210938,20.08631671667099,0.6695438905556996
6400,30,0.00015427698410637057,0.4000958646816471,0.28391215205192566,0.017513111233711243,0.1457122564315796,0.146884486079216,0.35222236563762027,17.556801637013752,0.7987780024607977,0.16292953491210938,20.14655834833781,0.6715519449445937
6420,30,0.00015401305866457658,0.3933183537886945,0.2491803616285324,0.027542509138584137,0.2693825364112854,0.24463067948818207,0.43593771507342655,16.554441293080647,0.7979279359181722,0.16032671928405762,20.210692711671193,0.6736897570557064
6440,31,0.00015374860241980246,0.3961184699726295,0.3798474967479706,0.03208482265472412,0.23420101404190063,0.24618741869926453,0.3013395567735036,18.319633722305298,0.8191026747226715,0.16541457176208496,20.284291875362396,0.6761430625120799
6460,31,0.00015348361799522408,0.3932038132176932,0.24327217042446136,0.021655187010765076,0.20371627807617188,0.22306707501411438,0.552457220852375,15.337286313374838,0.7882040391365687,0.16138958930969238,20.34524551232656,0.6781748504108853
6480,31,0.0001532181080192563,0.41013753424492644,0.32058992981910706,0.03673062101006508,0.37290269136428833,0.36334913969039917,0.3666469119489193,17.677345037460327,0.8008950799703598,0.16046905517578125,20.403433446089426,0.6801144482029808
6500,31,0.00015295207512552712,0.4062928134372694,0.4085175693035126,0.027921272441744804,0.19840246438980103,0.2092573344707489,0.38688959181308746,17.305723031361897,0.8046697427829107,0.15830540657043457,20.46182725429535,0.6820609084765117
6520,31,0.00015268552195285136,0.4115389956648287,0.3429837226867676,0.025270549580454826,0.18380248546600342,0.19325374066829681,0.48690174520015717,16.26090677579244,0.7938354114691416,0.16108322143554688,20.525098280111948,0.6841699426703983
6540,31,0.00015241845114520459,0.40322437966756736,0.37239325046539307,0.03456487879157066,0.22155660390853882,0.22497063875198364,0.4362248753507932,16.985836346944172,0.805223191777865,0.16001272201538086,20.583539696534476,0.6861179898844825
6560,31,0.0001521508653516968,0.4062637676238499,0.3201342523097992,0.02674533985555172,0.2546250820159912,0.24619869887828827,0.42730871339639026,16.891475280125935,0.806141659617424,0.16198229789733887,20.64345014890035,0.688115004963345
6580,31,0.00015188276722654629,0.3988391239476103,0.33963850140571594,0.029505591839551926,0.2430591583251953,0.20326654613018036,0.37910513083140057,17.439319292704266,0.8180887053410212,0.16698098182678223,20.711724090576173,0.6903908030192057
6600,31,0.00015161415942905308,0.4032299438627219,0.3704863488674164,0.022381609305739403,0.14876103401184082,0.13436110317707062,0.33921022961537045,17.97939403851827,0.8170972913503647,0.16608238220214844,20.7745991786321,0.6924866392877367
6620,31,0.0001513450446235729,0.39855488359754554,0.3020486533641815,0.02651819959282875,0.24084317684173584,0.23114030063152313,0.38336144387722015,17.51654052734375,0.8015205611785253,0.16131234169006348,20.838759438196817,0.6946253146065606
6640,32,0.00015107542547949043,0.4132535514435349,0.48441213369369507,0.05040949583053589,0.2999004125595093,0.2927085757255554,0.3077033298710982,17.38266070683797,0.7993338704109192,0.15979647636413574,20.907569901148477,0.6969189967049493
6660,32,0.000150805304671193,0.4241085477864876,0.20277629792690277,0.022112082690000534,0.2527713179588318,0.2480270117521286,0.322026780496041,18.30804983774821,0.8182502488295237,0.15991950035095215,20.968965776761372,0.6989655258920457
6680,32,0.000150534684878044,0.4078941344729246,0.2545703053474426,0.028353750705718994,0.2744952440261841,0.2735530138015747,0.33998628829916316,17.772419293721516,0.805824433763822,0.16164875030517578,21.028074582417805,0.7009358194139269
6700,32,0.00015026356878435626,0.3973985314940787,0.3486522138118744,0.025767013430595398,0.19194424152374268,0.22164219617843628,0.37412728865941364,17.818456729253132,0.8136995633443197,0.16085457801818848,21.086717569828032,0.7028905856609344
6720,32,0.0001499919590793656,0.39369385420061515,0.2549186050891876,0.02783118188381195,0.27883511781692505,0.3003484308719635,0.4530004486441612,16.718519528706867,0.8019504994153976,0.1598351001739502,21.150664166609445,0.7050221388869815
6740,32,0.0001497198584572039,0.3998737890723472,0.2594047784805298,0.02219662070274353,0.23494082689285278,0.22450582683086395,0.37134040519595146,17.63929828008016,0.8000224133332571,0.16195225715637207,21.20989453792572,0.706996484597524
6760,32,0.00014944726961687265,0.3977459435567585,0.23690682649612427,0.013956932350993156,0.10748142004013062,0.13842102885246277,0.3484034538269043,17.976303497950237,0.8167755802472433,0.16283440589904785,21.26955879131953,0.7089852930439843
6780,32,0.0001491741952622159,0.40544781218079656,0.29340943694114685,0.0250304713845253,0.15897363424301147,0.1727261245250702,0.3311913001040618,17.883140405019123,0.811121866106987,0.17345976829528809,21.331442109743755,0.7110480703247918
6800,32,0.00014890063810189369,0.4016464340705753,0.30769577622413635,0.026309479027986526,0.23520934581756592,0.206215500831604,0.36601627866427106,17.49727439880371,0.7980182518561681,0.16334176063537598,21.392829140027363,0.7130943046675788
6820,32,0.00014862660084935498,0.415084527585854,0.2906510531902313,0.023181628435850143,0.18589937686920166,0.17881903052330017,0.41804947952429455,16.955856164296467,0.8050141235192617,0.16275644302368164,21.462164731820426,0.7154054910606809
6840,32,0.00014835208622281093,0.403407938900066,0.24401454627513885,0.01617775671184063,0.16256672143936157,0.17953351140022278,0.3452970025440057,17.88877336184184,0.8120702256759008,0.1634368896484375,21.52639104525248,0.7175463681750828
6860,33,0.00014807709694520773,0.39466735327795954,0.20549368858337402,0.021922852843999863,0.19903236627578735,0.19755810499191284,0.3695267327129841,17.36125659942627,0.8070270965496699,0.17213964462280273,21.607056903839112,0.7202352301279704
6880,33,0.00014780163574419977,0.40477755775250057,0.2951287031173706,0.03267930820584297,0.28342878818511963,0.2773398756980896,0.3589235506951809,17.679819266001385,0.7924476563930511,0.16734647750854492,21.668187300364178,0.7222729100121392
6900,33,0.0001475257053521225,0.41006957197924865,0.36722347140312195,0.032417118549346924,0.24877339601516724,0.2537764310836792,0.3897334188222885,17.303513367970783,0.8058833579222361,0.16785216331481934,21.729943533738453,0.7243314511246152
6920,33,0.00014724930850596528,0.41246007534156215,0.3472624719142914,0.024013616144657135,0.15946197509765625,0.13070634007453918,0.43508994579315186,16.952041784922283,0.7844820866982142,0.16104578971862793,21.794776439666748,0.7264925479888916
6940,33,0.00014697244794734435,0.40924420720482796,0.2986721694469452,0.03611324727535248,0.3185492753982544,0.2947983145713806,0.47904861718416214,16.428452014923096,0.8005590389172236,0.16050410270690918,21.855762791633605,0.7285254263877868
6960,33,0.00014669512642247561,0.4083330983069713,0.291409969329834,0.031162772327661514,0.24015843868255615,0.2610848546028137,0.3819001441200574,17.694947878519695,0.8091406573851904,0.1663517951965332,21.915076927344003,0.7305025642448001
6980,33,0.0001464173466821472,0.3996051887606451,0.2333260476589203,0.016913477331399918,0.17334353923797607,0.16511967778205872,0.33400147035717964,17.97483801841736,0.8083208153645197,0.16172194480895996,21.97659830649694,0.7325532768832312
7000,33,0.0001461391114816925,0.40538796476515304,0.30779924988746643,0.01588493026793003,0.09225374460220337,0.1268901228904724,0.35772598658998805,17.533953269322712,0.7966992855072021,0.17711567878723145,22.036827210585276,0.7345609070195092
7020,33,0.00014586042358096256,0.4068797068198462,0.29479700326919556,0.018547501415014267,0.18411481380462646,0.22170019149780273,0.33818910643458366,17.732325077056885,0.8055203209320704,0.17540740966796875,22.111031715075175,0.7370343905025059
7040,33,0.0001455812857442989,0.3988373676649534,0.27040454745292664,0.024598276242613792,0.2819496989250183,0.26369959115982056,0.3342820939918359,17.903478622436523,0.810750608642896,0.1706559658050537,22.185907252629598,0.7395302417543199
7060,33,0.00014530170074050598,0.39492992737814053,0.2907565236091614,0.025593547150492668,0.2175256609916687,0.22083613276481628,0.3072812830408414,17.991376399993896,0.8064879477024078,0.1631779670715332,22.25179583231608,0.7417265277438694
7080,34,0.00014502167134282381,0.3989733941390635,0.2682456374168396,0.019994139671325684,0.21152174472808838,0.23782753944396973,0.3149331981937091,18.228410482406616,0.815516988436381,0.16431665420532227,22.32960216999054,0.744320072333018
7100,34,0.0001447412003289003,0.4075098742755343,0.37460118532180786,0.04346071928739548,0.30211305618286133,0.3246367275714874,0.3281646594405174,18.408369382222492,0.8248836696147919,0.16148853302001953,22.38839043776194,0.7462796812587315
7120,34,0.00014446029048076388,0.392733748609854,0.29941514134407043,0.02999541163444519,0.27771860361099243,0.2672998309135437,0.37394000465671223,17.68833581606547,0.8084632605314255,0.16978764533996582,22.45654943784078,0.748551647928026
7140,34,0.00014417894458479584,0.3858408111999729,0.3848871886730194,0.02750456891953945,0.2322801947593689,0.22791039943695068,0.4875473479429881,16.376878658930462,0.7902403473854065,0.167586088180542,22.517736041545866,0.7505912013848622
7160,34,0.0001438971654317027,0.38998684356481306,0.2946156859397888,0.016718877479434013,0.15301513671875,0.1502017378807068,0.4504852555692196,16.961512088775635,0.7967560937007269,0.16668248176574707,22.58042256832123,0.7526807522773743
7180,34,0.0001436149558164884,0.38636187785580867,0.3236437439918518,0.026899969205260277,0.18095630407333374,0.20600435137748718,0.41045159349838894,17.550847212473553,0.8090506146351496,0.16601228713989258,22.649197614192964,0.7549732538064321
7200,34,0.0001433323185384268,0.3856606948413483,0.21957023441791534,0.03285861387848854,0.27215033769607544,0.3106662631034851,0.37498286987344426,17.127355655034382,0.7733768274386724,0.1596696376800537,22.710514565308888,0.757017152176963
7220,34,0.0001430492564010338,0.38239593212452094,0.32767343521118164,0.023614954203367233,0.22066807746887207,0.2083970308303833,0.35194438447554904,18.017176310221355,0.810722236831983,0.15898680686950684,22.776303362846374,0.7592101120948791
7240,34,0.00014276577221203953,0.375294364025854,0.2685421109199524,0.02370721660554409,0.25737547874450684,0.22367075085639954,0.37424961974223453,17.52740208307902,0.7952049126227697,0.1724412441253662,22.836363093058267,0.7612121031019423
7260,34,0.00014248186878336046,0.38116121942367376,0.26866036653518677,0.023431003093719482,0.22979873418807983,0.24484650790691376,0.34184104204177856,17.85408107439677,0.8003366688887278,0.16350102424621582,22.897306648890176,0.7632435549630059
7280,35,0.00014219754893107154,0.38311739225601776,0.26541340351104736,0.02802196703851223,0.2520332932472229,0.2926512658596039,0.40125151226917904,17.26999243100484,0.7965661535660425,0.15804529190063477,22.96028987169266,0.7653429957230886
7300,35,0.00014191281547537837,0.39214002418762517,0.38076546788215637,0.02999546192586422,0.2195901870727539,0.1995236575603485,0.41701774547497433,16.81958309809367,0.7967075755198797,0.16488432884216309,23.019565403461456,0.7673188467820485
7320,35,0.00014162767124058906,0.3988643187202794,0.27349376678466797,0.017696090042591095,0.1502765417098999,0.15137188136577606,0.39692239960034686,17.66659204165141,0.8140698124965032,0.16919183731079102,23.08545310497284,0.7695151034990947
7340,35,0.0001413421190550863,0.39154046025857797,0.3242107927799225,0.0276808999478817,0.24124997854232788,0.2396235167980194,0.39092690497636795,17.432464758555096,0.8099881956974665,0.16193747520446777,23.149510530630746,0.7716503510210249
7360,35,0.0001410561617512994,0.38508630612938033,0.29591014981269836,0.025123974308371544,0.21337181329727173,0.2456083595752716,0.3624974551300208,17.747014045715332,0.816601941982905,0.16442108154296875,23.21459610859553,0.7738198702865177
7380,35,0.00014076980216567582,0.3964368354883967,0.28234875202178955,0.01966804824769497,0.1475142240524292,0.17498168349266052,0.4387686538199584,16.897010882695515,0.8107315947612127,0.16276812553405762,23.272926314671835,0.7757642104890612
7400,35,0.00014048304313865368,0.3943910561896021,0.26423096656799316,0.03212335333228111,0.29580050706863403,0.320578396320343,0.5146071637670199,16.108227014541626,0.7941570480664571,0.15810155868530273,23.338077493508656,0.7779359164502886
7420,35,0.0001401958875146329,0.38129349480215413,0.2707732617855072,0.0172581747174263,0.16481953859329224,0.1918453425168991,0.4300001598894596,16.92669685681661,0.7836970686912537,0.15881991386413574,23.400620834032694,0.7800206944677565
7440,35,0.00013990833814194747,0.3821232006621296,0.4409436583518982,0.04041244462132454,0.20046937465667725,0.23977944254875183,0.39786697303255397,17.659650325775146,0.8065674950679144,0.16316771507263184,23.463875969250996,0.7821291989750332
7460,35,0.00013962039787283697,0.3778910290271216,0.2569330632686615,0.015702586621046066,0.15554821491241455,0.18591885268688202,0.39863331615924835,17.412288824717205,0.8079980661471685,0.16040563583374023,23.522772562503814,0.7840924187501271
7480,35,0.00013933206956341827,0.38389485967945114,0.34101182222366333,0.030008822679519653,0.24998867511749268,0.2554332911968231,0.43654728432496387,16.89553173383077,0.8144409656524658,0.16153883934020996,23.58215188185374,0.7860717293951246
7500,36,0.00013904335607365737,0.3781236234133832,0.35500237345695496,0.03352261334657669,0.2555593252182007,0.2670116126537323,0.3830559439957142,17.479105313618977,0.8153797189394633,0.15835356712341309,23.647975118954978,0.7882658372984992
7520,36,0.0001387542602673409,0.39704475053513477,0.3594183027744293,0.03317292779684067,0.26750844717025757,0.25998106598854065,0.3823739265402158,17.684128125508625,0.8127944320440292,0.16065001487731934,23.71021209160487,0.7903404030534956
7540,36,0.0001384647850120477,0.3861649312238462,0.2376992255449295,0.027512652799487114,0.23821717500686646,0.23490619659423828,0.3244420029222965,18.002134402592976,0.8123637735843658,0.15856361389160156,23.76852035522461,0.7922840118408203
7560,36,0.0001381749331791204,0.3857806208023235,0.3458438813686371,0.03561928868293762,0.2490885853767395,0.2487078160047531,0.31484418486555416,18.36334427197774,0.8259274214506149,0.1599118709564209,23.827237490812937,0.7942412496937645
7580,36,0.000137884707643637,0.3833519449799553,0.30980393290519714,0.03711447864770889,0.2703699469566345,0.2938164472579956,0.32219040021300316,17.481181144714355,0.7937802871068319,0.1580033302307129,23.897950116793314,0.7965983372264438
7600,36,0.0001375941112843823,0.3903010369457265,0.31207549571990967,0.02476016990840435,0.1880233883857727,0.17580735683441162,0.40345095346371335,17.51542552312215,0.8207408338785172,0.1585690975189209,23.955984012285867,0.7985328004095289
7620,36,0.00013730314698381932,0.38976996688905136,0.3019172251224518,0.030585458502173424,0.15058904886245728,0.17089331150054932,0.3608103543519974,18.1071515083313,0.8221560666958491,0.1710348129272461,24.019002695878346,0.8006334231959449
7640,36,0.00013701181762806075,0.3762698274535567,0.25299251079559326,0.016496222466230392,0.21321457624435425,0.2298196405172348,0.386315173159043,17.71922818819682,0.8130633880694708,0.16054344177246094,24.08721994161606,0.8029073313872019
7660,36,0.00013672012610684036,0.3772523009863754,0.24265888333320618,0.02332104742527008,0.23393452167510986,0.21907716989517212,0.4875032591323058,16.393420696258545,0.8010594596465429,0.1602613925933838,24.14556851784388,0.8048522839281294
7680,36,0.00013642807531348417,0.3785168365194007,0.41015705466270447,0.033457208424806595,0.27468496561050415,0.2800312936306,0.5112470785776774,16.05592632293701,0.8041139940420786,0.16078972816467285,24.203674443562825,0.8067891481187609
7700,36,0.00013613566814488193,0.38222348420515423,0.3191019296646118,0.028905373066663742,0.29862409830093384,0.25884324312210083,0.4119568665822347,17.171004931132,0.8092557390530905,0.15952014923095703,24.262103569507598,0.8087367856502533
7720,37,0.00013584290750145843,0.38019876606981273,0.20823991298675537,0.023081108927726746,0.23614048957824707,0.2520710825920105,0.4010346767803033,17.276686668395996,0.8174145768086115,0.15916132926940918,24.34562005996704,0.811520668665568
7740,37,0.0001355497962871444,0.3876716840307665,0.3283253312110901,0.03316161036491394,0.31738197803497314,0.3241906762123108,0.3655491955578327,17.85689338048299,0.808328444759051,0.1585407257080078,24.40502541065216,0.8135008470217386
7760,37,0.00013525633740934812,0.39321762276543315,0.3461844325065613,0.028041651472449303,0.23786693811416626,0.24812953174114227,0.41163574407498044,17.28475507100423,0.8010867337385813,0.1613776683807373,24.46366183757782,0.8154553945859273
7780,37,0.00013496253377892633,0.39190831868339276,0.30153030157089233,0.029838021844625473,0.2234211564064026,0.2265743911266327,0.42163929094870883,17.184565941492718,0.8082510232925415,0.15994811058044434,24.522276830673217,0.8174092276891073
7800,37,0.00013466838831015536,0.38682143337771147,0.2545859217643738,0.02242165058851242,0.2019280195236206,0.2041003555059433,0.41537095978856087,17.399773200352985,0.8126802692810694,0.15925955772399902,24.580295503139496,0.8193431834379832
7820,37,0.00013437390392070234,0.39047789491256096,0.22167593240737915,0.016241800040006638,0.1686002016067505,0.20586912333965302,0.4039999929567178,17.54807647069295,0.8189748028914133,0.1589066982269287,24.646658051013947,0.8215552683671316
7840,37,0.0001340790835315962,0.38330078116239324,0.2694671154022217,0.024504413828253746,0.17209464311599731,0.20397436618804932,0.38875097905596095,17.79310878117879,0.8161700318257014,0.15957164764404297,24.705042103926342,0.8235014034642114
7860,37,0.00013378393006719863,0.3924279900927928,0.24214130640029907,0.017912182956933975,0.1510225534439087,0.14813625812530518,0.46796410406629246,16.570562918980915,0.8075326532125473,0.16046977043151855,24.763695228099824,0.8254565076033274
7880,37,0.00013348844645517523,0.39667274524684715,0.35635632276535034,0.0392572358250618,0.3574700355529785,0.34944960474967957,0.3783316823343436,17.722315947214764,0.8059301674365997,0.1595771312713623,24.822782111167907,0.8274260703722636
7900,37,0.00013319263562646633,0.38277248982447654,0.3323785066604614,0.023743709549307823,0.20135068893432617,0.21694573760032654,0.3648791089653969,17.7531836827596,0.8106185793876648,0.16031694412231445,24.88131417830785,0.8293771392769284
7920,38,0.0001328965005152579,0.3773309203281899,0.2850602865219116,0.02337467670440674,0.24365949630737305,0.2609015107154846,0.29648053149382275,18.56901280085246,0.8242195695638657,0.15833353996276855,24.947965506712595,0.8315988502237532
7940,38,0.00013260004405895264,0.37831636866684903,0.23265233635902405,0.016101885586977005,0.1399208903312683,0.1461259424686432,0.36379177992542583,17.908490578333538,0.8176319201787313,0.1618647575378418,25.00939596494039,0.8336465321646797
7960,38,0.00013230326919814065,0.37360807183314443,0.206075057387352,0.02009730413556099,0.22118473052978516,0.21272096037864685,0.3773198512693246,17.63168938954671,0.8053721735874811,0.15800118446350098,25.07304422458013,0.8357681408193376
7980,38,0.0001320061788765703,0.3743182651143016,0.3485143780708313,0.02005394920706749,0.19580256938934326,0.2148115038871765,0.34142181898156804,17.687275171279907,0.7963710427284241,0.16010570526123047,25.131343785921732,0.8377114595307245
8000,38,0.00013170877604111908,0.38474845934950147,0.3229367733001709,0.029626747593283653,0.2741650938987732,0.2954985797405243,0.342568260927995,17.982478221257526,0.8088468760251999,0.1584327220916748,25.1895139058431,0.8396504635281034
8020,38,0.00013141106364176434,0.38307894439998486,0.20552067458629608,0.013350971043109894,0.1960182785987854,0.19801554083824158,0.3589087054133415,17.874298095703125,0.8208524088064829,0.16337037086486816,25.252374454339346,0.8417458151446449
8040,38,0.0001311130446315541,0.38690800882092885,0.4117462635040283,0.03918597847223282,0.19915473461151123,0.2081582397222519,0.37778723364075023,17.500482320785522,0.8185907552639643,0.16207122802734375,25.310337742169697,0.84367792473899
8060,38,0.00013081472196657757,0.3802546780467523,0.23476047813892365,0.019804732874035835,0.17863547801971436,0.17918026447296143,0.32129377002517384,18.313158830006916,0.8287577430407206,0.16114211082458496,25.368344982465107,0.8456114994155036
8080,38,0.00013051609860593606,0.38182218084904695,0.4151145815849304,0.0328284315764904,0.21024394035339355,0.1865355670452118,0.46338363115986186,16.602894226710003,0.8109637399514517,0.15925192832946777,25.42714855273565,0.8475716184245216
8100,38,0.0001302171775117134,0.39122650198150755,0.26322081685066223,0.02308514714241028,0.19337183237075806,0.22899654507637024,0.3512993132074674,18.113075415293377,0.8187145590782166,0.1607363224029541,25.485984321435293,0.8495328107145097
8120,38,0.00012991796164894682,0.3864451666450183,0.2626646161079407,0.024863526225090027,0.1965007185935974,0.21071267127990723,0.39011578634381294,17.494950771331787,0.8086091627677282,0.16059327125549316,25.54881514708201,0.8516271715694004
8140,39,0.00012961845398559732,0.39313371723134294,0.37197867035865784,0.02649594470858574,0.17094051837921143,0.18016962707042694,0.47586612527569133,16.388217210769653,0.8138434042533239,0.16323375701904297,25.610681668917337,0.8536893889639112
8160,39,0.00012931865749252035,0.39405351948571316,0.4175567328929901,0.037906065583229065,0.2450958490371704,0.2736484706401825,0.5249841883778572,15.81256596247355,0.8064846098423004,0.1589064598083496,25.669690589110058,0.8556563529703353
8180,39,0.0001290185751434362,0.3992181588784119,0.25285136699676514,0.01902012713253498,0.157196044921875,0.19497713446617126,0.39452239250143367,17.447141726811726,0.8194264868895212,0.1584630012512207,25.728233512242635,0.8576077837414212
8200,39,0.00012871820991490067,0.38606637084565243,0.31146857142448425,0.026003148406744003,0.1983986496925354,0.22003035247325897,0.4259546101093292,17.2405104637146,0.8151971499125162,0.15840840339660645,25.786954041322073,0.8595651347107357
8220,39,0.00012841756478627553,0.38139210494642184,0.3899170756340027,0.03095557913184166,0.23891443014144897,0.24413840472698212,0.3089644859234492,18.305187066396076,0.8229424009720484,0.1617741584777832,25.849686563014984,0.8616562187671661
8240,39,0.00012811664273969884,0.3928431657482271,0.2505090534687042,0.019838273525238037,0.1367737054824829,0.14287540316581726,0.31687449912230176,18.47057342529297,0.8261095285415649,0.16022133827209473,25.90997539361318,0.8636658464537726
8260,39,0.00012781544676005553,0.3866708086366423,0.21117347478866577,0.01589798927307129,0.1834496259689331,0.15632757544517517,0.4402800314128399,16.96333956718445,0.7923584977785746,0.1586160659790039,25.968796249230703,0.8656265416410234
8280,39,0.0001275139798349475,0.38143350646579954,0.28876280784606934,0.01992359571158886,0.15210801362991333,0.18182121217250824,0.31827520827452344,18.54650863011678,0.8259712805350622,0.16260600090026855,26.027935683727264,0.8675978561242421
8300,39,0.0001272122449546645,0.37685141884741985,0.25353193283081055,0.021930059418082237,0.2188393473625183,0.20613431930541992,0.38712916771570843,17.62130133310954,0.8168217887481054,0.16167473793029785,26.086545733610787,0.869551524453693
8320,39,0.00012691024511215387,0.3813170865535606,0.2991929352283478,0.022795721888542175,0.23909175395965576,0.21729233860969543,0.324105191975832,18.232465664545696,0.8137484043836594,0.4192171096801758,26.15379106203715,0.8717930354012383
8340,39,0.00012660798330299137,0.3799774232191375,0.22686022520065308,0.02112443745136261,0.18475979566574097,0.20879416167736053,0.33647888774673146,18.44660743077596,0.8281143208344778,0.15898513793945312,26.21231620311737,0.8737438734372457
8360,40,0.00012630546252535114,0.37581854425041555,0.2807217240333557,0.020476114004850388,0.16991907358169556,0.1768771857023239,0.3161392640322447,18.085647344589233,0.8107370386521021,0.15871500968933105,26.274544898668925,0.8758181632889641
8380,40,0.00012600268577997602,0.3808507697943653,0.3396510183811188,0.024150794371962547,0.22638273239135742,0.20981727540493011,0.33915510525306064,18.366738001505535,0.8215979288021723,0.1598191261291504,26.332808224360146,0.8777602741453383
8400,40,0.0001256996560701479,0.3759858517300003,0.2290010303258896,0.02279176376760006,0.2215125560760498,0.2393391728401184,0.3783929670850436,17.623055696487427,0.8218930612007777,0.16325664520263672,26.396041651566822,0.8798680550522274
8420,40,0.00012539637640165784,0.3789241906895855,0.3065340220928192,0.016445742920041084,0.13850831985473633,0.15070275962352753,0.3933975510299206,17.490480264027912,0.8077410111824671,0.15963196754455566,26.45827969710032,0.8819426565700107
8440,40,0.00012509284978277628,0.37930990220821853,0.25136661529541016,0.026817686855793,0.2602984309196472,0.2597564160823822,0.3361129139860471,18.01043462753296,0.8153842240571976,0.1600635051727295,26.516818277041118,0.8838939425680372
8460,40,0.00012478907922422314,0.38317294736977237,0.209834024310112,0.022471068426966667,0.21807372570037842,0.24283286929130554,0.35520650322238606,17.868571281433105,0.817934845884641,0.1601276397705078,26.57536735534668,0.885845578511556
8480,40,0.0001244850677391381,0.38301464173726146,0.2858550250530243,0.019746089354157448,0.2124304175376892,0.18788862228393555,0.34505367527405423,17.967487732569378,0.8207342028617859,0.16504311561584473,26.63451516230901,0.887817172076967
8500,40,0.00012418081834305054,0.38331917027139034,0.2874769866466522,0.02465411089360714,0.17976289987564087,0.2347206175327301,0.3096002073337634,18.166043678919475,0.8156727999448776,0.15979290008544922,26.69359093507131,0.889786364502377
8520,40,0.00012387633405384975,0.38623178363795735,0.244957834482193,0.019344892352819443,0.16986805200576782,0.1587875783443451,0.33619129409392673,17.97608518600464,0.8138064394394556,0.16027188301086426,26.763466302553812,0.8921155434184604
8540,40,0.00012357161789175493,0.3835534138697346,0.25935646891593933,0.03054489940404892,0.28641414642333984,0.2674523591995239,0.3226705888907115,18.35024356842041,0.83030866086483,0.15799403190612793,26.821958792209625,0.8940652930736541
8560,40,0.00012326667287928533,0.3802390989642043,0.3613513112068176,0.018843915313482285,0.1649067997932434,0.18435335159301758,0.37613321592410404,17.748582522074383,0.8196930040915807,0.1580662727355957,26.879961335659026,0.8959987111886343
8580,41,0.00012296150204123008,0.382006628857504,0.2463412582874298,0.018724042922258377,0.18963605165481567,0.18319176137447357,0.2965582280109326,18.608445405960083,0.8304408192634583,0.15884065628051758,26.94730203151703,0.8982434010505677
8600,41,0.00012265610840461836,0.3689913781416228,0.20833873748779297,0.014466490596532822,0.15048813819885254,0.16193413734436035,0.3890776261687279,17.54821761449178,0.8171643813451132,0.16181683540344238,27.010349448521932,0.9003449816173977
8620,41,0.00012235049499868936,0.3745759566840878,0.32283884286880493,0.021876556798815727,0.18584465980529785,0.22332964837551117,0.3279670017460982,18.0923277537028,0.8191268742084503,0.1593334674835205,27.073040266831715,0.9024346755610572
8640,41,0.00012204466485486212,0.38444594387934555,0.30578160285949707,0.02093706652522087,0.18481916189193726,0.17831818759441376,0.35284439101815224,18.07230083147685,0.8232806523640951,0.16121220588684082,27.13154400984446,0.9043848003281487
8660,41,0.00012173862100670556,0.38368868124162825,0.2830074727535248,0.015176178887486458,0.18579548597335815,0.18522493541240692,0.3792315522829692,17.89947819709778,0.8185138056675593,0.15984678268432617,27.19003781080246,0.9063345936934153
8680,41,0.00012143236648990843,0.3892107705293119,0.31641700863838196,0.02692817896604538,0.29280948638916016,0.28045013546943665,0.3770821491877238,17.796369870503742,0.8223321338494619,0.15883541107177734,27.24862819512685,0.9082876065042284
8700,41,0.00012112590434224898,0.3798997272911664,0.18893124163150787,0.02661474607884884,0.20289915800094604,0.25152871012687683,0.3938470706343651,17.560598532358807,0.8179333209991455,0.1611325740814209,27.30739760796229,0.9102465869320764
8720,41,0.00012081923760356514,0.3712120551823228,0.32233595848083496,0.036728955805301666,0.32933735847473145,0.3073357343673706,0.3786048466960589,17.71832791964213,0.8138812383015951,0.15963172912597656,27.369829332828523,0.9123276444276174
8740,41,0.00012051236931572404,0.37913622648776313,0.3145970404148102,0.0214735995978117,0.21941977739334106,0.22092072665691376,0.41404005388418835,17.09898805618286,0.8174117753903071,0.1602470874786377,27.43547559181849,0.9145158530606163
8760,41,0.00012020530252259219,0.3846344295738212,0.3883383274078369,0.024554243311285973,0.16492265462875366,0.2045157551765442,0.4097793574134509,17.121514081954956,0.8173311203718185,0.15851449966430664,27.50334576368332,0.9167781921227773
8780,42,0.00011989804027000491,0.3843782734260474,0.2901993989944458,0.02184228226542473,0.22620224952697754,0.2522045969963074,0.346448440104723,18.14681847890218,0.8238572974999746,0.15810298919677734,27.569035200277963,0.9189678400092655
8800,42,0.00011959058560573641,0.38178763354152595,0.3175099492073059,0.02600887417793274,0.2110026478767395,0.21898435056209564,0.36343318099776906,17.827314535776775,0.827099213997523,0.1595299243927002,27.627418847878776,0.9209139615959592
8820,42,0.00011928294157946948,0.3791796257592253,0.19994980096817017,0.0128044243901968,0.1762358546257019,0.18537405133247375,0.3427615389227867,17.86195731163025,0.8152346163988113,0.15827107429504395,27.69248830874761,0.9230829436249203
8840,42,0.00011897511124276514,0.3769590748017989,0.3932041823863983,0.03421875834465027,0.2270662784576416,0.21903029084205627,0.3079063730935256,18.018044233322144,0.8153469214836756,0.16217327117919922,27.75068484544754,0.9250228281815847
8860,42,0.00011866709764903252,0.3708835637870203,0.24612954258918762,0.017702078446745872,0.1872151494026184,0.22454562783241272,0.38299570977687836,17.57774567604065,0.8251181642214457,0.16227984428405762,27.809080461661022,0.9269693487220341
8880,42,0.00011835890385349846,0.36871749368270335,0.29988136887550354,0.025182928889989853,0.26397770643234253,0.2547730803489685,0.33965158462524414,18.122115691502888,0.8266646961371104,0.16122102737426758,27.8672856092453,0.9289095203081766
8900,42,0.00011805053291317723,0.37208577338697674,0.19068500399589539,0.01769641600549221,0.1890084147453308,0.19081124663352966,0.3088833764195442,18.62256956100464,0.8303538908561071,0.1608748435974121,27.932338166236878,0.9310779388745626
8920,42,0.00011774198788684027,0.373181865242488,0.2246139645576477,0.014682270586490631,0.12646156549453735,0.14715121686458588,0.32805899033943814,18.200858116149902,0.8171779861052831,0.1630244255065918,27.99728480577469,0.9332428268591563
8940,42,0.00011743327183498577,0.3803445765486465,0.29372483491897583,0.03072642907500267,0.2973223924636841,0.24033349752426147,0.40615728745857876,17.29516903559367,0.8170357147852579,0.16106224060058594,28.055270969867706,0.9351756989955902
8960,42,0.00011712438781980832,0.38422092926471796,0.33572471141815186,0.0227520614862442,0.1985437273979187,0.22222277522087097,0.3658651237686475,18.004953304926556,0.8234033981959025,0.15840578079223633,28.115427891413372,0.937180929713779
8980,42,0.00011681533890516863,0.3862832043838749,0.25939351320266724,0.026155410334467888,0.2010093331336975,0.24675485491752625,0.3368869833648205,17.98790184656779,0.8167997847000757,0.16488122940063477,28.174275596936543,0.9391425198978848
9000,43,0.000116506128156563,0.3800750352187512,0.2591644525527954,0.024081718176603317,0.2983894944190979,0.24916279315948486,0.3063926324248314,18.289162317911785,0.8164790173371633,0.16048622131347656,28.236656653881074,0.9412218884627024
9020,43,0.00011619675864109303,0.37479181076729273,0.30260929465293884,0.0300802793353796,0.22223007678985596,0.18170130252838135,0.3156821094453335,18.19284113248189,0.8150465935468674,0.15807533264160156,28.29895750284195,0.9432985834280649
9040,43,0.00011588723342743512,0.37368249815443594,0.327942430973053,0.01758686639368534,0.15011632442474365,0.18216705322265625,0.2971643911053737,18.820586284001667,0.835080290834109,0.15979313850402832,28.357230293750764,0.9452410097916921
9060,43,0.00011557755558581007,0.3811421028724618,0.3152235448360443,0.02085026726126671,0.171347975730896,0.16824403405189514,0.2953272716452678,18.444220781326294,0.8285195926825205,0.16101837158203125,28.419962195555367,0.947332073185179
9080,43,0.00011526772818795265,0.374291568502914,0.2013573795557022,0.027259206399321556,0.23570585250854492,0.2629545331001282,0.3143052024145921,18.279908498128254,0.8272516578435898,0.1594698429107666,28.47872973680496,0.949290991226832
9100,43,0.00011495775430708102,0.3759019336517372,0.3527633249759674,0.042292751371860504,0.3478918671607971,0.37209948897361755,0.3927528460820516,17.58210015296936,0.8200376828511556,0.16024565696716309,28.537209447224935,0.9512403149074978
9120,43,0.00011464763701786637,0.37245160810068784,0.27239498496055603,0.02396972104907036,0.2108740210533142,0.22677205502986908,0.3201316644748052,17.923300743103027,0.8138749003410339,0.1585235595703125,28.600124843915303,0.9533374947971768
9140,43,0.00011433737939640241,0.3584295174881436,0.2466016262769699,0.018673105165362358,0.18579882383346558,0.18966232240200043,0.31669159171481925,18.33848237991333,0.8212733715772629,0.1623835563659668,28.65898779233297,0.9552995930777656
9160,43,0.00011402698452017477,0.37437678854621326,0.20392245054244995,0.03050415776669979,0.3025396466255188,0.3218974769115448,0.28940553839008015,18.61650021870931,0.8295127948125204,0.1612710952758789,28.717757256825767,0.9572585752275256
9180,43,0.00011371645546803055,0.38132427655327394,0.3644980490207672,0.04820355400443077,0.16414296627044678,0.1690404713153839,0.3107074362536271,17.68211833635966,0.8062788893779119,0.15877866744995117,28.77757039864858,0.9592523466216193
9200,43,0.00011340579532014774,0.3879711604607358,0.4558446705341339,0.07531682401895523,0.30594682693481445,0.3207002878189087,0.2942548661182324,18.361666997273762,0.8292239060004553,0.16037344932556152,28.83673356374105,0.9612244521247016
9220,44,0.00011309500715800473,0.38217557326740503,0.334087610244751,0.04583733528852463,0.2449033260345459,0.2483293116092682,0.30435390087465447,18.365278323491413,0.8259375741084417,0.15859389305114746,28.91302226384481,0.9637674087948269
9240,44,0.00011278409406434964,0.3791444705661042,0.21799083054065704,0.029351627454161644,0.22644639015197754,0.21515098214149475,0.37067144364118576,17.349560896555584,0.8101129432519277,0.15891408920288086,28.977096807956695,0.9659032269318899
9260,44,0.00011247305912316987,0.3774808898618951,0.44275128841400146,0.0383426807820797,0.22391629219055176,0.24943754076957703,0.29193638389309245,18.735912164052326,0.8362084875504175,0.1592087745666504,29.035542352994284,0.9678514117664762
9280,44,0.00011216190541966138,0.3729964022019722,0.24470388889312744,0.034309886395931244,0.31563758850097656,0.2899506092071533,0.3443591532607873,18.202428499857586,0.8251598278681437,0.15907740592956543,29.094009749094646,0.9698003249698215
9300,44,0.00011185063604019815,0.36863028184464053,0.3530227839946747,0.02847132459282875,0.2150096297264099,0.2430027425289154,0.3420954644680023,18.30378595987956,0.8241480191548666,0.16235876083374023,29.15275930563609,0.9717586435212029
9320,44,0.00011153925407230164,0.3622220678007447,0.3334949314594269,0.021723076701164246,0.16214865446090698,0.1739053577184677,0.3564245328307152,17.919642686843872,0.8294147799412409,0.16161751747131348,29.216133570671083,0.9738711190223693
9340,44,0.00011122776260461,0.3721574722829958,0.337984561920166,0.024935811758041382,0.19508248567581177,0.19179460406303406,0.32705412805080414,18.51936419804891,0.830262174208959,0.1598069667816162,29.274680010477702,0.9758226670159234
9360,44,0.00011091616472684757,0.37883368250810967,0.24871434271335602,0.021400120109319687,0.21214932203292847,0.19827786087989807,0.3746795492867629,18.029810269673664,0.8112009018659592,0.15930414199829102,29.333218212922414,0.9777739404307472
9380,44,0.00011060446352979417,0.38230140417223857,0.28239205479621887,0.031072542071342468,0.2928628921508789,0.28037819266319275,0.4246643893420696,17.139681736628216,0.7976982146501541,0.16045594215393066,29.391529071331025,0.9797176357110341
9400,44,0.00011029266210525449,0.38385432268526926,0.28390905261039734,0.026693113148212433,0.235057532787323,0.23569414019584656,0.35812213147679967,18.054577906926472,0.8241808066765467,0.16043472290039062,29.449699807167054,0.9816566602389017
9420,45,0.00010998076354602732,0.37663900386285887,0.3296283483505249,0.03486676886677742,0.31333839893341064,0.32799065113067627,0.29628699893752736,18.755436817804974,0.8271990120410919,0.15819811820983887,29.532886346181233,0.9844295448727078
9440,45,0.00010966877094587502,0.38410359101071073,0.2364175170660019,0.020218005403876305,0.1489047408103943,0.1957768201828003,0.28880579210817814,18.765663305918377,0.829449271162351,0.15892243385314941,29.590792127450307,0.9863597375816769
9460,45,0.00010935668739949269,0.38611283876048236,0.2566014528274536,0.024295847862958908,0.18262261152267456,0.18969392776489258,0.30884065975745517,18.473495483398438,0.8217079887787501,0.23617291450500488,29.650466132164002,0.9883488710721334
9480,45,0.00010904451600247761,0.36773156700724347,0.2087288498878479,0.02111114375293255,0.21030133962631226,0.23234722018241882,0.3928629631797473,17.628342707951862,0.8265160024166107,0.1584618091583252,29.708972922960918,0.9902990974320306
9500,45,0.00010873225985129837,0.3685342684149366,0.48244765400886536,0.0402277372777462,0.20126736164093018,0.19994132220745087,0.4045807446042697,17.356286843617756,0.8152663161357244,0.15902256965637207,29.771047389507295,0.9923682463169098
9520,45,0.00010841992204326431,0.36644940011339555,0.30807894468307495,0.026806985959410667,0.2359553575515747,0.21473658084869385,0.34976691628495854,18.08732008934021,0.8247676193714142,0.16111016273498535,29.833618740240734,0.9944539580080244
9540,45,0.00010810750567649472,0.37038396458346773,0.24726320803165436,0.01751764863729477,0.1353510022163391,0.15371087193489075,0.3190120868384838,18.214054981867474,0.8227708786725998,0.159193754196167,29.892011519273122,0.9964003839757707
9560,45,0.00010779501384988811,0.3698432332389651,0.33848604559898376,0.015931464731693268,0.16969388723373413,0.17277607321739197,0.3257431710759799,18.55230402946472,0.8326115757226944,0.1597614288330078,29.950371901194256,0.9983457300398085
9580,45,0.00010748244966309154,0.3666319049114045,0.31270092725753784,0.01933768391609192,0.13338828086853027,0.14674332737922668,0.3105747886002064,18.334805727005005,0.823151707649231,0.16002130508422852,30.012329987684886,1.000410999589496
9600,45,0.00010716981621646975,0.3708183948700036,0.22499440610408783,0.02093714289367199,0.2666738033294678,0.22151121497154236,0.28762714999417466,18.444596608479817,0.8239930272102356,0.15819907188415527,30.070431951681773,1.0023477317227258
9620,45,0.00010685711661107454,0.37930529931983864,0.32930469512939453,0.02369425818324089,0.1441178321838379,0.14182311296463013,0.357820600271225,18.089678287506104,0.8226573566595713,0.1588730812072754,30.132709006468456,1.0044236335489485
9640,46,0.00010654435394861384,0.3746156895993645,0.2506994903087616,0.027768563479185104,0.26437681913375854,0.24534130096435547,0.3762548280258973,17.846065600713093,0.827078158656756,0.15923380851745605,30.197114630540213,1.0065704876846737
9660,46,0.00010623153133142121,0.37328708444547926,0.2436991035938263,0.022214919328689575,0.2282402515411377,0.23658448457717896,0.3874429389834404,17.709038496017456,0.8254770189523697,0.16028523445129395,30.256044320265453,1.008534810675515
9680,46,0.0001059186518624248,0.3798095066618282,0.26968276500701904,0.020545508712530136,0.15608805418014526,0.16049467027187347,0.3964913487434387,17.580370664596558,0.8198223859071732,0.16051292419433594,30.314800250530244,1.0104933416843414
9700,46,0.00010560571864511666,0.3794840859679482,0.2887033224105835,0.024355288594961166,0.1544758677482605,0.1750296801328659,0.3036139706770579,18.642226457595825,0.8302521159251531,0.15850329399108887,30.377863792578378,1.0125954597526126
9720,46,0.00010529273478352208,0.37330081600203985,0.2995164692401886,0.048264335840940475,0.26360440254211426,0.26516997814178467,0.33507538338502246,18.359403769175213,0.8182420879602432,0.16340422630310059,30.444055386384328,1.014801846212811
9740,46,0.00010497970338216859,0.3730026879591608,0.2971089780330658,0.021282514557242393,0.16086947917938232,0.18910270929336548,0.3327473575870196,18.212436358133953,0.8193617363770803,0.15961956977844238,30.50235059261322,1.016745019753774
9760,46,0.00010466662754605535,0.3699111948451246,0.19173020124435425,0.015813563019037247,0.22898656129837036,0.21370767056941986,0.3328307655950387,18.424451510111492,0.8244913617769877,0.16231679916381836,30.560636798540752,1.0186878932846917
9780,46,0.0001043535103806223,0.3702691259306599,0.2569674849510193,0.030978914350271225,0.25907474756240845,0.25293800234794617,0.3351725364724795,18.31137776374817,0.8219564805428187,0.1598198413848877,30.61933377981186,1.020644459327062
9800,46,0.00010404035499171917,0.36536707252803213,0.29147955775260925,0.03287116438150406,0.24463117122650146,0.262784481048584,0.3569496062894662,18.09811019897461,0.8250012199083964,0.1606919765472412,30.677771361668906,1.0225923787222968
9820,46,0.000103727164485575,0.3735556345730294,0.2875671088695526,0.03565196320414543,0.22385728359222412,0.2445240616798401,0.2766699443260829,18.93600877126058,0.8424936284621557,0.15846824645996094,30.740539407730104,1.0246846469243367
9840,46,0.0001034139419687671,0.3703434196433375,0.2587810754776001,0.023215021938085556,0.20869815349578857,0.22233045101165771,0.3502342477440834,17.449205954869587,0.8028270900249481,0.16066765785217285,30.80238012870153,1.026746004290051
9860,47,0.00010310069054819031,0.3826070514788856,0.36681124567985535,0.020083067938685417,0.1211090087890625,0.16035133600234985,0.3095690608024597,18.5253005027771,0.8258832444747289,0.1582489013671875,30.869243983427683,1.0289747994475895
9880,47,0.00010278741333102615,0.37504622618327643,0.22373923659324646,0.025973111391067505,0.32806140184402466,0.3098859190940857,0.41733097036679584,16.978896538416546,0.8246987760066986,0.15816521644592285,30.927124965190888,1.0309041655063629
9900,47,0.00010247411342471199,0.36845506819654317,0.25503578782081604,0.017236914485692978,0.11896681785583496,0.15911631286144257,0.4027621125181516,17.133499304453533,0.8094412287076315,0.15995216369628906,30.985648433367412,1.0328549477789137
9920,47,0.00010216079393691037,0.3673254842084101,0.27799922227859497,0.01946648769080639,0.189782977104187,0.1866835057735443,0.3231750875711441,18.149121363957722,0.8073067665100098,0.16126465797424316,31.050703271230063,1.0350234423743354
9940,47,0.00010184745797547795,0.3685887108478373,0.3770707845687866,0.037754692137241364,0.29649215936660767,0.31725233793258667,0.38534294565518695,17.52059006690979,0.8223746865987778,0.1609635353088379,31.109501087665556,1.036983369588852
9960,47,0.00010153410864843482,0.3758635007270673,0.30152541399002075,0.026457782834768295,0.1983526349067688,0.19559715688228607,0.3180800626675288,18.16973002751668,0.8191935022672018,0.1604461669921875,31.16770801941554,1.0389236006471845
9980,47,0.00010122074906393372,0.3764685250470329,0.2178438901901245,0.010654319077730179,0.14826607704162598,0.1386423408985138,0.34303003177046776,18.28662172953288,0.8216290920972824,0.158552885055542,31.22609872817993,1.0408699576059977
10000,47,0.000100907382330229,0.37521091730183354,0.27076759934425354,0.030687596648931503,0.20009756088256836,0.20672819018363953,0.29778456191221875,18.517240206400555,0.8273438761631647,0.16010761260986328,31.2927760442098,1.0430925348069933
10020,47,0.00010059401155564604,0.3793479665847603,0.39848780632019043,0.031478725373744965,0.18020099401474,0.21332919597625732,0.3949291917184989,17.539939562479656,0.8102829257647196,0.16323208808898926,31.35536470413208,1.0451788234710693
10040,47,0.00010028063984855026,0.3795258325270233,0.42799314856529236,0.02801884338259697,0.17897850275039673,0.17180758714675903,0.46004953732093173,16.790931701660156,0.8191394855578741,0.15885257720947266,31.41371666987737,1.0471238889959122
10060,48,9.996727031731629e-05,0.3853225388635189,0.20882610976696014,0.016868874430656433,0.1707296371459961,0.16598789393901825,0.35231612871090573,18.277294635772705,0.8218016425768534,0.15378499031066895,31.4862922112147,1.0495430737071567
10080,48,9.965390607029726e-05,0.38095036502178914,0.23435473442077637,0.02482352964580059,0.19075757265090942,0.23877160251140594,0.44369596242904663,16.992440303166706,0.8184792647759119,0.15823698043823242,31.543947911262514,1.051464930375417
10100,48,9.93405502157938e-05,0.3804305428848045,0.41977837681770325,0.03689483553171158,0.2658296227455139,0.2541956305503845,0.31995948528250057,18.55085547765096,0.8270936558643976,0.1580960750579834,31.601717793941496,1.0533905931313832
10120,48,9.902720586202338e-05,0.38175499706625615,0.29502853751182556,0.02400054596364498,0.2125488519668579,0.22037401795387268,0.3014197510977586,18.376022736231487,0.8263771086931229,0.15894007682800293,31.664689632256827,1.0554896544085608
10140,48,9.871387611708935e-05,0.37577449136682844,0.29122674465179443,0.021653493866324425,0.1703411340713501,0.1979939192533493,0.30625850210587185,18.549078067143757,0.8299518078565598,0.16257500648498535,31.722999747594198,1.0574333249198067
10160,48,9.840056408895008e-05,0.3695184157892229,0.3570515513420105,0.030465368181467056,0.18210768699645996,0.18941323459148407,0.3099578842520714,18.565098365147907,0.8296678960323334,0.15893292427062988,31.781295414765676,1.0593765138255224
10180,48,9.808727288538837e-05,0.3639096086707709,0.1850249469280243,0.024031272158026695,0.24720782041549683,0.2596839368343353,0.37023000543316203,17.909907579421997,0.8264772494633993,0.15931129455566406,31.83971961736679,1.0613239872455598
10200,48,9.777400561398027e-05,0.3624510352927511,0.3012934923171997,0.018142331391572952,0.1309160590171814,0.11752699315547943,0.35896547014514607,17.857864538828533,0.8178563217322031,0.4919764995574951,31.903926877180734,1.063464229239358
10220,48,9.746076538206462e-05,0.3694042935045916,0.4458862245082855,0.044575706124305725,0.24030756950378418,0.2626391053199768,0.38185102492570877,17.8258904616038,0.8216583381096522,0.16014838218688965,31.966652599970498,1.0655550866656833
10240,48,9.714755529671193e-05,0.3652083059061204,0.14512722194194794,0.007610872387886047,0.07594293355941772,0.10360588878393173,0.3669043891131878,17.988669236501057,0.8283234884341558,0.15978240966796875,32.02577540874481,1.0675258469581603
10260,48,9.683437846469372e-05,0.3753971691128044,0.33382371068000793,0.03330709785223007,0.2525293827056885,0.2721112370491028,0.2952353886018197,18.543703079223633,0.8282387057940165,0.16002988815307617,32.08791111310323,1.0695970371034411
10280,49,9.652123799245168e-05,0.37915013303717027,0.3114783465862274,0.01876125857234001,0.14034342765808105,0.15551307797431946,0.32470596209168434,18.35338521003723,0.8254317939281464,0.1605539321899414,32.15241510470708,1.0717471701569028
10300,49,9.62081369860668e-05,0.3845351630716067,0.3487779498100281,0.04829529672861099,0.2578297257423401,0.2213062345981598,0.33697062358260155,18.285270531972248,0.8202839096387228,0.1600947380065918,32.21088632742564,1.0736962109141879
10320,49,9.58950785512287e-05,0.37860637566407734,0.21747398376464844,0.030064132064580917,0.20670318603515625,0.22012528777122498,0.3302982325355212,18.516698439915974,0.8330661058425903,0.16045141220092773,32.27334057887395,1.0757780192957984
10340,49,9.558206579320463e-05,0.37080775072906824,0.3093721866607666,0.026207825168967247,0.29954689741134644,0.30315181612968445,0.31541065126657486,18.635688702265423,0.834371546904246,0.16208481788635254,32.33241849342982,1.0777472831143273
10360,49,9.526910181680873e-05,0.3813513431918313,0.475996196269989,0.04047296568751335,0.17790663242340088,0.19287854433059692,0.2843499102940162,18.348373889923096,0.8333080758651098,0.16002750396728516,32.390754369894665,1.079691812329822
10380,49,9.495618972637144e-05,0.3860094293233428,0.2628132998943329,0.02633928507566452,0.22295105457305908,0.22234034538269043,0.34273170679807663,18.2275017897288,0.833168605963389,0.15953755378723145,32.44947236776352,1.0816490789254507
10400,49,9.464333262570834e-05,0.3807258358400376,0.21440772712230682,0.02317705564200878,0.21342909336090088,0.21809867024421692,0.33725925038258237,18.190701484680176,0.8285174717505773,0.15913128852844238,32.512728536128996,1.0837576178709667
10420,49,9.433053361808975e-05,0.36846993228137426,0.28980278968811035,0.026738867163658142,0.19030141830444336,0.18563568592071533,0.3435516990721226,18.33690532048543,0.8334288646777471,0.15977978706359863,32.57623031536738,1.0858743438455793
10440,49,9.401779580620956e-05,0.37253902817468654,0.32587799429893494,0.02501312643289566,0.15300071239471436,0.15291613340377808,0.30060403669873875,18.716016848882038,0.8384648660818735,0.15847063064575195,32.63463847239812,1.0878212824132707
10460,49,9.370512229215478e-05,0.36782463177226526,0.24947389960289001,0.026372477412223816,0.24313253164291382,0.23348502814769745,0.32100888962546986,18.53774817784627,0.8362499624490738,0.16033172607421875,32.69286290407181,1.0897620968023936
10480,49,9.339251617737466e-05,0.3685771000847281,0.2624244689941406,0.026781758293509483,0.21387630701065063,0.2150382250547409,0.37921394407749176,17.48855463663737,0.8160388916730881,0.1627216339111328,32.75144631067912,1.0917148770226373
10500,50,9.30799805626498e-05,0.3671957550577376,0.22291307151317596,0.01905011385679245,0.1559198498725891,0.16994445025920868,0.3405238265792529,17.842060645421345,0.8098622014125189,0.16068053245544434,32.81435672442118,1.0938118908140395
10520,50,9.276751854806161e-05,0.370165891877282,0.34636610746383667,0.01956445723772049,0.1326647400856018,0.15494737029075623,0.37683044746518135,17.764949162801106,0.8219366172949473,0.1586322784423828,32.883706108729044,1.0961235369576348
10540,50,9.245513323296137e-05,0.3591283483029789,0.23207254707813263,0.023600779473781586,0.17373770475387573,0.20079728960990906,0.3448009416460991,18.113879839579266,0.8240503420432409,0.1618053913116455,32.94178065458934,1.0980593551529778
10560,50,9.214282771593958e-05,0.35807832593799127,0.22796568274497986,0.025302402675151825,0.19123095273971558,0.22640439867973328,0.3142622585097949,18.506906350453693,0.8296095331509908,0.1599419116973877,33.000415007273354,1.1000138335757785
10580,50,9.183060509479528e-05,0.36130419912059847,0.35956865549087524,0.054662566632032394,0.22025752067565918,0.20723691582679749,0.3290211136142413,18.361416578292847,0.8302604903777441,0.15846729278564453,33.06319479147593,1.1021064930491977
10600,50,9.151846846650514e-05,0.36434629744585384,0.3396681547164917,0.03975503519177437,0.31586140394210815,0.3295641839504242,0.3086092819770177,18.63630970319112,0.8350182324647903,0.159163236618042,33.12183356285095,1.1040611187616984
10620,50,9.1206420927193e-05,0.36518242152723235,0.24395202100276947,0.02261071465909481,0.229153573513031,0.2322661131620407,0.36741934965054196,17.9647376537323,0.8317691137393316,0.15978717803955078,33.18479593594869,1.106159864531623
10640,50,9.089446557209891e-05,0.37170503533103194,0.35019317269325256,0.030791863799095154,0.2730884552001953,0.25901076197624207,0.41812657564878464,17.405942757924397,0.816496009627978,0.16034865379333496,33.24781412680944,1.1082604708936479
10660,50,9.05826054955485e-05,0.3714279185671177,0.20887203514575958,0.027591031044721603,0.28806430101394653,0.2824183404445648,0.313703466206789,18.616898854573567,0.8383003125588099,0.15871357917785645,33.305871323744455,1.110195710791482
10680,50,9.027084379092248e-05,0.36909433336798314,0.28338623046875,0.030492588877677917,0.1651519536972046,0.1743025779724121,0.35461893305182457,18.157280921936035,0.8314311355352402,0.15907502174377441,33.364297008514406,1.1121432336171468
10700,50,8.99591835506256e-05,0.37239058033207273,0.30172839760780334,0.028560813516378403,0.2088533639907837,0.23022028803825378,0.38431622957189876,17.7057257493337,0.8266363988320032,0.1583998203277588,33.42266666491826,1.1140888888306089
10720,51,8.964762786605635e-05,0.37812429303066253,0.3396892249584198,0.032815899699926376,0.2194562554359436,0.260235071182251,0.37885866314172745,17.693264802296955,0.8178311636050543,0.16063594818115234,33.495491154988606,1.1165163718329536
10740,51,8.9336179827576e-05,0.380537453909087,0.3886842429637909,0.034306660294532776,0.25559890270233154,0.25226280093193054,0.36638620123267174,18.09146777788798,0.8274266322453817,0.1588888168334961,33.553504033883414,1.1184501344627804
10760,51,8.902484252447805e-05,0.38194059323503554,0.2829858958721161,0.02129354141652584,0.18245196342468262,0.16780796647071838,0.3590992900232474,18.14152765274048,0.8320763260126114,0.15886855125427246,33.61202863454819,1.1204009544849396
10780,51,8.871361904495773e-05,0.3837648545822784,0.2911636531352997,0.023443451151251793,0.28937017917633057,0.2577064037322998,0.29204616509377956,18.555277983347576,0.8302127023537954,0.15962982177734375,33.67042858600617,1.122347619533539
10800,51,8.840251247608109e-05,0.38716801480816565,0.361419677734375,0.027984704822301865,0.18602383136749268,0.17529615759849548,0.37941467265288037,17.557571093241375,0.8335076173146566,0.15912580490112305,33.728755776087446,1.1242918592029147
10820,51,8.809152590375467e-05,0.37639639734869074,0.33918559551239014,0.04118039458990097,0.19071239233016968,0.211826890707016,0.42549553513526917,16.814744075139362,0.818559318780899,0.15887856483459473,33.79122420946757,1.1263741403155856
10840,51,8.778066241269466e-05,0.3867767867248161,0.33148133754730225,0.018545087426900864,0.10714030265808105,0.12857170403003693,0.28179237929483253,18.493120670318604,0.8339785089095434,0.1609187126159668,33.851901948451996,1.1283967316150665
10860,51,8.746992508639636e-05,0.3820235507368945,0.293854683637619,0.02014293149113655,0.11944657564163208,0.1279929280281067,0.34405849128961563,18.20133153597514,0.8263333688179652,0.16027474403381348,33.910347672303516,1.1303449224101172
10880,51,8.715931700710374e-05,0.38152785825076685,0.32061561942100525,0.026478715240955353,0.12928694486618042,0.140497088432312,0.40942485506335896,17.511067152023315,0.8236300547917684,0.34519410133361816,33.97209204037984,1.1324030680126613
10900,51,8.684884125577861e-05,0.3825180318855133,0.2838301956653595,0.030382022261619568,0.22779041528701782,0.23699717223644257,0.372558768838644,17.95853614807129,0.8316080123186111,0.16192936897277832,34.03048379818598,1.1343494599395327
10920,52,8.653850091207036e-05,0.38685272614347194,0.2538450062274933,0.021556507796049118,0.18439513444900513,0.18824920058250427,0.31799595803022385,18.53900957107544,0.8342742224534353,0.16197967529296875,34.09654068549474,1.136551356183158
10940,52,8.622829905428514e-05,0.38967882149647537,0.2107170671224594,0.016500813886523247,0.16819554567337036,0.18920032680034637,0.368625957518816,17.937883694966633,0.8274369686841965,0.1613173484802246,34.15523475805919,1.1385078252686394
10960,52,8.591823875935541e-05,0.3795494852907489,0.28114911913871765,0.038392022252082825,0.25977635383605957,0.2401275634765625,0.38446201756596565,17.50574803352356,0.8239685048659643,0.15950322151184082,34.21385942697525,1.140461980899175
10980,52,8.56083231028096e-05,0.38217737662304835,0.32609230279922485,0.03131650388240814,0.2769823670387268,0.267102986574173,0.38104668880502385,17.742902119954426,0.830478643377622,0.16007161140441895,34.27246806621552,1.1424156022071839
11000,52,8.529855515874132e-05,0.3698121571037158,0.2493123710155487,0.01976631209254265,0.21358680725097656,0.20383064448833466,0.32948776086171466,18.649487177530926,0.8334925125042597,0.1603374481201172,34.330799527963,1.1443599842654335
11020,52,8.498893799977907e-05,0.3602767442671033,0.2391282021999359,0.02497866377234459,0.18922442197799683,0.22958551347255707,0.37614619235197705,17.928576231002808,0.8260470430056254,0.16025638580322266,34.39397995869319,1.1464659986231063
11040,52,8.467947469705565e-05,0.36241922654040837,0.30478185415267944,0.030719293281435966,0.28073304891586304,0.2828683853149414,0.3576418397327264,18.217415650685627,0.8255451818307241,0.1600327491760254,34.45241149663925,1.1484137165546418
11060,52,8.437016832017774e-05,0.3648747803521067,0.2671508193016052,0.018730558454990387,0.1874626874923706,0.20252984762191772,0.3347806582848231,18.154155413309734,0.821487362186114,0.16039776802062988,34.510815767447156,1.1503605255815719
11080,52,8.406102193719553e-05,0.36719790044499956,0.2662627398967743,0.019735854119062424,0.16610372066497803,0.19834737479686737,0.3359860231479009,18.446222225824993,0.837483232220014,0.1625962257385254,34.569586567083995,1.1523195522361331
11100,52,8.375203861457206e-05,0.3600628749334179,0.23640450835227966,0.015356655232608318,0.20190125703811646,0.17066004872322083,0.3423278145492077,18.368001461029053,0.8292395770549774,0.163130521774292,34.62922012408574,1.1543073374695247
11120,52,8.344322141715316e-05,0.3515081374389496,0.255709171295166,0.011358055286109447,0.16993123292922974,0.15122860670089722,0.32374506692091626,18.5632422765096,0.8360740939776102,0.15897917747497559,34.69234929084778,1.1564116430282594
11140,53,8.313457340813664e-05,0.3484510324076805,0.2798358201980591,0.015073567628860474,0.10524559020996094,0.1091078668832779,0.3473096502323945,18.324799458185833,0.8309807926416397,0.15808534622192383,34.764547069867454,1.1588182356622485
11160,53,8.28260976490422e-05,0.3530800985858972,0.2244088351726532,0.025818660855293274,0.2118716835975647,0.22165356576442719,0.32466265310843784,18.312132676442463,0.8184434572855631,0.15856337547302246,34.8227117617925,1.1607570587264167
11180,53,8.251779719968098e-05,0.3600372711922046,0.28428295254707336,0.02130476012825966,0.21127617359161377,0.24288409948349,0.30642184739311534,18.587351004282635,0.8294785718123118,0.15845918655395508,34.880753640333815,1.1626917880111272
11200,53,8.220967511812518e-05,0.35630847944236366,0.24007190763950348,0.01902453601360321,0.16262954473495483,0.1937231719493866,0.32125165934364003,18.50785215695699,0.833259845773379,0.15950655937194824,34.94607880115509,1.1648692933718363
11220,53,8.19017344606778e-05,0.3517192487912014,0.1988651603460312,0.02112191542983055,0.22052675485610962,0.23735736310482025,0.40557068834702176,17.311747471491497,0.8186552474896113,0.16253089904785156,35.008971107006076,1.166965703566869
11240,53,8.159397828184217e-05,0.36716631484153767,0.3983347713947296,0.029554834589362144,0.1728065013885498,0.18962186574935913,0.26671995408833027,19.062122265497845,0.8455457935730616,0.16280746459960938,35.06777336994807,1.168925778998269
11260,53,8.128640963429176e-05,0.3650052094405453,0.23967574536800385,0.026445789262652397,0.3006589412689209,0.28694456815719604,0.3156502954661846,18.361451705296833,0.8240453352530798,0.15879559516906738,35.1333506266276,1.1711116875542535
11280,53,8.097903156884006e-05,0.3776793323298222,0.25478070974349976,0.023495450615882874,0.23191630840301514,0.23408380150794983,0.3624381584425767,17.909757375717163,0.8300443291664124,0.16408491134643555,35.19520647128423,1.1731735490428077
11300,53,8.06718471344099e-05,0.37364790532235437,0.19791893661022186,0.021028494462370872,0.2111758589744568,0.21320652961730957,0.32268555959065753,18.297706921895344,0.8305697937806448,0.16747498512268066,35.26111325820287,1.1753704419400957
11320,53,8.03648593780037e-05,0.3773722034093275,0.18910148739814758,0.018801527097821236,0.21086090803146362,0.22177711129188538,0.3385663889348507,18.185116688410442,0.8219645222028097,0.17173337936401367,35.324997238318126,1.1774999079439374
11340,53,8.00580713446728e-05,0.37314746975267293,0.2921067774295807,0.028076549991965294,0.23538672924041748,0.23347008228302002,0.36258651688694954,17.972304821014404,0.8299925227959951,0.16278457641601562,35.38532071113586,1.1795106903711954
11360,54,7.97514860774876e-05,0.3694286098224336,0.17267797887325287,0.016757642850279808,0.18808060884475708,0.1857338845729828,0.30881598095099133,18.524357398351032,0.831308588385582,0.16508769989013672,35.464071993033095,1.182135733101103
11380,54,7.944510661750722e-05,0.3659194751608116,0.33695343136787415,0.03587525337934494,0.34095948934555054,0.3099372386932373,0.3086930972834428,18.80900549888611,0.8392581095298132,0.16492462158203125,35.52373335758845,1.1841244452529482
11400,54,7.913893600374924e-05,0.3690048542925142,0.2739710211753845,0.01799248717725277,0.1557852029800415,0.13796380162239075,0.3844974661866824,17.651395400365193,0.8226681500673294,0.1624894142150879,35.58418246905009,1.186139415635003
11420,54,7.883297727315984e-05,0.3722354935260678,0.33764687180519104,0.027591239660978317,0.23572558164596558,0.23716628551483154,0.3074760052065055,18.751245737075806,0.8345852394898733,0.163041353225708,35.64808578491211,1.188269526163737
11440,54,7.852723346058336e-05,0.37113168867298324,0.24647030234336853,0.013536375015974045,0.16190725564956665,0.15118877589702606,0.3298829607665539,18.38812510172526,0.8265641977389654,0.17949628829956055,35.710253190994266,1.190341773033142
11460,54,7.822170759873237e-05,0.37172867187037056,0.28951606154441833,0.023142289370298386,0.1751348376274109,0.16647455096244812,0.302424647534887,18.346852858861286,0.8269892980655035,0.16205596923828125,35.77230006456375,1.1924100021521251
11480,54,7.791640271815764e-05,0.3670282719066401,0.2534421384334564,0.01864592730998993,0.19717514514923096,0.20093894004821777,0.30861556592086953,18.647077401479084,0.8365012804667155,0.1693434715270996,35.83285570144653,1.194428523381551
11500,54,7.761132184721788e-05,0.3645854816948206,0.36913755536079407,0.02862633392214775,0.22939956188201904,0.23056428134441376,0.3782959282398224,17.748844861984253,0.8335685878992081,0.16119599342346191,35.895939230918884,1.196531307697296
11520,54,7.730646801204991e-05,0.3677226859065679,0.3898504972457886,0.04820173978805542,0.20616739988327026,0.21761000156402588,0.32876716057459515,18.55474789937337,0.8318609992663065,0.1632061004638672,35.96292521556219,1.198764173852073
11540,54,7.700184423653856e-05,0.372715559108803,0.40220168232917786,0.04679165408015251,0.23936587572097778,0.2705707252025604,0.2646363843232393,18.82214816411336,0.8436112155516943,0.25199437141418457,36.02584167321523,1.2008613891071744
11560,55,7.669745354228653e-05,0.3860035496643033,0.33200836181640625,0.030512576922774315,0.21275365352630615,0.23659352958202362,0.40359532584746677,17.53380783398946,0.8269662111997604,0.16419291496276855,36.09289036989212,1.2030963456630708
11580,55,7.639329894858477e-05,0.3802430979627071,0.21094216406345367,0.026673635467886925,0.2231939435005188,0.2638625502586365,0.36713723838329315,17.96788263320923,0.8344558229049047,0.16133904457092285,36.15252195199331,1.2050840650664436
11600,55,7.60893834723821e-05,0.3739565225090127,0.30040159821510315,0.031116466969251633,0.37364423274993896,0.31214192509651184,0.3712862494091193,17.945993423461914,0.830032154917717,0.16201043128967285,36.21224575837453,1.2070748586124844
11620,55,7.578571012825568e-05,0.37922015726551084,0.27986183762550354,0.03053314983844757,0.2920273542404175,0.30018216371536255,0.3531719942887624,18.079513390858967,0.8306934684514999,0.1657123565673828,36.28026469151179,1.2093421563837263
11640,55,7.548228192838086e-05,0.3679333755936489,0.31358328461647034,0.028789184987545013,0.2528610825538635,0.2500693202018738,0.31353150804837543,18.271976470947266,0.8266071478525797,0.16069436073303223,36.339185484250386,1.2113061828083462
11660,55,7.517910188250129e-05,0.36910791159975126,0.2999327778816223,0.033419616520404816,0.2788064479827881,0.28835034370422363,0.3229898139834404,18.378400882085163,0.8399967551231384,0.16407370567321777,36.40717885891596,1.2135726286305322
11680,55,7.487617299789931e-05,0.36994845826990425,0.3800429403781891,0.03869640827178955,0.2948065996170044,0.3331461548805237,0.28024486141900223,18.531358400980633,0.8384469151496887,0.16028976440429688,36.4658394018809,1.2155279800626966
11700,55,7.457349827936581e-05,0.3731672718377779,0.294786274433136,0.0471300408244133,0.25260281562805176,0.2068309634923935,0.3451533317565918,18.266593774159748,0.8358182311058044,0.15944123268127441,36.524148762226105,1.2174716254075368
11720,55,7.427108072917068e-05,0.3672674893988957,0.229288712143898,0.032738737761974335,0.27315086126327515,0.28858208656311035,0.3497821055352688,18.118108828862507,0.8282534529765447,0.15854549407958984,36.58674481709798,1.2195581605699328
11740,55,7.396892334703291e-05,0.35962506521101717,0.235667884349823,0.024413112550973892,0.15057575702667236,0.1503428965806961,0.3318635808924834,18.227042357126873,0.829561690489451,0.16114377975463867,36.645739829540254,1.221524660984675
11760,55,7.366702913009075e-05,0.35888079475370877,0.26416295766830444,0.030508598312735558,0.2994074821472168,0.27689653635025024,0.3379774068792661,18.196252425511677,0.8313847978909811,0.16565299034118652,36.70442500114441,1.2234808333714804
11780,56,7.336540107287223e-05,0.3589078669658723,0.20266319811344147,0.010515987873077393,0.12354964017868042,0.15038341283798218,0.3418376420934995,18.2323002020518,0.834464410940806,0.1612544059753418,36.769266370932264,1.2256422123644086
11800,56,7.306404216726518e-05,0.36538790958490264,0.3293043375015259,0.0312211774289608,0.21319681406021118,0.2498912662267685,0.29987979866564274,18.589802503585815,0.8293606986602148,0.16011738777160645,36.82884760300318,1.2276282534334395
11820,56,7.276295540248775e-05,0.3648393176947575,0.1685880720615387,0.012130016461014748,0.12805086374282837,0.14305759966373444,0.32733852540453273,18.388838052749634,0.839442511399587,0.16144418716430664,36.8931476076444,1.22977158692148
11840,56,7.246214376505868e-05,0.36525083227142946,0.26104602217674255,0.021019723266363144,0.1850554347038269,0.21277698874473572,0.3408224085966746,18.36428737640381,0.8357592721780142,0.1613788604736328,36.95227810939153,1.2317426036463843
11860,56,7.216161023876761e-05,0.3629857925297808,0.27795666456222534,0.021516894921660423,0.19539177417755127,0.20540837943553925,0.27953146025538445,18.59431044260661,0.8379262139399847,0.16381525993347168,37.011762869358066,1.2337254289786022
11880,56,7.186135780464572e-05,0.35974625813474503,0.2820102870464325,0.026007547974586487,0.1793607473373413,0.16192220151424408,0.31676163400212926,18.730589787165325,0.8404291719198227,0.16136741638183594,37.07083683013916,1.2356945610046386
11900,56,7.156138944093585e-05,0.36702416585315045,0.3950953185558319,0.04812713712453842,0.2523106336593628,0.22666911780834198,0.36763444170355797,17.83351214726766,0.8304989486932755,0.15942096710205078,37.130411795775096,1.2376803931925031
11920,56,7.126170812306318e-05,0.3695350208364648,0.3848652243614197,0.04672389477491379,0.2348429560661316,0.23171178996562958,0.4146709168950717,17.139084498087566,0.8217533479134241,0.16327309608459473,37.19356879790624,1.2397856265968747
11940,56,7.096231682360566e-05,0.3625766078283421,0.2886883020401001,0.028396500274538994,0.17920398712158203,0.18917596340179443,0.377113476395607,17.82941460609436,0.832652692993482,0.16061186790466309,37.25244037310282,1.2417480124367608
11960,56,7.066321851226439e-05,0.364134044194003,0.2862233519554138,0.03281262144446373,0.2807021737098694,0.3092983663082123,0.36221225559711456,17.5499005317688,0.8111653178930283,0.16108012199401855,37.31119391123454,1.243706463707818
11980,56,7.036441615583448e-05,0.3644582610078456,0.32425084710121155,0.03209420293569565,0.2507215738296509,0.2687652111053467,0.34987133741378784,17.84701148668925,0.8299715469280878,0.16185474395751953,37.37290120124817,1.245763373374939
12000,57,7.006591271817524e-05,0.357852144286576,0.21810640394687653,0.02079947106540203,0.24718862771987915,0.21969442069530487,0.3238934502005577,18.44989800453186,0.8372816493113836,0.15812373161315918,37.44743197361628,1.248247732453876
12020,57,6.976771116018109e-05,0.3543563859353182,0.3513021767139435,0.03938818350434303,0.2294808030128479,0.24365895986557007,0.3021454953898986,18.368736902872723,0.8257900029420853,0.15993952751159668,37.51024829149246,1.2503416097164155
12040,57,6.946981443975198e-05,0.35223456606890535,0.16744329035282135,0.010174855589866638,0.14715057611465454,0.1486276239156723,0.3509584255516529,18.07243577639262,0.836494172612826,0.1589193344116211,37.568813971678416,1.2522937990559473
12060,57,6.917222551176422e-05,0.3562080656143732,0.31167304515838623,0.022006800398230553,0.17509764432907104,0.2117445468902588,0.31252559398611385,18.19722008705139,0.821656068166097,0.15838289260864258,37.6271232008934,1.25423744002978
12080,57,6.8874947328041e-05,0.3592668784250749,0.30470436811447144,0.013785475865006447,0.11779290437698364,0.12436722218990326,0.37510039284825325,17.584600845972698,0.8278322964906693,0.15801024436950684,37.70022222995758,1.2566740743319194
12100,57,6.857798283732324e-05,0.3673117772645099,0.1678023785352707,0.02268650196492672,0.29476815462112427,0.2519996762275696,0.32540470361709595,18.491854270299275,0.8339480459690094,0.1610088348388672,37.75874670346578,1.258624890115526
12120,57,6.828133498524037e-05,0.3640358781739648,0.30486270785331726,0.03165426850318909,0.223643958568573,0.21181246638298035,0.35358618199825287,18.227410634358723,0.8350224296251932,0.1591346263885498,37.82166273593903,1.2607220911979675
12140,57,6.79850067142809e-05,0.36428226392534363,0.20751801133155823,0.01764102280139923,0.18842428922653198,0.20102888345718384,0.2960589751601219,18.537758350372314,0.8350826998551687,0.15778756141662598,37.88028252522151,1.2626760841740503
12160,57,6.768900096376342e-05,0.36752278307300323,0.3223983645439148,0.031920429319143295,0.231289803981781,0.23123690485954285,0.3390759329001109,18.185681025187176,0.8313060452540716,0.1592404842376709,37.93907003800074,1.2646356679333581
12180,57,6.739332066980752e-05,0.3635817777651785,0.19462403655052185,0.010549968108534813,0.09641247987747192,0.12050609290599823,0.356839074442784,18.02617009480794,0.8313406805197397,0.16144251823425293,37.99878731966019,1.2666262439886729
12200,58,6.709796876530432e-05,0.37152319472531625,0.31943055987358093,0.02043578401207924,0.13662385940551758,0.1303757131099701,0.2950662871201833,18.74625603357951,0.8364003996054331,0.16002392768859863,38.075920434792835,1.2691973478264278
12220,58,6.680294817988784e-05,0.36671941179580314,0.2840242385864258,0.03455929085612297,0.2849005460739136,0.2855753004550934,0.32448022812604904,18.20916525522868,0.8193049977223078,0.1580362319946289,38.138453308741255,1.2712817769580418
12240,58,6.650826183990552e-05,0.3727556495507637,0.40880757570266724,0.03711549937725067,0.24206459522247314,0.28787463903427124,0.3716261734565099,17.67301074663798,0.8262025862932205,0.15959405899047852,38.196735775470735,1.2732245258490245
12260,58,6.621391266838944e-05,0.363926537740619,0.3613576292991638,0.022312914952635765,0.1558002233505249,0.17121842503547668,0.42548643176754314,16.84772260983785,0.8210723201433817,0.160872220993042,38.255384635925296,1.2751794878641765
12280,58,6.591990358502733e-05,0.3684296980340395,0.35302600264549255,0.028912385925650597,0.17999684810638428,0.1940213143825531,0.37022476519147557,17.566361904144287,0.8289715846379598,0.15836477279663086,38.31366093158722,1.2771220310529072
12300,58,6.56262375061334e-05,0.36978801852786425,0.35722899436950684,0.031769540160894394,0.20544755458831787,0.20944687724113464,0.3386602041622003,18.03758215904236,0.8324752599000931,0.15802860260009766,38.380666649341585,1.2793555549780529
12320,58,6.533291734461973e-05,0.3691832868125186,0.24043811857700348,0.028413251042366028,0.22551071643829346,0.25098851323127747,0.36548737436532974,17.638156811396282,0.8291540195544561,0.1581871509552002,38.44329060316086,1.281443020105362
12340,58,6.503994600996703e-05,0.36446323334249475,0.38029035925865173,0.026905909180641174,0.17427563667297363,0.21887972950935364,0.33134468893210095,18.261009295781452,0.8387077450752258,0.1589219570159912,38.506004397074385,1.2835334799024793
12360,58,6.4747326408196e-05,0.366227634573047,0.24833713471889496,0.027551919221878052,0.22054517269134521,0.21714000403881073,0.3588060562809308,17.9522807598114,0.8319385747114817,0.15842652320861816,38.568784058094025,1.2856261352698009
12380,58,6.445506144183857e-05,0.3552600056923566,0.24606887996196747,0.024434318765997887,0.1642897129058838,0.1939317286014557,0.34366784741481143,18.14299766222636,0.8266302843888601,0.18720769882202148,38.62749001979828,1.2875830006599427
12400,58,6.416315400990882e-05,0.3552431417882773,0.2512570023536682,0.024734526872634888,0.19459575414657593,0.2162056416273117,0.3039845749735832,18.78198989232381,0.838905523220698,0.1589810848236084,38.686334200700124,1.2895444733566708
12420,59,6.387160700787455e-05,0.3450664817675907,0.23982925713062286,0.017056666314601898,0.16315728425979614,0.1588359773159027,0.30413022823631763,18.80795645713806,0.8385691344738007,0.1592109203338623,38.75764290094376,1.2919214300314585
12440,59,6.358042332762832e-05,0.3441049447935416,0.24454034864902496,0.02582676336169243,0.2413443922996521,0.24390339851379395,0.35305775205294293,18.056589126586914,0.8320026944080988,0.15882277488708496,38.81911672751109,1.2939705575837028
12460,59,6.328960585745884e-05,0.35192894271604375,0.17553295195102692,0.017079055309295654,0.1524716019630432,0.18431513011455536,0.3420999584098657,18.03334951400757,0.8258954584598541,0.3714735507965088,38.88054678837458,1.2960182262791529
12480,59,6.299915748202247e-05,0.3482677448520875,0.36580154299736023,0.04839688539505005,0.27156370878219604,0.24979226291179657,0.35414889579017955,18.13269019126892,0.8256406535704931,0.15842819213867188,38.93904909690221,1.2979683032300737
12500,59,6.270908108231426e-05,0.35661601457356373,0.3502061367034912,0.01988779567182064,0.167433500289917,0.1557697355747223,0.3040843717753887,18.98314420382182,0.8456403215726217,0.16083240509033203,39.00142418543498,1.3000474728478326
12520,59,6.24193795356398e-05,0.3574849285127117,0.2355940192937851,0.017554864287376404,0.14137619733810425,0.13907389342784882,0.34430574625730515,18.271647850672405,0.8287360618511835,0.15993952751159668,39.06370620727539,1.302123540242513
12540,59,6.213005571558631e-05,0.35633773999083834,0.32561904191970825,0.031409937888383865,0.19153612852096558,0.21733757853507996,0.41232313464085263,17.31792076428731,0.8336291412512461,0.15840888023376465,39.12269686063131,1.304089895354377
12560,59,6.184111249199432e-05,0.3600847867684598,0.32576048374176025,0.023535264655947685,0.19661056995391846,0.1967572420835495,0.3263217707475026,18.65428916613261,0.8362031827370325,0.1599440574645996,39.18157385190328,1.3060524617301092
12580,59,6.155255273092923e-05,0.36320089269652595,0.38049599528312683,0.0368712954223156,0.24763494729995728,0.27802103757858276,0.324891818066438,18.69957907994588,0.8404897054036459,0.16160082817077637,39.24017338752746,1.3080057795842488
12600,59,6.126437929465282e-05,0.3517274940037212,0.16667591035366058,0.014473162591457367,0.19794905185699463,0.20388059318065643,0.33643736069401103,18.370226224263508,0.835223933060964,0.16177868843078613,39.30481951634089,1.3101606505446963
12620,59,6.097659504159478e-05,0.3560250663405345,0.3009868860244751,0.030303414911031723,0.23328012228012085,0.24789416790008545,0.30310821036497754,18.386498133341473,0.8316096216440201,0.15877866744995117,39.372019882996874,1.3124006627665625
12640,60,6.0689202826324564e-05,0.3613980738863348,0.3497370779514313,0.018457747995853424,0.14005130529403687,0.17783606052398682,0.34810183321436244,18.27949849764506,0.8375827570756277,0.16055893898010254,39.437521262963614,1.314584042098787
12660,60,6.04022054995228e-05,0.3602702892545352,0.20235930383205414,0.030019700527191162,0.2610795497894287,0.28878718614578247,0.3062576949596405,18.812832355499268,0.8379871447881063,0.16051387786865234,39.49599009354909,1.3165330031183031
12680,60,6.011560590795336e-05,0.3561232286717606,0.3260835111141205,0.021278150379657745,0.16008752584457397,0.1709078550338745,0.3884398241837819,17.82537357012431,0.8337489565213522,0.159987211227417,39.554470610618594,1.3184823536872863
12700,60,5.982940689443472e-05,0.3565350794540506,0.22584176063537598,0.023021142929792404,0.21379989385604858,0.2286531627178192,0.3136665423711141,18.474286635716755,0.8318347136179606,0.16106176376342773,39.61304300228755,1.3204347667429182
12720,60,5.9543611297812156e-05,0.3524694913880064,0.3223143517971039,0.029880013316869736,0.23795104026794434,0.23703306913375854,0.2912817833324273,19.134886900583904,0.8472154438495636,0.16002774238586426,39.67594550848007,1.3225315169493357
12740,60,5.925822195292928e-05,0.353188735844428,0.36476653814315796,0.03387819230556488,0.16523128747940063,0.16170887649059296,0.3555333999296029,18.24856956799825,0.8331374078989029,0.15932655334472656,39.73691842556,1.3245639475186666
12760,60,5.89732416906e-05,0.35472567670617805,0.23365922272205353,0.02147459238767624,0.17945462465286255,0.2213072031736374,0.31505365545550984,18.826254685719807,0.840101013580958,0.15788769721984863,39.799019801616666,1.3266339933872222
12780,60,5.868867333758069e-05,0.35943471219759765,0.252348929643631,0.026115914806723595,0.29739952087402344,0.2509332001209259,0.29207247371474904,18.72551687558492,0.8366227398316065,0.1584641933441162,39.85709260304769,1.328569753434923
12800,60,5.840451971654172e-05,0.3631481295898261,0.21768081188201904,0.013358275406062603,0.12592726945877075,0.138612300157547,0.3086983151733875,18.78916875521342,0.83851391573747,0.15842008590698242,39.92557945648829,1.3308526485496097
12820,60,5.8120783646039816e-05,0.34972099804806334,0.2502758800983429,0.01991492137312889,0.19392848014831543,0.19372886419296265,0.35052988305687904,18.297799110412598,0.8356989473104477,0.15980100631713867,39.98799631595612,1.3329332105318705
12840,60,5.78374679404899e-05,0.34874451265310796,0.16951455175876617,0.009318149648606777,0.10533201694488525,0.13968463242053986,0.3112275078892708,18.707057237625122,0.8419701506694158,0.15814638137817383,40.0583243449529,1.3352774781650967
12860,61,5.755457541013722e-05,0.35316408612123246,0.27244481444358826,0.021180525422096252,0.17808008193969727,0.19541111588478088,0.35530921320120495,17.967604716618855,0.8183448215325674,0.1585559844970703,40.12613374789556,1.3375377915965185
12880,61,5.727210886102961e-05,0.35665297667346363,0.2767753601074219,0.020432524383068085,0.2183992862701416,0.1959555596113205,0.3068963252007961,18.453620274861652,0.832775870958964,0.15905332565307617,40.19400280714035,1.339800093571345
12900,61,5.699007109498937e-05,0.3552669511799817,0.26686331629753113,0.018759962171316147,0.18796801567077637,0.18671433627605438,0.30757759263118106,18.489999930063885,0.8334600081046423,0.15996265411376953,40.25239866574605,1.341746622191535
12920,61,5.670846490958582e-05,0.35573769793289256,0.2931501567363739,0.018771320581436157,0.12556415796279907,0.15030184388160706,0.3045530878007412,18.708511034647625,0.8412100772062937,0.15953993797302246,40.317742721239725,1.3439247573746576
12940,61,5.642729309810727e-05,0.34996912097628996,0.29939576983451843,0.020125936716794968,0.157368004322052,0.16710993647575378,0.29185582635303337,18.687228282292683,0.8382807622353236,0.1596519947052002,40.376487048467,1.3458829016155667
12960,61,5.6146558449533376e-05,0.3564463541658289,0.2945021390914917,0.023893002420663834,0.2099980115890503,0.23110097646713257,0.3367473321656386,18.31451455752055,0.8319553037484487,0.1639418601989746,40.434733645121256,1.3478244548373752
12980,61,5.586626374850769e-05,0.3601805416457703,0.294084370136261,0.023156609386205673,0.1449064016342163,0.18137280642986298,0.30240804826219875,18.82940983772278,0.8429587334394455,0.15875983238220215,40.502604214350384,1.3500868071450127
13000,61,5.558641177530967e-05,0.3605687472388603,0.24440723657608032,0.017963889986276627,0.15230923891067505,0.16296660900115967,0.31045479513704777,18.433002948760986,0.8302788188060125,0.1612377166748047,40.561033340295154,1.3520344446765051
13020,61,5.530700530582746e-05,0.35497711359051115,0.19458208978176117,0.014530870132148266,0.2116299867630005,0.1965063065290451,0.3418043019870917,18.28497091929118,0.8391223301490148,0.15861845016479492,40.623544013500215,1.3541181337833406
13040,61,5.502804711153006e-05,0.34943699541044476,0.2789928913116455,0.02950531616806984,0.29430288076400757,0.266772985458374,0.40549549957116443,17.400556325912476,0.8260243435700735,0.1593620777130127,40.68211824496587,1.356070608165529
13060,62,5.4749539959440076e-05,0.35439493854480825,0.157751202583313,0.018245656043291092,0.1741849184036255,0.18350863456726074,0.32046513880292576,18.513280391693115,0.836613138516744,0.1613912582397461,40.74851888020833,1.3582839626736112
13080,62,5.4471486612106154e-05,0.35119413067957583,0.25425928831100464,0.015759646892547607,0.15199649333953857,0.1712418645620346,0.3308396711945534,18.284566243489582,0.8257168978452682,0.15977025032043457,40.80699040492376,1.3602330134974585
13100,62,5.419388982757549e-05,0.3490068279761512,0.2761166989803314,0.02880479022860527,0.2771468758583069,0.25998589396476746,0.3025441952049732,18.86039884885152,0.8418124963839849,0.15929961204528809,40.86546049515406,1.3621820165051355
13120,62,5.391675235936673e-05,0.3494799398781184,0.27851900458335876,0.024596473202109337,0.18376338481903076,0.19569925963878632,0.31492644858856994,18.653718948364258,0.8366873015960058,0.15848016738891602,40.92840642134349,1.364280214044783
13140,62,5.364007695644239e-05,0.3470762105942183,0.20296455919742584,0.01749713346362114,0.21621626615524292,0.22137467563152313,0.3207950269182523,18.488082726796467,0.8360666980346044,0.46484947204589844,40.993822765350345,1.3664607588450115
13160,62,5.336386636318167e-05,0.3535849029684029,0.25583022832870483,0.027912039309740067,0.26490139961242676,0.25517538189888,0.3217378693322341,18.394112189610798,0.8382735600074133,0.16117119789123535,41.056008672714235,1.3685336224238078
13180,62,5.3088123319353424e-05,0.36194698656149343,0.37147262692451477,0.04751509428024292,0.28076136112213135,0.2694269120693207,0.3262324742972851,18.135997374852497,0.8298848321040472,0.15835070610046387,41.114743955930074,1.3704914651976692
13200,62,5.281285056008864e-05,0.3594465965671887,0.20773835480213165,0.02700701728463173,0.29863524436950684,0.28804489970207214,0.34153830260038376,18.0007742245992,0.8282821476459503,0.16045904159545898,41.17302822271983,1.372434274090661
13220,62,5.2538050815853645e-05,0.35032944461160476,0.38038694858551025,0.033470869064331055,0.20827734470367432,0.26104244589805603,0.2882387737433116,18.765745321909588,0.8386108378569285,0.16191673278808594,41.23584165175756,1.3745280550585852
13240,62,5.226372681242275e-05,0.346514836846392,0.23918068408966064,0.022980278357863426,0.17579907178878784,0.22056984901428223,0.28703805307547253,18.893757422765095,0.8416259437799454,0.1617145538330078,41.29409269491831,1.3764697564972772
13260,62,5.1989881270851365e-05,0.35458990247294975,0.27758511900901794,0.02456168457865715,0.2329825758934021,0.23082974553108215,0.3523033658663432,17.955675840377808,0.8377782305081686,0.16212677955627441,41.356230676174164,1.3785410225391388
13280,63,5.1716516907449045e-05,0.3621361909423624,0.28575652837753296,0.027087748050689697,0.23343706130981445,0.22642111778259277,0.3023949209600687,18.669347763061523,0.8370856742064158,0.17766189575195312,41.42034480174382,1.3806781600581275
13300,63,5.1443636433752374e-05,0.36300769258637716,0.34639450907707214,0.028909292072057724,0.20456504821777344,0.22469156980514526,0.30143192286292714,18.73108164469401,0.8415543933709463,0.16250276565551758,41.47910633087158,1.3826368776957194
13320,63,5.117124255649824e-05,0.3579747206261585,0.26652026176452637,0.02809973619878292,0.21591830253601074,0.24688594043254852,0.3225533415873845,18.377822637557983,0.8399037222067515,0.16004133224487305,41.54205652077993,1.384735217359331
13340,63,5.0899337977596907e-05,0.3506607578585679,0.30285200476646423,0.0203854963183403,0.1797904372215271,0.18892161548137665,0.33087296783924103,18.384671052296955,0.8399755656719208,0.16051506996154785,41.600118494033815,1.3866706164677938
13360,63,5.0627925394105144e-05,0.34823881507891025,0.3008231222629547,0.021992232650518417,0.17380666732788086,0.1812131106853485,0.3570200875401497,17.970001697540283,0.8360282232364019,0.1597609519958496,41.65911193688711,1.3886370645629036
13380,63,5.035700749819972e-05,0.3519016406902468,0.25954702496528625,0.023181743919849396,0.16622859239578247,0.19103257358074188,0.33353973055879277,18.396440903345745,0.8401509126027426,0.1595616340637207,41.71796956857045,1.390598985619015
13400,63,5.0086586977150345e-05,0.35393513769002316,0.2928352653980255,0.029295599088072777,0.27688467502593994,0.2790881097316742,0.36584581062197685,17.813762346903484,0.8268822779258093,0.16306400299072266,41.776865681012474,1.3925621893670823
13420,63,4.981666651329334e-05,0.3535976103386549,0.2928769290447235,0.020947318524122238,0.2036164402961731,0.19793300330638885,0.2955339662730694,18.74065089225769,0.8396426687637965,0.15961313247680664,41.859232584635414,1.3953077528211806
13440,63,4.9547248784004884e-05,0.3543797957371525,0.30160221457481384,0.043865762650966644,0.298828661441803,0.3324478268623352,0.33177831520636875,18.322155396143597,0.839685931801796,0.16006112098693848,41.917694632212324,1.3972564877404108
13460,63,4.927833646167435e-05,0.3523848838729584,0.30165305733680725,0.029513884335756302,0.27693814039230347,0.2908431887626648,0.31576617807149887,18.44589328765869,0.8305765489737192,0.15886878967285156,41.97604631582896,1.3992015438609653
13480,63,4.900993221367809e-05,0.3446750462206598,0.2091960310935974,0.01878054067492485,0.15928339958190918,0.19887058436870575,0.33636073519786197,18.098309755325317,0.8251406600077947,0.15897417068481445,42.034793158372246,1.4011597719457414
13500,64,4.87420387023526e-05,0.3498338970079577,0.25998470187187195,0.014830954372882843,0.12538939714431763,0.15005123615264893,0.31833955148855847,18.38517157236735,0.8290061354637146,0.15901994705200195,42.109694468975064,1.4036564822991688
13520,64,4.847465858496851e-05,0.3521156447443881,0.22360000014305115,0.01089414395391941,0.14698731899261475,0.1490464061498642,0.3602150194346905,17.715235471725464,0.8320580075184504,0.1592092514038086,42.17982261975606,1.4059940873252021
13540,64,4.820779451370389e-05,0.3540910973541037,0.23323224484920502,0.027907155454158783,0.22454619407653809,0.24444735050201416,0.3170568272471428,18.123113870620728,0.8197626769542694,0.1601715087890625,42.238046967983244,1.407934898932775
13560,64,4.794144913561811e-05,0.35406532806709257,0.31770023703575134,0.02494220808148384,0.17996203899383545,0.1935577094554901,0.3413281825681527,17.987977345784504,0.8281677116950353,0.16269755363464355,42.300016768773396,1.4100005589591131
13580,64,4.7675625092625624e-05,0.35741765251883134,0.26808157563209534,0.01622186228632927,0.16476762294769287,0.177903413772583,0.3112718500196934,18.471585114796955,0.838030681014061,0.16002178192138672,42.358468008041385,1.4119489336013793
13600,64,4.741032502146959e-05,0.354348809494324,0.273337185382843,0.020980989560484886,0.18363875150680542,0.2359098494052887,0.3265109807252884,18.37690043449402,0.8396641214688619,0.16047406196594238,42.41706831852595,1.4139022772841983
13620,64,4.7145551553695935e-05,0.35300376768058617,0.22570300102233887,0.026166733354330063,0.19915413856506348,0.2100154161453247,0.36435027917226154,17.744647185007732,0.8350386023521423,0.16049575805664062,42.47999610900879,1.415999870300293
13640,64,4.6881307315627035e-05,0.3501852337796318,0.26523804664611816,0.016901895403862,0.12695777416229248,0.13744774460792542,0.3146220383544763,18.470584233601887,0.8387185831864675,0.15896892547607422,42.53858405351639,1.4179528017838796
13660,64,4.66175949283358e-05,0.35571607817088746,0.2825922667980194,0.02821924164891243,0.2565883994102478,0.24088937044143677,0.3524215507010619,17.934239784876507,0.8225308209657669,0.1602344512939453,42.60777592261632,1.420259197420544
13680,64,4.635441700761972e-05,0.34971158828868293,0.29121777415275574,0.02111326903104782,0.17524224519729614,0.17407286167144775,0.3088826114932696,18.5815171400706,0.8382431467374166,0.15831255912780762,42.66571179628372,1.4221903932094575
13700,65,4.6091776163974695e-05,0.349912311472975,0.28477489948272705,0.031966857612133026,0.2790120840072632,0.26467984914779663,0.34364930043617886,18.169100046157837,0.8346580763657888,0.16135478019714355,42.73223766883214,1.4244079222944048
13720,65,4.582967500256945e-05,0.344866251579675,0.2605881094932556,0.024679988622665405,0.18473213911056519,0.17150363326072693,0.3387136111656825,18.215683142344158,0.8401901572942734,0.15928339958190918,42.794917551676434,1.4264972517225478
13740,65,4.556811612321937e-05,0.35260571091333154,0.20458072423934937,0.022351868450641632,0.15026158094406128,0.18536341190338135,0.38283231606086093,17.60921351114909,0.8327831874291102,0.16001033782958984,42.8530108332634,1.4284336944421132
13760,65,4.5307102120361035e-05,0.3523763071818605,0.21493348479270935,0.015617702156305313,0.0876423716545105,0.10191366076469421,0.302191990117232,18.80177966753642,0.8449788888295492,0.15856313705444336,42.91109362443288,1.4303697874810961
13780,65,4.504663558302617e-05,0.35509725566694345,0.17063450813293457,0.016135770827531815,0.18112671375274658,0.18787674605846405,0.326379473010699,18.582371950149536,0.8396388640006384,0.1581108570098877,42.96941568056742,1.4323138560189141
13800,65,4.478671909481624e-05,0.3550456699560983,0.19113822281360626,0.007451562210917473,0.07856947183609009,0.10406337678432465,0.3655949880679448,17.98191769917806,0.8364633768796921,0.15920805931091309,43.027628592650096,1.4342542864216699
13820,65,4.4527355233876666e-05,0.35108513901593835,0.24552695453166962,0.02168167755007744,0.1893327236175537,0.20820048451423645,0.3223306896785895,18.533560514450073,0.8377449264129003,0.1605968475341797,43.090389696757,1.4363463232252334
13840,65,4.426854657287127e-05,0.3445269392463612,0.25331518054008484,0.02320702373981476,0.18643313646316528,0.23166315257549286,0.3667796614269416,17.82776387532552,0.8395533661047617,0.15899324417114258,43.148804155985516,1.4382934718661837
13860,65,4.4010295678956715e-05,0.34921467282915,0.22928911447525024,0.02549595758318901,0.21947479248046875,0.24781537055969238,0.32593174402912456,18.68868096669515,0.8432479103406271,0.1589822769165039,43.20717205603918,1.4402390685346391
13880,65,4.3752605113757255e-05,0.34709688336180217,0.20329932868480682,0.01582811400294304,0.17618519067764282,0.1669710874557495,0.3383980294068654,18.28688391049703,0.8316899140675863,0.15866446495056152,43.26544531583786,1.4421815105279288
13900,65,4.3495477433338994e-05,0.34697612994042115,0.2552332878112793,0.024936258792877197,0.23916077613830566,0.24059776961803436,0.33159227420886356,18.261834780375164,0.8284306724866232,0.16130542755126953,43.324014429251356,1.4441338143083784
13920,66,4.3238915188184874e-05,0.34468352674283914,0.24528640508651733,0.013492139987647533,0.13958251476287842,0.15220890939235687,0.302440124253432,18.900216897328693,0.8409017672141393,0.1600513458251953,43.39019391536713,1.4463397971789043
13940,66,4.29829209231691e-05,0.35582841732292736,0.2578480541706085,0.028795531019568443,0.27004897594451904,0.28030022978782654,0.3147965930402279,18.6501251856486,0.837956964969635,0.1592721939086914,43.4491836587588,1.4483061219586266
13960,66,4.272749717753199e-05,0.3482611028787073,0.2517921030521393,0.02133183181285858,0.22969532012939453,0.22646114230155945,0.31731630861759186,18.245837767918903,0.8252342045307159,0.15872478485107422,43.50820412635803,1.4502734708786011
13980,66,4.2472646484854944e-05,0.3456799456369312,0.2621360719203949,0.030282508581876755,0.2359493374824524,0.269387423992157,0.317318320274353,18.465380509694416,0.8318879852692286,0.27157068252563477,43.56859656174978,1.452286552058326
14000,66,4.2218371373035e-05,0.34086173587648627,0.3138422966003418,0.024852469563484192,0.3032739758491516,0.28874126076698303,0.305712232987086,18.48503104845683,0.8272866606712341,0.1598682403564453,43.627345995108286,1.4542448665036096
14020,66,4.1964674364260106e-05,0.3407565054859642,0.2462402582168579,0.015480225905776024,0.17001909017562866,0.16646336019039154,0.38717614983518917,17.235567331314087,0.8082106659809748,0.1587822437286377,43.690580733617146,1.4563526911205715
14040,66,4.1711557974983804e-05,0.34326560549611274,0.23717406392097473,0.019615553319454193,0.16209954023361206,0.17987534403800964,0.3057543896138668,18.52032216389974,0.8324381858110428,0.15955448150634766,43.74867243766785,1.4582890812555949
14060,66,4.1459024715900405e-05,0.34781575462451414,0.26750943064689636,0.01736321672797203,0.12517935037612915,0.1489378958940506,0.3497398967544238,17.996310154596966,0.8279894789059957,0.16054344177246094,43.811169775327045,1.460372325844235
14080,66,4.120707709192018e-05,0.3568226054279925,0.2777126431465149,0.01663818210363388,0.1705591082572937,0.14345574378967285,0.2978789700816075,18.977718353271484,0.8454180608193079,0.1595747470855713,43.86958588759104,1.4623195295863682
14100,66,4.0955717602144275e-05,0.3492375813006066,0.3085973560810089,0.030972633510828018,0.20528846979141235,0.19528844952583313,0.31015019367138547,18.444008986155193,0.8325942556063334,0.16180944442749023,43.928243446350095,1.4642747815450032
14120,66,4.0704948739840144e-05,0.3535171316852485,0.4528089463710785,0.03296112269163132,0.27676331996917725,0.28123265504837036,0.30659500509500504,18.825472116470337,0.8434256563584009,0.16243910789489746,43.99204288721084,1.466401429573695
14140,67,4.0454772992416755e-05,0.3559628089183669,0.3070145547389984,0.02380424737930298,0.1998268961906433,0.20448970794677734,0.30352295748889446,18.514994223912556,0.8387991935014725,0.15894675254821777,44.0641298810641,1.4688043293688033
14160,67,4.020519284139975e-05,0.35577509452535167,0.2202981561422348,0.013567636720836163,0.20678037405014038,0.1911194771528244,0.3888596134881179,17.708160718282063,0.833813081185023,0.15809297561645508,44.12286930878957,1.4707623102929857
14180,67,3.995621076240716e-05,0.35197961988371806,0.39069390296936035,0.04545671492815018,0.25067949295043945,0.2597815990447998,0.3177703010539214,18.552751700083416,0.8386838485797247,0.16057395935058594,44.18340952793757,1.472780317597919
14200,67,3.970782922512449e-05,0.35253753899161994,0.2671462893486023,0.021242648363113403,0.15142345428466797,0.1663682758808136,0.31069260835647583,18.641408840815227,0.842197964588801,0.15968561172485352,44.24181406497955,1.4747271354993183
14220,67,3.946005069328055e-05,0.34998987883212296,0.22664859890937805,0.015275220386683941,0.18555831909179688,0.20175039768218994,0.3257999929289023,18.321630239486694,0.8399632275104523,0.15831232070922852,44.323454928398135,1.4774484976132711
14240,67,3.921287762462274e-05,0.3478883258104199,0.3310273289680481,0.02552841231226921,0.15303820371627808,0.16439948976039886,0.2931992808977763,18.660636107126873,0.8450428893168768,0.15815138816833496,44.38127529621124,1.4793758432070414
14260,67,3.8966312470892794e-05,0.35237927438449795,0.2991023659706116,0.03261806070804596,0.28211331367492676,0.2871100604534149,0.3309309557080269,18.400240023930866,0.8440882861614227,0.1588277816772461,44.444256937503816,1.4814752312501271
14280,67,3.872035767780258e-05,0.34859857309894676,0.2034294754266739,0.020198799669742584,0.1775638461112976,0.1941218376159668,0.36463603749871254,17.8088223139445,0.8410064180692037,0.15850186347961426,44.502729988098146,1.4834243329366048
14300,67,3.847501568500958e-05,0.34246708309513135,0.2559632360935211,0.0266879852861166,0.2286384105682373,0.2258037030696869,0.3289992039402326,18.289353052775066,0.8364256372054418,0.16228246688842773,44.561260183652244,1.4853753394550748
14320,67,3.823028892609293e-05,0.343836808694791,0.19839589297771454,0.02204873226583004,0.22482949495315552,0.24369332194328308,0.3261178707083066,18.572532733281452,0.8441075285275778,0.1614241600036621,44.62395235300064,1.4874650784333547
14340,68,3.798617982852913e-05,0.3410162728303187,0.1984415501356125,0.02364855818450451,0.235090970993042,0.24005502462387085,0.30512758033970994,18.91599464416504,0.8451339056094488,0.15819406509399414,44.68647746245066,1.4895492487483555
14360,68,3.7742690813667994e-05,0.3515542222321834,0.2708671987056732,0.02952350303530693,0.24086743593215942,0.2377130687236786,0.3574088203410308,18.080151398976643,0.8395240604877472,0.15827417373657227,44.75990840593974,1.491996946864658
14380,68,3.7499824296708745e-05,0.35369020933394946,0.3096623420715332,0.025507505983114243,0.25010132789611816,0.24975308775901794,0.31744750837485,18.499650557835896,0.8376524994770685,0.16011595726013184,44.81813702583313,1.4939379008611042
14400,68,3.725758268667585e-05,0.36297889102913067,0.3740048408508301,0.029795072972774506,0.1646045446395874,0.17211394011974335,0.3409108817577362,18.257382949193318,0.8396612058083216,0.15989971160888672,44.87699950138728,1.4958999833795759
14420,68,3.701596838639538e-05,0.3572252995715561,0.34219473600387573,0.02890177071094513,0.26054924726486206,0.2463943213224411,0.2953704788039128,18.932321468989056,0.8466497858365377,0.15875673294067383,44.93980952501297,1.4979936508337657
14440,68,3.677498379247092e-05,0.3542855197704303,0.3045128285884857,0.027656584978103638,0.23643797636032104,0.2289333939552307,0.34398441140850383,17.97225546836853,0.8303325225909551,0.16091656684875488,44.99812666575114,1.499937555525038
14460,68,3.653463129525993e-05,0.3569294512817668,0.2395516186952591,0.016982736065983772,0.147394061088562,0.1503872275352478,0.31047676379481953,18.69181990623474,0.8435312261184057,0.1623821258544922,45.05641225179036,1.5018804083930122
14480,68,3.6294913278850096e-05,0.3580850155596482,0.28406426310539246,0.023981820791959763,0.19055622816085815,0.1682223528623581,0.32016585518916446,18.57968322436015,0.843657448887825,0.15890932083129883,45.115299614270526,1.5038433204756843
14500,68,3.605583212103558e-05,0.35723084315239756,0.2401116043329239,0.01805650070309639,0.1878688931465149,0.19684475660324097,0.30804919451475143,18.45712439219157,0.8343757688999176,0.15871477127075195,45.173681902885434,1.505789396762848
14520,68,3.581739019329338e-05,0.3473729200115357,0.22027800977230072,0.013101378455758095,0.17241036891937256,0.14060817658901215,0.33214807510375977,18.44916232426961,0.8423714737097422,0.1593465805053711,45.2404039978981,1.5080134665966034
14540,68,3.557958986076003e-05,0.3448265025167821,0.2460300326347351,0.02867852710187435,0.28571265935897827,0.29688072204589844,0.3007530023654302,18.54811104138692,0.8325295398632685,0.16199374198913574,45.29875770409902,1.509958590136634
14560,69,3.534243348220782e-05,0.35110392868900653,0.2693430483341217,0.024274051189422607,0.25623083114624023,0.24931764602661133,0.31679590915640193,18.497637669245403,0.8368041465679804,0.15822672843933105,45.368166204293566,1.5122722068097856
14580,69,3.510592341002178e-05,0.34410766111083435,0.2683122754096985,0.023024294525384903,0.18936902284622192,0.194577157497406,0.3482174451152484,17.89571499824524,0.8341681708892187,0.15883159637451172,45.42634425560633,1.5142114751868778
14600,69,3.4870061990175935e-05,0.34717244914081336,0.23440256714820862,0.017517097294330597,0.13201433420181274,0.15837828814983368,0.287804052233696,18.63759406407674,0.8353699048360189,0.15857863426208496,45.484380034605664,1.5161460011535222
14620,69,3.4634851562210436e-05,0.3452828425513162,0.2506534457206726,0.012843201868236065,0.11939942836761475,0.156548872590065,0.3265319416920344,18.217920939127605,0.8359586447477341,0.15871047973632812,45.54758574167887,1.5182528580559624
14640,69,3.4400294459208043e-05,0.34606796085999003,0.3850887715816498,0.05960295349359512,0.288860559463501,0.26187729835510254,0.2967319091161092,18.77787717183431,0.8428513556718826,0.1586911678314209,45.61035989920298,1.5203453299734329
14660,69,3.416639300777108e-05,0.3435343601579432,0.3170766532421112,0.019728947430849075,0.18213295936584473,0.19558224081993103,0.3665054415663083,17.675652821858723,0.8342173645893732,0.15968775749206543,45.66869535446167,1.5222898451487223
14680,69,3.393314952799849e-05,0.3406791988559736,0.22469671070575714,0.023762699216604233,0.23132556676864624,0.2366567701101303,0.3349331133067608,18.141451438268025,0.8329730580250422,0.15865731239318848,45.73664650519689,1.524554883506563
14700,69,3.37005663334626e-05,0.3478170137394464,0.32731565833091736,0.021998394280672073,0.24705898761749268,0.22474150359630585,0.35418523102998734,17.85474665959676,0.8292910754680634,0.16074252128601074,45.79547967116038,1.5265159890386792
14720,69,3.3468645731186396e-05,0.35893572594573797,0.37413489818573,0.030788972973823547,0.1812962293624878,0.24071767926216125,0.3756352588534355,17.771694739659626,0.8349960694710413,0.16159796714782715,45.860081215699516,1.5286693738566504
14740,69,3.3237390021620395e-05,0.3616320337647223,0.3341559171676636,0.019830215722322464,0.18147683143615723,0.20283393561840057,0.2947998456656933,18.796245177586872,0.8434390276670456,0.15935897827148438,45.91896607081095,1.5306322023603651
14760,69,3.300680149862001e-05,0.3520199100474669,0.2764391303062439,0.02556847594678402,0.2506503462791443,0.26724883913993835,0.3319247091809909,18.275105158487957,0.8374498536189398,0.15912675857543945,45.97702130873998,1.5325673769579993
14780,70,3.277688244942282e-05,0.3583692667905203,0.33210068941116333,0.025435438379645348,0.1354360580444336,0.17987704277038574,0.32199253266056377,18.464351971944172,0.8447717726230621,0.159651517868042,46.04395194451014,1.5347983981503381
14800,70,3.2547635154625664e-05,0.361139462990088,0.2721533179283142,0.023608744144439697,0.2584008574485779,0.23609280586242676,0.3024849630892277,18.622981468836468,0.838827778895696,0.16203713417053223,46.10344307820002,1.5367814359400007
14820,70,3.2319061888162306e-05,0.3619446555108344,0.32382234930992126,0.031701549887657166,0.22038578987121582,0.22077372670173645,0.35185689727465314,18.075502395629883,0.8428871681292852,0.1579303741455078,46.16643352508545,1.5388811175028483
14840,70,3.209116491728061e-05,0.3577956592594363,0.22307370603084564,0.016641736030578613,0.14663058519363403,0.17026683688163757,0.32290783524513245,18.50894029935201,0.8420273711284002,0.15857458114624023,46.22493915557861,1.5408313051859537
14860,70,3.186394650252026e-05,0.3607802305070481,0.2916780710220337,0.0320172980427742,0.2826286554336548,0.29930776357650757,0.3291369390984376,18.413509607315063,0.8374577363332113,0.1593332290649414,46.28359228372574,1.5427864094575245
14880,70,3.1637408897690266e-05,0.35163921752642613,0.1567409336566925,0.01563265547156334,0.13071852922439575,0.1686982959508896,0.3334343694150448,18.388039271036785,0.8392385890086492,0.15960049629211426,46.34221016168594,1.5447403387228649
14900,70,3.141155434984647e-05,0.35592598504047146,0.330363392829895,0.026752909645438194,0.2312825322151184,0.22721996903419495,0.3323866029580434,18.441311756769817,0.8430485725402832,0.15965843200683594,46.40024338165919,1.5466747793886397
14920,70,3.118638509926956e-05,0.3556718970106555,0.260157972574234,0.023226764053106308,0.19719570875167847,0.21734468638896942,0.3153347199161847,18.623268047968548,0.8433799495299658,0.15932130813598633,46.46645491123199,1.5488818303743999
14940,70,3.096190337944252e-05,0.3481257939355759,0.23355551064014435,0.017866075038909912,0.1684308648109436,0.1875300109386444,0.33318578948577243,18.26059627532959,0.8390858868757883,0.1594536304473877,46.526396417617796,1.55087988058726
14960,70,3.0738111417028716e-05,0.3512230836756676,0.4072427749633789,0.02902398258447647,0.24930548667907715,0.2374657690525055,0.3247076024611791,18.39186406135559,0.8497550288836161,0.16054105758666992,46.58459413846334,1.5528198046154447
14980,70,3.0515011431849708e-05,0.3471398099634558,0.2528074383735657,0.018400628119707108,0.16920912265777588,0.17638525366783142,0.31320694958170253,18.680333773295086,0.8471496800581614,0.15786170959472656,46.643059750398,1.5547686583466
15000,71,3.0292605636863164e-05,0.34045631414801125,0.26525285840034485,0.017235828563570976,0.16684722900390625,0.16381806135177612,0.3286107735087474,18.26097337404887,0.8343149969975153,0.1584789752960205,46.72010779778163,1.5573369265927208
15020,71,3.0070896238141134e-05,0.34458887307155295,0.23340734839439392,0.014585545286536217,0.16341185569763184,0.17336533963680267,0.2991182866195838,18.738735834757488,0.8461588968833288,0.15793919563293457,46.80379428863525,1.5601264762878417
15040,71,2.984988543484787e-05,0.3444063381647382,0.3981197476387024,0.027390237897634506,0.16077369451522827,0.16575342416763306,0.3527592805524667,17.93060612678528,0.8335283398628235,0.1612992286682129,46.86181987524033,1.562060662508011
15060,71,2.962957541921831e-05,0.3401025578427472,0.34455975890159607,0.02926635555922985,0.2551027536392212,0.24141524732112885,0.3325923942029476,18.262484629948933,0.8406533946593603,0.15938067436218262,46.91998525460561,1.5639995084868537
15080,71,2.940996837653609e-05,0.3387581143068865,0.321098268032074,0.02658979222178459,0.21348094940185547,0.2510698437690735,0.3367595225572586,18.07819326718648,0.83091967801253,0.16006708145141602,46.978456322352095,1.5659485440784031
15100,71,2.9191066485111943e-05,0.3418161278185521,0.3709820806980133,0.03901680186390877,0.2004411816596985,0.24793514609336853,0.34458573907613754,18.065216382344563,0.8356785476207733,0.15912771224975586,47.03660838603973,1.5678869462013245
15120,71,2.8972871916262253e-05,0.34443296925201883,0.27953431010246277,0.01789799891412258,0.14021563529968262,0.13142365217208862,0.28313805845876533,19.114044825236004,0.8506331443786621,0.15842747688293457,47.09908996025721,1.569969665341907
15140,71,2.8755386834287203e-05,0.3583839709647552,0.25203847885131836,0.018943488597869873,0.15345889329910278,0.1844758242368698,0.34143488481640816,18.226075172424316,0.837699775894483,0.158799409866333,47.15740206638972,1.5719134022129906
15160,71,2.8538613396449648e-05,0.3546163496926285,0.22366863489151,0.01868841052055359,0.1649746298789978,0.21780478954315186,0.31193974117438,18.76634414990743,0.8449339866638184,0.15875840187072754,47.21893438895543,1.5739644796318477
15180,71,2.8322553752953418e-05,0.3523622680318992,0.31015145778656006,0.023411456495523453,0.22467869520187378,0.1977667659521103,0.3312225453555584,18.51253406206767,0.8430646409591039,0.1610102653503418,47.277631759643555,1.5759210586547852
15200,72,2.8107210046922232e-05,0.34844810374350427,0.21762491762638092,0.0193956159055233,0.24788141250610352,0.23441855609416962,0.3497785838941733,18.230283737182617,0.8425552944342295,0.15849828720092773,47.34544735749562,1.5781815785831874
15220,72,2.7892584414378236e-05,0.3439907318383092,0.31009411811828613,0.01494787260890007,0.10668730735778809,0.13639162480831146,0.3577336519956589,18.13862681388855,0.8416188657283783,0.1599748134613037,47.42073975006739,1.5806913250022465
15240,72,2.7678678984220978e-05,0.3492761587485307,0.3171982169151306,0.031498778611421585,0.21389836072921753,0.20985965430736542,0.3291568694015344,18.537048816680908,0.8447719266017278,0.1585531234741211,47.48236212730408,1.5827454042434692
15260,72,2.7465495878206233e-05,0.3407622970501202,0.22519609332084656,0.012126299552619457,0.11940032243728638,0.1312389075756073,0.33567700286706287,18.467832962671917,0.8427840818961462,0.1588459014892578,47.541023214658104,1.5847007738219367
15280,72,2.7253037210924908e-05,0.34357113478780027,0.3178137242794037,0.04235386103391647,0.27865296602249146,0.2687895894050598,0.3371816352009773,18.42276708285014,0.8407230774561564,0.1589031219482422,47.59921617507935,1.5866405391693115
15300,72,2.7041305089782072e-05,0.35607962325134607,0.23441815376281738,0.016353271901607513,0.19154852628707886,0.18770146369934082,0.301064716031154,18.888566970825195,0.8486213733752569,0.15885162353515625,47.65765166282654,1.5885883887608847
15320,72,2.6830301614976215e-05,0.3483661921130278,0.3444664776325226,0.03595927357673645,0.21374636888504028,0.23570047318935394,0.33511291195948917,18.514498710632324,0.8428028027216593,0.15863871574401855,47.72039708296458,1.5906799027654859
15340,72,2.6620028879478137e-05,0.35023849079959646,0.37171968817710876,0.058017998933792114,0.2084132432937622,0.184718519449234,0.3135980802277724,18.762760321299236,0.843400627374649,0.1589498519897461,47.77864428758621,1.5926214762528736
15360,72,2.641048896901049e-05,0.34587973698177144,0.263034462928772,0.015823449939489365,0.14110440015792847,0.14146576821804047,0.3412308519085248,18.46708075205485,0.8401240954796473,0.15825724601745605,47.836842612425485,1.594561420414183
15380,72,2.6201683962026825e-05,0.35001310481534553,0.26865047216415405,0.02166769467294216,0.23426175117492676,0.2495633363723755,0.3351842202246189,18.60631251335144,0.8413207481304804,0.15970277786254883,47.899293438593546,1.5966431146197848
15400,72,2.5993615929691107e-05,0.34664419709854505,0.22552098333835602,0.027460366487503052,0.22211819887161255,0.25458917021751404,0.2985295032461484,18.917644023895264,0.8500634878873825,0.16166019439697266,47.95773887634277,1.5985912958780923
15420,73,2.578628693585722e-05,0.3413893322486782,0.2552601397037506,0.02493940107524395,0.2378983497619629,0.25488150119781494,0.3390558312336604,18.256398677825928,0.8385395656029383,0.16024041175842285,48.0275891661644,1.6009196388721465
15440,73,2.5579699037048356e-05,0.3374720646473175,0.14922985434532166,0.014679542742669582,0.16416972875595093,0.1704360544681549,0.3122234120965004,18.63119109471639,0.8428934663534164,0.15824151039123535,48.08609230120977,1.602869743373659
15460,73,2.5373854282436745e-05,0.33861251218744054,0.2491120845079422,0.020053036510944366,0.15599799156188965,0.18153129518032074,0.328386543939511,18.518643299738567,0.8454389423131943,0.15854096412658691,48.14482125043869,1.604827375014623
15480,73,2.516875471382323e-05,0.3425962497111085,0.25723692774772644,0.020520400255918503,0.19646328687667847,0.20742353796958923,0.34374144052465755,18.21920371055603,0.8374726672967275,0.1589057445526123,48.20774816274643,1.6069249387582143
15500,73,2.4964402365617055e-05,0.3356614625563979,0.30564603209495544,0.019991885870695114,0.13141483068466187,0.1463625431060791,0.34248124187191326,18.244553724924724,0.8404495269060135,0.1590254306793213,48.266345620155334,1.6088781873385112
15520,73,2.476079926481576e-05,0.3414123685269071,0.2642630934715271,0.021745195612311363,0.22205716371536255,0.2573678195476532,0.33176244298617047,18.449212153752644,0.8390553891658783,0.15973210334777832,48.32958209514618,1.610986069838206
15540,73,2.4557947430984878e-05,0.3406974772048067,0.25667569041252136,0.04594406485557556,0.27300381660461426,0.28780972957611084,0.32743120317657787,18.612709363301594,0.8417655378580093,0.15903186798095703,48.38850737810135,1.6129502459367115
15560,73,2.4355848876238175e-05,0.3432224070116692,0.177217498421669,0.010712645016610622,0.13164734840393066,0.16533629596233368,0.3067077373464902,18.78256305058797,0.8418750911951065,0.15999889373779297,48.4472661336263,1.6149088711208768
15580,73,2.4154505605217388e-05,0.3360040625796743,0.3398491144180298,0.031080037355422974,0.262728214263916,0.28056225180625916,0.3303237395981948,18.32939354578654,0.8408563534418741,0.15906977653503418,48.505669796466826,1.6168556598822277
15600,73,2.3953919615072632e-05,0.33845131303859,0.2569209933280945,0.03250455483794212,0.27933788299560547,0.27792128920555115,0.33760066827138263,18.171497503916424,0.8384611109892527,0.16016054153442383,48.563966965675355,1.618798898855845
15620,73,2.375409289544241e-05,0.3380058499956149,0.23203222453594208,0.014765694737434387,0.13978087902069092,0.1453426480293274,0.32286734754840535,18.517388741175335,0.8431553989648819,0.16128754615783691,48.62675433158874,1.6208918110529582
15640,74,2.355502742843386e-05,0.33938428298477785,0.2816799581050873,0.02567882649600506,0.10384422540664673,0.09322524070739746,0.33636824041604996,18.264277855555218,0.8363511164983114,0.15879416465759277,48.69612397352854,1.6232041324509514
15660,74,2.3356725188603264e-05,0.33844830063875947,0.32256177067756653,0.025983169674873352,0.22160309553146362,0.23898272216320038,0.3285422387222449,18.37271587053935,0.8338842590649923,0.15834712982177734,48.75456042687098,1.6251520142290328
15680,74,2.315918814293627e-05,0.33380274088347983,0.28997400403022766,0.025629743933677673,0.23742705583572388,0.2438449114561081,0.3117638013015191,18.628371159235638,0.8393353273471197,0.16010808944702148,48.81322169303894,1.6271073897679647
15700,74,2.296241825082846e-05,0.3364431842168856,0.1986592710018158,0.014641600660979748,0.15227854251861572,0.15910369157791138,0.319171233723561,18.621343692143757,0.8438388953606287,0.15886473655700684,48.8745609998703,1.62915203332901
15720,74,2.2766417464066007e-05,0.33801388781102826,0.18902871012687683,0.009886310435831547,0.10612285137176514,0.13879182934761047,0.3037957362830639,18.808771292368572,0.8441328505674998,0.15904808044433594,48.937240453561145,1.6312413484520383
15740,74,2.257118772680613e-05,0.332510027394471,0.22429177165031433,0.022858958691358566,0.18305492401123047,0.1893743872642517,0.3375262108941873,18.40676498413086,0.8403202295303345,0.1603236198425293,48.99557490348816,1.633185830116272
15760,74,2.2376730975558007e-05,0.34411822148036986,0.2616621255874634,0.01660287380218506,0.1936984658241272,0.1724630892276764,0.3029676117002964,18.761350949605305,0.8421103457609812,0.15958452224731445,49.054173624515535,1.6351391208171844
15780,74,2.2183049139163378e-05,0.3372625636102894,0.1835048943758011,0.026619449257850647,0.26456785202026367,0.26426398754119873,0.29319384694099426,18.873974800109863,0.8468227585156759,0.15821623802185059,49.11290919780731,1.6370969732602438
15800,74,2.199014413877752e-05,0.34655518362187077,0.30885303020477295,0.019382014870643616,0.18418902158737183,0.19592499732971191,0.2984040391941865,18.84180188179016,0.8448122590780258,0.15969252586364746,49.17205067873001,1.639068355957667
15820,74,2.1798017887850235e-05,0.3422626422858833,0.2538899779319763,0.027249356731772423,0.21385997533798218,0.244547039270401,0.3254949872692426,18.67272122701009,0.8459649384021759,0.15984678268432617,49.242571874459586,1.6414190624819862
15840,75,2.1606672292106713e-05,0.339401958109001,0.19662146270275116,0.018732286989688873,0.1910056471824646,0.18553495407104492,0.2962048066159089,18.951237360636394,0.8471992313861847,0.3583798408508301,49.30786422888438,1.643595474296146
15860,75,2.1416109249528826e-05,0.34211483792139097,0.31021353602409363,0.037895817309617996,0.2820028066635132,0.3018566966056824,0.3172677842279275,18.791735013326008,0.8435300340255102,0.16214704513549805,49.36646345853806,1.6455487819512684
15880,75,2.1226330650336128e-05,0.3458227762860392,0.1785658746957779,0.023972269147634506,0.26192301511764526,0.2250598669052124,0.32275286316871643,18.743245363235474,0.8434606492519379,0.16106247901916504,49.42500092983246,1.6475000309944152
15900,75,2.1037338376967155e-05,0.33819451222415414,0.1941962093114853,0.009958519600331783,0.11706721782684326,0.13731864094734192,0.34398604681094486,18.35967747370402,0.8414717813332876,0.1647634506225586,49.48324394623439,1.6494414648744795
15920,75,2.0849134304060847e-05,0.3371557498579751,0.24703609943389893,0.020385336130857468,0.19814741611480713,0.21201226115226746,0.30683373535672825,18.67004934946696,0.8401047587394714,0.15952396392822266,49.54605468511581,1.6515351561705272
15940,75,2.0661720298437887e-05,0.33240777175655845,0.26347771286964417,0.025682147592306137,0.21479272842407227,0.25031179189682007,0.3161682039499283,18.777404308319092,0.8421625345945358,0.16182208061218262,49.604630847771965,1.653487694925732
15960,75,2.0475098219082078e-05,0.3390161407115105,0.2202894538640976,0.030485039576888084,0.25146883726119995,0.2768673896789551,0.2973182362814744,19.016385237375896,0.8467239091793696,0.1584458351135254,49.663143869241075,1.6554381289747027
15980,75,2.0289269917122126e-05,0.33737934439869605,0.14934606850147247,0.016110859811306,0.18316763639450073,0.19486767053604126,0.29122731896738213,19.161984125773113,0.8512201060851415,0.15920734405517578,49.72165832122167,1.657388610707389
16000,75,2.0104237235813035e-05,0.3419825187386531,0.21196110546588898,0.015466518700122833,0.12219959497451782,0.1572767198085785,0.33187072599927586,18.422114610671997,0.8409403512875239,0.16037297248840332,49.79019058942795,1.6596730196475982
16020,75,1.992000201051807e-05,0.33763834127521164,0.23299114406108856,0.018555525690317154,0.1713455319404602,0.158132404088974,0.30966750284036,18.6421860853831,0.8405691385269165,0.15949034690856934,49.857718328634895,1.66192394428783
16040,75,1.9736566068690317e-05,0.329756638418802,0.15623636543750763,0.013399189338088036,0.16272783279418945,0.16769954562187195,0.30546953280766803,18.916839440663654,0.8467951565980911,0.15914678573608398,49.91630328098933,1.6638767760329776
16060,76,1.9553931229854734e-05,0.3289972457187609,0.1980282962322235,0.0345831997692585,0.3174123167991638,0.3287038207054138,0.3279152028262615,18.50594154993693,0.8434758633375168,0.159135103225708,49.98077056010564,1.6660256853368547
16080,76,1.937209930559001e-05,0.34680176343588,0.3607966899871826,0.01925157755613327,0.1174619197845459,0.14232602715492249,0.31304894015192986,18.72005073229472,0.846081405878067,0.1601879596710205,50.03938414255778,1.6679794714185927
16100,76,1.9191072099510586e-05,0.35273717656352394,0.338714599609375,0.02348135970532894,0.20915699005126953,0.21971818804740906,0.2931475018461545,18.952224731445312,0.8476087053616842,0.16080522537231445,50.09868800640106,1.6699562668800354
16120,76,1.9010851407248895e-05,0.34843489895358876,0.30550912022590637,0.0308066513389349,0.20561397075653076,0.22404804825782776,0.33811785529057187,18.318827390670776,0.8424553126096725,0.15925025939941406,50.161780484517415,1.6720593494839138
16140,76,1.8831439016437326e-05,0.3430849761850923,0.33526405692100525,0.03688254952430725,0.26366889476776123,0.25545910000801086,0.3239418181280295,18.487723350524902,0.8412467241287231,0.16225457191467285,50.22054504950841,1.674018168316947
16160,76,1.865283670669075e-05,0.34978521962123515,0.25947558879852295,0.026787173002958298,0.18685030937194824,0.224202498793602,0.31475835169355076,18.711386680603027,0.8449153105417887,0.16066861152648926,50.27944901386897,1.6759816337956324
16180,76,1.847504624958866e-05,0.35354540371566984,0.31729334592819214,0.025660565122961998,0.23823487758636475,0.224910706281662,0.33942607541879016,18.335387627283733,0.8440016110738119,0.1584467887878418,50.33872861464818,1.6779576204882727
16200,76,1.8298069408657648e-05,0.3522101794123177,0.27888986468315125,0.0375371053814888,0.3419216275215149,0.3436205983161926,0.30504971370100975,18.818434953689575,0.8457118918498358,0.16101598739624023,50.397224827607474,1.6799074942535823
16220,76,1.8121907939354063e-05,0.3474930435912689,0.19967013597488403,0.01904258504509926,0.2174588441848755,0.20901823043823242,0.3150085632999738,18.743987639745075,0.8473682701587677,0.1585245132446289,50.460516981283824,1.6820172327094607
16240,76,1.794656358904633e-05,0.34852276539479005,0.18724381923675537,0.012601412832736969,0.14043325185775757,0.15174934267997742,0.3101593541602294,18.455174525578816,0.8354653666416804,0.15864849090576172,50.522203608353934,1.6840734536117978
16260,76,1.777203809699791e-05,0.34656195927915684,0.2717534601688385,0.02581627294421196,0.18520498275756836,0.19687782227993011,0.3466348697741826,18.17697834968567,0.8400279134511948,0.15925240516662598,50.580696086088814,1.6860232028696271
16280,77,1.7598333194349752e-05,0.340576967962953,0.22760000824928284,0.01792159304022789,0.19237345457077026,0.20908693969249725,0.317464263488849,18.608652114868164,0.8398815194765726,0.16678237915039062,50.65127133131027,1.6883757110436757
16300,77,1.7425450604103425e-05,0.34476626955564643,0.3145250082015991,0.019703395664691925,0.17988544702529907,0.20584937930107117,0.33911319201191265,18.438486099243164,0.8429210335016251,0.1650397777557373,50.71166195074717,1.6903887316915724
16320,77,1.725339204110373e-05,0.34453144321201307,0.2516929805278778,0.020581163465976715,0.16384267807006836,0.17553305625915527,0.33781089385350543,18.42925484975179,0.8427353550990423,0.16334271430969238,50.7871573805809,1.6929052460193634
16340,77,1.708215921202193e-05,0.3418971926188777,0.45427852869033813,0.05298380181193352,0.17088818550109863,0.14618131518363953,0.29815397163232166,18.881667216618855,0.8436904946962992,0.1663806438446045,50.84827350378036,1.6949424501260122
16360,77,1.691175381533874e-05,0.3394123115971337,0.23572662472724915,0.012486770749092102,0.09995764493942261,0.12442049384117126,0.32518354679147404,18.509600003560383,0.8384033093849818,0.16315364837646484,50.91451444625854,1.6971504815419516
16380,77,1.6742177541327383e-05,0.336377712640057,0.23648731410503387,0.017904875800013542,0.16131848096847534,0.1668311357498169,0.3021756497522195,18.870505809783936,0.8458977242310842,0.16109251976013184,50.97370431025823,1.6991234770086077
16400,77,1.6573432072036934e-05,0.3493651905482223,0.3054322600364685,0.028880182653665543,0.25139153003692627,0.24286095798015594,0.3140885016570489,18.65396539370219,0.8417799919843674,0.1644577980041504,51.03446805477142,1.7011489351590474
16420,77,1.6405519081275667e-05,0.33776321961760014,0.1575649380683899,0.007257466670125723,0.12446784973144531,0.13428646326065063,0.32039444024364155,18.58529583613078,0.842575192451477,0.16151762008666992,51.097856215635936,1.703261873854531
16440,77,1.62384402345943e-05,0.34245229790504,0.2958497703075409,0.024895643815398216,0.14111053943634033,0.14292648434638977,0.32379870116710663,18.447345574696858,0.8375976781050364,0.16209793090820312,51.1572022596995,1.7052400753233168
16460,77,1.6072197189269658e-05,0.3437507437453801,0.23092418909072876,0.018769333139061928,0.17044788599014282,0.20410072803497314,0.3320411145687103,18.34689537684123,0.8410205791393915,0.16143798828125,51.21629339456558,1.7072097798188528
16480,78,1.5906791594288098e-05,0.3509598780255864,0.28387531638145447,0.03142630308866501,0.23111021518707275,0.2357695996761322,0.2942946031689644,18.90642325083415,0.8476392577091852,0.16223859786987305,51.28334854443868,1.7094449514812893
16500,78,1.5742225090329164e-05,0.35311517574031387,0.22260606288909912,0.019005469977855682,0.19274210929870605,0.16340479254722595,0.34858183190226555,18.17146333058675,0.8410597890615463,0.160355806350708,51.342936317125954,1.7114312105708651
16520,78,1.5578499309749436e-05,0.33669947324156413,0.17902503907680511,0.016742639243602753,0.24842500686645508,0.23141393065452576,0.33747173100709915,18.3548842271169,0.8412732034921646,0.1595900058746338,51.40649099349976,1.7135496997833253
16540,78,1.541561587656615e-05,0.3437882248523087,0.2577506899833679,0.031008314341306686,0.1937037706375122,0.2077273428440094,0.32005073378483456,18.579431136449177,0.8426528424024582,0.16175103187561035,51.465674845377606,1.7155224948459202
16560,78,1.5253576406441287e-05,0.34758089867334163,0.24455206096172333,0.021245282143354416,0.18847447633743286,0.2240779995918274,0.31239978844920796,18.73214308420817,0.8443249017000198,0.15947771072387695,51.52431109348933,1.7174770364496443
16580,78,1.5092382506665385e-05,0.3372306054785732,0.17509806156158447,0.018739230930805206,0.20330488681793213,0.19951748847961426,0.3126653643945853,18.672736883163452,0.8423601935307184,0.16161417961120605,51.584000273545584,1.7194666757848527
16600,78,1.4932035776141625e-05,0.33534864317493635,0.28639695048332214,0.037436820566654205,0.2942030429840088,0.2885138988494873,0.31602009882529575,18.762372493743896,0.8462516417105993,0.16139459609985352,51.64341067075729,1.7214470223585765
16620,78,1.4772537805370128e-05,0.34042872799024215,0.37814587354660034,0.03380749374628067,0.21952944993972778,0.20021319389343262,0.3222086715201537,18.631156365076702,0.8455945352713267,0.16030550003051758,51.70672439734141,1.7235574799113804
16640,78,1.4613890176431933e-05,0.33898787504747846,0.3091414272785187,0.030583038926124573,0.27102231979370117,0.2805987596511841,0.3138987657924493,18.648180564244587,0.842408095796903,0.16144299507141113,51.765649660428366,1.7255216553476123
16660,78,1.4456094462973502e-05,0.33032611600768846,0.21707865595817566,0.017797108739614487,0.1983211636543274,0.1936274766921997,0.3145190166930358,18.712921539942425,0.8458764801422755,0.159926176071167,51.824603315194445,1.7274867771731484
16680,78,1.4299152230191028e-05,0.3304277875188945,0.22851665318012238,0.029077328741550446,0.2103855013847351,0.23167213797569275,0.3274154191215833,18.501407146453857,0.8412489096323649,0.16077542304992676,51.8839364250501,1.72946454750167
16700,79,1.414306503481487e-05,0.33577428430621864,0.2703801393508911,0.026445379480719566,0.25023895502090454,0.2567082345485687,0.31877439220746356,18.506049076716106,0.840547502040863,0.16340065002441406,51.952312242984775,1.7317437414328258
16720,79,1.3987834425094226e-05,0.33735179800434195,0.2567274272441864,0.024935653433203697,0.1806771159172058,0.20686444640159607,0.313355499257644,18.70997905731201,0.8468610395987829,0.16106414794921875,52.01645848751068,1.7338819495836895
16740,79,1.3833461940781655e-05,0.3433040568412208,0.23668603599071503,0.01584823988378048,0.1451389193534851,0.16271048784255981,0.3176292230685552,18.532559474309284,0.8405218521753947,0.16172289848327637,52.07518131732941,1.7358393772443135
16760,79,1.3679949113117908e-05,0.33172977952926214,0.18941259384155273,0.021283237263560295,0.20582568645477295,0.24252191185951233,0.302615304167072,18.59140706062317,0.8404103666543961,0.16091156005859375,52.13440598249436,1.7378135327498119
16780,79,1.352729746481664e-05,0.33461940543689367,0.20242244005203247,0.019190920516848564,0.17459142208099365,0.1923609972000122,0.311050720512867,18.758381446202595,0.8449384023745855,0.16421794891357422,52.197222264607746,1.7399074088202582
16800,79,1.3375508510049373e-05,0.3408542242781146,0.2993078827857971,0.01992989517748356,0.23928016424179077,0.24810564517974854,0.3174493337670962,18.702308416366577,0.845980649193128,0.16335678100585938,52.25560959974925,1.7418536533249749
16820,79,1.3224583754430497e-05,0.33904807074190657,0.32737836241722107,0.03225293755531311,0.20089930295944214,0.265423983335495,0.33552119011680287,18.382864316304524,0.8402257611354192,0.16556215286254883,52.31926642656326,1.7439755475521088
16840,79,1.3074524695002225e-05,0.34475485141460654,0.3475703001022339,0.03410053998231888,0.2773287296295166,0.29170817136764526,0.30577802037199336,18.682852665583294,0.8412434905767441,0.16136598587036133,52.37786975304286,1.7459289917680951
16860,79,1.2925332820219915e-05,0.3403360118616628,0.2879283130168915,0.024232175201177597,0.17458099126815796,0.2313205897808075,0.31033838105698425,18.654663642247517,0.8418741722901663,0.16042804718017578,52.43704596757889,1.7479015322526297
16880,79,1.2777009609937117e-05,0.3400745094784307,0.26725491881370544,0.02193767949938774,0.1967957615852356,0.21354353427886963,0.3210835283001264,18.573093096415203,0.84250175456206,0.15941643714904785,52.49878780841827,1.7499595936139425
16900,79,1.2629556535391e-05,0.3370111624232701,0.24124746024608612,0.01947076991200447,0.22867059707641602,0.20963111519813538,0.31136049951116246,18.72342348098755,0.844097505013148,0.1603231430053711,52.5579097867012,1.7519303262233734
16920,80,1.2482975059187817e-05,0.3411481559903499,0.3218705654144287,0.04852703958749771,0.29625529050827026,0.24987715482711792,0.31593884030977887,18.580037275950115,0.8406056314706802,0.1584486961364746,52.631351081530255,1.7543783693843418
16940,80,1.233726663528823e-05,0.3436391227272119,0.24324004352092743,0.02639496885240078,0.23051410913467407,0.22468289732933044,0.3182036677996318,18.574503898620605,0.8407364388306936,0.1590433120727539,52.69021159410477,1.756340386470159
16960,80,1.2192432708993046e-05,0.34487137356554914,0.24282437562942505,0.02288559451699257,0.2287084460258484,0.2239265888929367,0.31284054306646186,18.68654266993205,0.8446394056081772,0.16045069694519043,52.748973258336385,1.7582991086112127
16980,80,1.2048474716928779e-05,0.3413383728928394,0.2289714366197586,0.009703507646918297,0.10377079248428345,0.10729106515645981,0.3047292996197939,18.77270444234212,0.8465518206357956,0.16264128684997559,52.80758038361867,1.7602526794539557
17000,80,1.1905394087033465e-05,0.338172259010881,0.2455945461988449,0.01648259162902832,0.12466073036193848,0.13208112120628357,0.3135671814282735,18.68864671389262,0.8447733918825785,0.16186165809631348,52.86669336557388,1.762223112185796
17020,80,1.1763192238542441e-05,0.33467807607515904,0.3029486835002899,0.01739497296512127,0.09478694200515747,0.1417473554611206,0.30352031501630944,18.773327430089314,0.8453126351038615,0.16048026084899902,52.93028961420059,1.7643429871400198
17040,80,1.1621870581974313e-05,0.34225946291795983,0.3156493008136749,0.025334972888231277,0.18001174926757812,0.22256958484649658,0.29968520688513917,18.845247586568195,0.8475739310185114,0.1623973846435547,52.98928646246592,1.766309548748864
17060,80,1.1481430519116985e-05,0.3411646432667586,0.2343779355287552,0.02115536294877529,0.16793769598007202,0.19860021770000458,0.30771803359190625,18.779707034428913,0.8462203691403071,0.16004419326782227,53.048307820161185,1.7682769273387062
17080,80,1.1341873443013663e-05,0.3415784253960764,0.23931753635406494,0.023304378613829613,0.2050325870513916,0.23436830937862396,0.30560860969126225,18.697969754536945,0.8434789826472601,0.16218161582946777,53.10691916147868,1.7702306387159559
17100,80,1.1203200737949091e-05,0.3390235893414722,0.23246535658836365,0.01795232482254505,0.17359066009521484,0.2046051025390625,0.31082412352164585,18.68028426170349,0.8436687588691711,0.16001129150390625,53.16564232508342,1.7721880775027805
17120,80,1.1065413779435884e-05,0.3349121938003003,0.3773021697998047,0.031383614987134933,0.24376767873764038,0.238093301653862,0.3279429127772649,18.52358611424764,0.8447344303131104,0.1601700782775879,53.22925486167272,1.7743084953890906
17140,81,1.0928513934200728e-05,0.3401164599327082,0.26718080043792725,0.0224375631660223,0.24350965023040771,0.22493112087249756,0.31511813774704933,18.68860952059428,0.8455206503470739,0.15943670272827148,53.30927104155223,1.7769757013850742
17160,81,1.0792502560171026e-05,0.3387879206190764,0.22661355137825012,0.015142178162932396,0.1591600775718689,0.17193512618541718,0.3170482652882735,18.485390027364094,0.8392094622055689,0.15875244140625,53.37154266834259,1.7790514222780864
17180,81,1.0657381006461249e-05,0.3398462534335991,0.23528727889060974,0.02085188589990139,0.21163088083267212,0.20239298045635223,0.3138768256952365,18.597040335337322,0.8420674403508505,0.16008234024047852,53.42995116313298,1.780998372104433
17200,81,1.0523150613359606e-05,0.33809260969411187,0.24011360108852386,0.01895073801279068,0.17699885368347168,0.17324721813201904,0.31962815547982854,18.591537952423096,0.8439902166525522,0.15837764739990234,53.50521115461985,1.7835070384873284
17220,81,1.0389812712314845e-05,0.342501209777296,0.2881433367729187,0.04689663276076317,0.4219655990600586,0.4462800621986389,0.31909844279289246,18.62049929300944,0.8438353389501572,0.15842318534851074,53.57132890224457,1.7857109634081523
17240,81,1.0257368625922904e-05,0.3350604000983963,0.27292245626449585,0.019360555335879326,0.1929273009300232,0.2087477445602417,0.3281465694308281,18.49719778696696,0.8433123528957367,0.15805721282958984,53.62953275044759,1.7876510916815864
17260,81,1.012581966791389e-05,0.3365037896243579,0.22832827270030975,0.03165421634912491,0.22597604990005493,0.24435487389564514,0.3178374469280243,18.680008093516033,0.8452534427245458,0.15979528427124023,53.68743201494217,1.789581067164739
17280,81,9.99516714313902e-06,0.341716503414922,0.26058429479599,0.031162846833467484,0.29568958282470703,0.30945682525634766,0.3064742299417655,18.87950078646342,0.8478667835394541,0.15896081924438477,53.7459011832873,1.7915300394429101
17300,81,9.865412347557603e-06,0.3455793121051538,0.22721801698207855,0.014943080954253674,0.1472720503807068,0.16544723510742188,0.3284934324522813,18.533875862757366,0.8432054420312246,0.16201996803283691,53.8049401640892,1.79349800546964
17320,81,9.736556568224383e-06,0.3386933534976646,0.2645396292209625,0.029846277087926865,0.25879907608032227,0.25107184052467346,0.3408854529261589,18.306049187978108,0.8396027137835821,0.16075897216796875,53.868299055099484,1.7956099685033162
17340,82,9.608601083276514e-06,0.34742788870536057,0.34083229303359985,0.05082438513636589,0.385079562664032,0.39396795630455017,0.30255691334605217,18.61162455876668,0.8417112678289413,0.15874552726745605,53.93654994964599,1.7978849983215333
17360,82,9.481547161921123e-06,0.34483034544585206,0.26232126355171204,0.023201845586299896,0.18310809135437012,0.19615879654884338,0.30748692775766057,18.797134081522625,0.8457107494274775,0.15862345695495605,54.00483767986297,1.8001612559954325
17380,82,9.355396064422506e-06,0.33974702296034043,0.357488214969635,0.023946009576320648,0.21830934286117554,0.2359134554862976,0.298974738145868,18.972948630650837,0.8498748342196146,0.15909171104431152,54.06561340093613,1.8021871133645375
17400,82,9.230149042089815e-06,0.33557626234961074,0.2632696032524109,0.024275412783026695,0.22500264644622803,0.2645155191421509,0.3227832242846489,18.63163677851359,0.8446773340304693,0.1602785587310791,54.124097526073456,1.8041365842024486
17420,82,9.105807337264563e-06,0.33120266193723547,0.25985491275787354,0.024329429492354393,0.20431137084960938,0.2176268994808197,0.32702378183603287,18.573745250701904,0.844402680794398,0.1646289825439453,54.187334366639455,1.806244478887982
17440,82,8.98237218330822e-06,0.3397818535963545,0.2402503788471222,0.022609196603298187,0.20746392011642456,0.24166500568389893,0.319003247966369,18.66869552930196,0.8453678985436758,0.16235136985778809,54.24626083374024,1.8082086944580078
17460,82,8.859844804590139e-06,0.3369195343040446,0.22040879726409912,0.015918254852294922,0.18436199426651,0.17586325109004974,0.349014051258564,18.189558506011963,0.841057558854421,0.15838932991027832,54.30511948664983,1.8101706495549943
17480,82,8.738226416475314e-06,0.3412254691681731,0.21181495487689972,0.022513028234243393,0.14854907989501953,0.1551978588104248,0.3148815855383873,18.698975483576458,0.8455945601065954,0.16015338897705078,54.37063887516658,1.8123546291722192
17500,82,8.617518225312308e-06,0.3436817790695083,0.20762217044830322,0.019645368680357933,0.18535959720611572,0.179483100771904,0.3274650350213051,18.547152280807495,0.8444091528654099,0.15894603729248047,54.4287877480189,1.8142929249339634
17520,82,8.497721428421368e-06,0.33664888304291096,0.2915835976600647,0.022102637216448784,0.22374242544174194,0.2375948429107666,0.3342833233376344,18.40753897031148,0.8418178707361221,0.15856313705444336,54.49191337029139,1.8163971123430465
17540,82,8.378837214082466e-06,0.341782000546729,0.354135662317276,0.03062472864985466,0.22105860710144043,0.2523232102394104,0.3311983048915863,18.41942564646403,0.8411677132050196,0.1593024730682373,54.550374436378476,1.8183458145459492
17560,83,8.260866761523602e-06,0.3430742891547273,0.412485271692276,0.03623063862323761,0.255628764629364,0.2536631226539612,0.3083021230995655,18.7958562374115,0.8470366150140762,0.15868330001831055,54.61656761964162,1.820552253988054
17580,83,8.143811240908989e-06,0.3488635769464887,0.24026115238666534,0.024499014019966125,0.15451478958129883,0.18873926997184753,0.3285590534408887,18.54099750518799,0.844215085109075,0.1591024398803711,54.674924143155415,1.8224974714385138
17600,83,8.027671813327524e-06,0.35082444823506365,0.3406580984592438,0.06307724118232727,0.3770526647567749,0.3585866689682007,0.31959326441089314,18.69137938817342,0.8460618704557419,0.16054058074951172,54.73352853457133,1.8244509511523777
17620,83,7.912449630781327e-06,0.352868854392429,0.24300943315029144,0.02114790678024292,0.2110399603843689,0.23613247275352478,0.32296908522645634,18.627720594406128,0.8457364737987518,0.1587378978729248,54.796462126572926,1.826548737552431
17640,83,7.798145836174151e-06,0.35300396332178735,0.24034567177295685,0.023285210132598877,0.17168712615966797,0.1891285628080368,0.32390379284818965,18.58005706469218,0.8448458562294642,0.16172432899475098,54.855240861574806,1.8285080287191602
17660,83,7.684761563300217e-06,0.3489391950121013,0.2533339560031891,0.018471967428922653,0.15528470277786255,0.1731959879398346,0.31800318012634915,18.651856660842896,0.8466596404711405,0.15978622436523438,54.91396725177765,1.830465575059255
17680,83,7.572297936832822e-06,0.34789799866534293,0.28172317147254944,0.028469523414969444,0.19499951601028442,0.2496514767408371,0.31512554238239926,18.70394841829936,0.848405197262764,0.23190045356750488,54.973778410752615,1.8324592803584205
17700,83,7.460756072313294e-06,0.3438543265922685,0.15800581872463226,0.02145649865269661,0.19010519981384277,0.20523282885551453,0.30795008440812427,18.620386282602947,0.8428446153799692,0.1614851951599121,55.03305228551229,1.834435076183743
17720,83,7.350137076139892e-06,0.34600327286575117,0.2783438265323639,0.022341420873999596,0.21976763010025024,0.2483898252248764,0.32930707310636836,18.464228630065918,0.8433186511198679,0.16285943984985352,55.09647805293401,1.8365492684311338
17740,83,7.240442045556801e-06,0.3427605281890871,0.31026899814605713,0.02269003912806511,0.15749287605285645,0.22113212943077087,0.31796980649232864,18.585603952407837,0.8439116875330607,0.1625053882598877,55.15558103720347,1.8385193679067824
17760,83,7.13167206864327e-06,0.33460489949322736,0.3133402466773987,0.03221017122268677,0.25157630443573,0.2727259397506714,0.32148045922319096,18.53293490409851,0.8448087771733602,0.15936636924743652,55.214598230520885,1.8404866076840294
17780,84,7.023828224302848e-06,0.33959258855896024,0.2706538736820221,0.02693711780011654,0.24254846572875977,0.2555945813655853,0.30891809488336247,18.722896258036297,0.8473341663678488,0.15890932083129883,55.291621534029645,1.8430540511343214
17800,84,6.9169115822525984e-06,0.33149201936528466,0.21726080775260925,0.028767913579940796,0.2915145754814148,0.2697209417819977,0.306896161288023,18.779961744944256,0.8485149542490641,0.16098308563232422,55.350177331765494,1.8450059110588497
17820,84,6.810923203012639e-06,0.32857679552431024,0.2696878910064697,0.025739474222064018,0.1976029872894287,0.20129036903381348,0.2999959581842025,18.81843105951945,0.846940279006958,0.1586613655090332,55.41324895620346,1.8471082985401153
17840,84,6.705864137895416e-06,0.32735316158212624,0.2657112181186676,0.0269798394292593,0.2623974084854126,0.2695234715938568,0.31042810281117755,18.691469033559162,0.8439830243587494,0.1599745750427246,55.472028410434724,1.8490676136811575
17860,84,6.601735428995481e-06,0.3300602143196828,0.27405741810798645,0.027387266978621483,0.22593975067138672,0.2517402172088623,0.32182565952340764,18.498456478118896,0.8400712410608927,0.15935993194580078,55.53656289577484,1.8512187631924948
17880,84,6.4985381091790075e-06,0.33128558374442124,0.1702621728181839,0.008695410564541817,0.11507803201675415,0.12144427746534348,0.3221057119468848,18.528623978296917,0.8417804638544718,0.15964937210083008,55.599134687582655,1.8533044895860884
17900,84,6.396273202073604e-06,0.3313313299547905,0.35044625401496887,0.022500043734908104,0.19515734910964966,0.17411234974861145,0.3201917198797067,18.586308479309082,0.843288242816925,0.1620469093322754,55.66002659797668,1.8553342199325562
17920,84,6.294941722058203e-06,0.3344433062395215,0.27923351526260376,0.02385878376662731,0.19489848613739014,0.21893636882305145,0.3210337894658248,18.54318888982137,0.8420064300298691,0.16174077987670898,55.72584527333577,1.8575281757778592
17940,84,6.1945446742528645e-06,0.3390138130666808,0.30725032091140747,0.029461367055773735,0.20955443382263184,0.24182826280593872,0.31054642299811047,18.717630704243977,0.8447058002154032,0.1625804901123047,55.81037253141403,1.8603457510471344
17960,84,6.0950830545090075e-06,0.33722619993492275,0.3649943768978119,0.03266582638025284,0.21489667892456055,0.2077089250087738,0.3171966051061948,18.62379813194275,0.8430172701676687,0.16211771965026855,55.8708181699117,1.8623606056637234
17980,85,5.996557849399328e-06,0.3374440622452973,0.2458997517824173,0.018758896738290787,0.15176677703857422,0.19274652004241943,0.32675321275989216,18.46979872385661,0.8419694105784098,0.16162919998168945,55.94060858090719,1.864686952696906
18000,85,5.8989700362081184e-06,0.3408065760338874,0.23330417275428772,0.021872922778129578,0.2661512494087219,0.2570362091064453,0.3173073120415211,18.61785356203715,0.845677470167478,0.16344642639160156,56.00022025903066,1.8666740086343554
18020,85,5.802320582921605e-06,0.3371820070487446,0.29166603088378906,0.022359130904078484,0.2155972719192505,0.19539742171764374,0.3219263379772504,18.585004409154255,0.8474729259808859,0.1593761444091797,56.06400677363078,1.8688002257876926
18040,85,5.706610448218235e-06,0.3348026000885753,0.2562810480594635,0.023063715547323227,0.21811306476593018,0.2447098195552826,0.3252275014917056,18.48096474011739,0.8438586940368017,0.16379761695861816,56.12321309248606,1.8707737697495355
18060,85,5.611840581459311e-06,0.3278458619282287,0.2058085799217224,0.02354593202471733,0.2226715087890625,0.20910851657390594,0.3143899564941724,18.591147979100544,0.8421142647663752,0.162261962890625,56.189381404717764,1.8729793801572587
18080,85,5.518011922679402e-06,0.3249740281807985,0.17199186980724335,0.013921476900577545,0.18475639820098877,0.16255119442939758,0.3050602835913499,18.689602692921955,0.8427440027395884,0.1618812084197998,56.24876501957576,1.8749588339858585
18100,85,5.425125402577196e-06,0.3292772993738169,0.3139907717704773,0.03229661285877228,0.1979770064353943,0.23287492990493774,0.3187042623758316,18.582781076431274,0.8432405292987823,0.16191577911376953,56.307628194491066,1.8769209398163689
18120,85,5.333181942506165e-06,0.3308721363714342,0.23988552391529083,0.023942386731505394,0.17280900478363037,0.20508413016796112,0.3290691636502743,18.4413898785909,0.8434166461229324,0.15951991081237793,56.37067145903905,1.8790223819679683
18140,85,5.242182454465388e-06,0.3342011540529774,0.2438698559999466,0.017777858301997185,0.1612197756767273,0.1659291386604309,0.32440248131752014,18.493422826131184,0.8425819873809814,0.16274309158325195,56.43937393426895,1.8813124644756316
18160,85,5.152127841090646e-06,0.3442040018353971,0.23739413917064667,0.03222988545894623,0.19017475843429565,0.16872136294841766,0.3159989230334759,18.604867458343506,0.8426891913016638,0.15977072715759277,56.49811314344406,1.883270438114802
18180,85,5.0630189956453375e-06,0.34671027767659224,0.2949342727661133,0.024701900780200958,0.2496645450592041,0.27178719639778137,0.3156590114037196,18.586172739664715,0.840982715288798,0.1593022346496582,56.556562932332355,1.8852187644110785
18200,86,4.974856802011647e-06,0.3404907572933887,0.29577991366386414,0.020834563300013542,0.19166851043701172,0.17810341715812683,0.3187139605482419,18.528598070144653,0.8401117424170176,0.1605091094970703,56.62936050097148,1.8876453500323827
18220,86,4.887642134681873e-06,0.3416876578252597,0.23781362175941467,0.02226291596889496,0.1429680585861206,0.18566176295280457,0.3143760835131009,18.59606059392293,0.8416845401128134,0.15982675552368164,56.69628256559372,1.8898760855197907
18240,86,4.801375858749584e-06,0.3381961167283127,0.2814266085624695,0.029205501079559326,0.22708159685134888,0.22139792144298553,0.3173755519092083,18.59399914741516,0.8432631293932596,0.15939569473266602,56.75480703512827,1.8918269011709425
18260,86,4.71605882990122e-06,0.34240984603767877,0.32716384530067444,0.021013988181948662,0.16051197052001953,0.18978986144065857,0.3263259467979272,18.452150265375774,0.8413147131601969,0.1615614891052246,56.813448043664295,1.8937816014554765
18280,86,4.63169189440744e-06,0.3380624003838526,0.28172898292541504,0.029789304360747337,0.306623637676239,0.2843066155910492,0.3324832518895467,18.35968550046285,0.841525137424469,0.15877199172973633,56.87204169829686,1.8957347232765622
18300,86,4.548275889114844e-06,0.3428221025087236,0.2792201638221741,0.021555989980697632,0.17030292749404907,0.19228622317314148,0.3318791352212429,18.33133848508199,0.8404432684183121,0.16181230545043945,56.930724581082664,1.897690819369422
18320,86,4.46581164143763e-06,0.3419689327275265,0.28202369809150696,0.02905172109603882,0.2748769521713257,0.3028438985347748,0.3326141784588496,18.31890805562337,0.8401098897059759,0.16106748580932617,56.99388736486435,1.8997962454954782
18340,86,4.384299969349376e-06,0.33988676342183766,0.3034304678440094,0.029865875840187073,0.27493488788604736,0.2785952687263489,0.3295442561308543,18.296814918518066,0.837942510843277,0.15995025634765625,57.06191912889481,1.9020639709631602
18360,86,4.303741681374953e-06,0.3382355561815616,0.27057021856307983,0.029577676206827164,0.2348461151123047,0.220551535487175,0.3273880059520404,18.29878568649292,0.8363320529460907,0.15833711624145508,57.12193894783656,1.904064631594552
18380,86,4.2241375765824875e-06,0.33892699745341254,0.2955361008644104,0.0312979631125927,0.2719852328300476,0.267576664686203,0.32909394924839336,18.334317366282146,0.8393403142690659,0.16204357147216797,57.18077134688695,1.9060257115628985
18400,86,4.1454884445754085e-06,0.34537155274933196,0.26910802721977234,0.017123427242040634,0.14543002843856812,0.15076161921024323,0.33420388773083687,18.28476119041443,0.8389263898134232,0.1596989631652832,57.23973135948181,1.9079910453160605
18420,87,4.067795065484718e-06,0.3527251065224606,0.42212575674057007,0.053417183458805084,0.3321651220321655,0.3491593301296234,0.3242904593547185,18.473682085673016,0.8417046616474787,0.1626594066619873,57.30663281281789,1.9102210937605963
18440,87,3.991058209961088e-06,0.3472881608221399,0.23175029456615448,0.014236150309443474,0.1149672269821167,0.12880592048168182,0.32092881575226784,18.51630202929179,0.8419165511926016,0.16376876831054688,57.365536801020305,1.9121845600340102
18460,87,3.915278639167375e-06,0.34586931640067775,0.26854270696640015,0.018278878182172775,0.14282888174057007,0.14977894723415375,0.32261014108856517,18.521172205607098,0.8427491833766302,0.1617441177368164,57.42436362107595,1.914145454035865
18480,87,3.840457104770998e-06,0.3444888197960882,0.35559019446372986,0.03359345346689224,0.19406723976135254,0.18573257327079773,0.31829208756486577,18.59577790896098,0.8441318174203237,0.41152167320251465,57.4925254146258,1.9164175138208601
18500,87,3.766594348936465e-06,0.3448993263524729,0.3172827363014221,0.023396190255880356,0.14262372255325317,0.18380045890808105,0.3213230110704899,18.553398211797077,0.8434448738892873,0.160691499710083,57.55140156745911,1.918380052248637
18520,87,3.6936911043180564e-06,0.3418281139001329,0.2423444539308548,0.00913485512137413,0.10922437906265259,0.07843616604804993,0.3245279664794604,18.493945042292278,0.842110256354014,0.1595168113708496,57.614950716495514,1.920498357216517
18540,87,3.6217480940524955e-06,0.33747659473169944,0.24339506030082703,0.01887689344584942,0.2140141725540161,0.20726245641708374,0.32109323268135387,18.494269371032715,0.8401172558466593,0.16098380088806152,57.67357080380122,1.9224523601267074
18560,87,3.5507660317518934e-06,0.3375977438971461,0.30320289731025696,0.04201281815767288,0.23832541704177856,0.2528474032878876,0.3195335728426774,18.5401713848114,0.8414107511440913,0.15821385383605957,57.73200703461965,1.9244002344873217
18580,87,3.48074562149651e-06,0.33928062820014926,0.30658388137817383,0.02564210072159767,0.19480681419372559,0.21594391763210297,0.3286538819471995,18.451119899749756,0.8413376758495966,0.402423620223999,57.79493556420008,1.9264978521400027
18600,87,3.411687557827887e-06,0.3295440564054051,0.2553645670413971,0.017016438767313957,0.1565638780593872,0.16648417711257935,0.3259698835512002,18.523898442586262,0.8430545330047607,0.1597914695739746,57.853654980659485,1.9284551660219829
18620,88,3.3435925257419512e-06,0.3343380999049864,0.2425941377878189,0.015014446340501308,0.13346439599990845,0.14030063152313232,0.31634849558273953,18.648346583048504,0.8437049090862274,0.4223763942718506,57.92564424276352,1.9308548080921173
18640,88,3.276461200682156e-06,0.32978121170972696,0.25849026441574097,0.020696066319942474,0.16808372735977173,0.18867909908294678,0.3153446651995182,18.6564621925354,0.8436471174160639,0.159956693649292,57.984246814250945,1.9328082271416982
18660,88,3.210294248532853e-06,0.33026310305958795,0.31857824325561523,0.03207552433013916,0.23007363080978394,0.25031808018684387,0.3218437110384305,18.55628267923991,0.8430760155121485,0.1607649326324463,58.043100388844806,1.9347700129614935
18680,88,3.1450923256126206e-06,0.32768835155306514,0.28655579686164856,0.013658452779054642,0.12748706340789795,0.13734477758407593,0.32370254769921303,18.530150095621746,0.8428595513105392,0.16113781929016113,58.102126463254294,1.936737548775143
18700,88,3.0808560786677886e-06,0.33371016840847084,0.30512404441833496,0.023069417104125023,0.16225463151931763,0.19086050987243652,0.32032177100578946,18.588701725006104,0.8436895360549291,0.16175127029418945,58.16176089843114,1.9387253632810382
18720,88,3.0175861448660677e-06,0.3371139097931485,0.20301257073879242,0.014132671058177948,0.12277108430862427,0.11285680532455444,0.3199152648448944,18.589124123255413,0.8437415808439255,0.1600191593170166,58.22618559996287,1.9408728533320956
18740,88,2.9552831517901164e-06,0.34329883625483587,0.23713836073875427,0.02851015329360962,0.22600996494293213,0.24479910731315613,0.31474989652633667,18.626351197560627,0.8432273616393408,0.16011977195739746,58.285065003236134,1.9428355001078712
18760,88,2.8939477174314465e-06,0.3437547852130572,0.2922029197216034,0.02427854761481285,0.18247389793395996,0.1828874796628952,0.30981533353527385,18.693809588750202,0.8441180338462194,0.15912652015686035,58.34361852407456,1.9447872841358185
18780,88,2.833580450184168e-06,0.34004144147077336,0.24251633882522583,0.03473077714443207,0.314070463180542,0.3157404065132141,0.3135576819380124,18.63775396347046,0.8431731462478638,0.1637566089630127,58.402640370527905,1.9467546790175967
18800,88,2.774181948839081e-06,0.33509395424653654,0.25997692346572876,0.02465379238128662,0.23567217588424683,0.24505752325057983,0.31689249351620674,18.619269212086994,0.8434522251288096,0.15824460983276367,58.464722859859464,1.9488240953286489
18820,88,2.7157528025776096e-06,0.33450119468745537,0.2364702820777893,0.036779433488845825,0.23841476440429688,0.2609822750091553,0.32097774744033813,18.576602379481,0.8438983460267385,0.6362051963806152,58.53719416062037,1.9512398053540123
18840,89,2.658293590966048e-06,0.3317036596687848,0.2322271466255188,0.023568129166960716,0.23519134521484375,0.26092785596847534,0.3176040103038152,18.624355872472126,0.844317098458608,0.1602001190185547,58.61181532541911,1.9537271775139702
18860,89,2.6018048839497944e-06,0.3272117810371714,0.20226436853408813,0.019428562372922897,0.20696604251861572,0.2012900710105896,0.31923732285698253,18.601056893666584,0.8442941258351008,0.1596674919128418,58.670458408196765,1.9556819469398923
18880,89,2.5462872418476583e-06,0.32636926189991605,0.2529360353946686,0.0270029716193676,0.20489829778671265,0.21331441402435303,0.3174069585899512,18.601800680160522,0.8431954185167948,0.1587073802947998,58.72931591669718,1.957643863889906
18900,89,2.4917412153463428e-06,0.32794057366956914,0.23357053101062775,0.018244808539748192,0.17939215898513794,0.2170265167951584,0.3168965280056,18.606332063674927,0.842797244588534,0.1635124683380127,58.788265053431196,1.959608835114373
18920,89,2.438167345494982e-06,0.33095996604084377,0.23947696387767792,0.013238195329904556,0.15073341131210327,0.16687755286693573,0.31922174866000813,18.549516995747883,0.841363196571668,0.16172528266906738,58.85129062334696,1.9617096874448987
18940,89,2.3855661636997435e-06,0.3287374836179724,0.29481810331344604,0.019369717687368393,0.15037846565246582,0.15904420614242554,0.32032563785711926,18.545435428619385,0.8418627083301544,0.15989112854003906,58.9099308013916,1.9636643600463868
18960,89,2.3339381917185787e-06,0.3307580199869435,0.33497822284698486,0.026731222867965698,0.2100580930709839,0.2554172873497009,0.31914085646470386,18.559764862060547,0.8421472509702047,0.15957188606262207,58.96878970861435,1.9656263236204783
18980,89,2.2832839416560527e-06,0.33081509455243724,0.22650577127933502,0.020779496058821678,0.20924437046051025,0.19837141036987305,0.32129274929563206,18.551750818888348,0.8427372773488363,0.16164684295654297,59.0275426030159,1.9675847534338633
19000,89,2.2336039159582437e-06,0.3317647499591245,0.2948105037212372,0.022055208683013916,0.1580713391304016,0.16724352538585663,0.32776500284671783,18.473449150721233,0.8429010709126791,0.16177868843078613,59.08594978650411,1.969531659550137
19020,89,2.1848986074078012e-06,0.3404102074047089,0.2135055512189865,0.022511139512062073,0.1838555932044983,0.22247430682182312,0.3270673540731271,18.47471793492635,0.8422858566045761,0.15930533409118652,59.14943665266037,1.9716478884220123
19040,89,2.1371684991189783e-06,0.3436731758260227,0.3689481019973755,0.038049183785915375,0.2230745553970337,0.22661404311656952,0.32346370071172714,18.52152919769287,0.8420506964127222,0.8399784564971924,59.21960861682892,1.9739869538942973
19060,90,2.090414064532945e-06,0.34151105254742664,0.3135148882865906,0.02102021872997284,0.18548798561096191,0.1991472691297531,0.32445940499504405,18.49087731043498,0.840471347173055,0.15433859825134277,59.29290756384532,1.9764302521281771
19080,90,2.0446357674129965e-06,0.3341961291052675,0.2148074060678482,0.022794058546423912,0.15515649318695068,0.16193528473377228,0.3220254257321358,18.525406281153362,0.8412123322486877,0.1592426300048828,59.353119198481245,1.9784373066160414
19100,90,1.9998340618399997e-06,0.3230341298150067,0.22494296729564667,0.012791159562766552,0.12673354148864746,0.1296812742948532,0.31664907311399776,18.618170976638794,0.8432648728291193,0.16171646118164062,59.413844156265256,1.9804614718755087
19120,90,1.9560093922079226e-06,0.32456718084029074,0.3086031377315521,0.030678926035761833,0.2679981589317322,0.2381448745727539,0.3145275202890237,18.65094010035197,0.8437985380490621,0.17330193519592285,59.48542891343435,1.9828476304478115
19140,90,1.9131621932193215e-06,0.3304060396270007,0.3427892029285431,0.04369407147169113,0.20576369762420654,0.19545428454875946,0.3109346268077691,18.665858666102093,0.8431534171104431,0.16197538375854492,59.550808974107106,1.9850269658035702
19160,90,1.8712928898811503e-06,0.3361935642223482,0.1819450557231903,0.019885962828993797,0.16126996278762817,0.20550602674484253,0.3121290107568105,18.643411715825398,0.8426180630922318,0.17375946044921875,59.61300599575043,1.9871001998583475
19180,90,1.8304018975004574e-06,0.3360133186371252,0.44164136052131653,0.035874105989933014,0.3021264672279358,0.27077004313468933,0.3120921440422535,18.66620643933614,0.8433183381954829,0.16179823875427246,59.6843669017156,1.9894788967238533
19200,90,1.7904896216803131e-06,0.3311841579890959,0.22555230557918549,0.02462095580995083,0.147613525390625,0.1641632616519928,0.3156485892832279,18.630518198013306,0.8431790918111801,0.16372203826904297,59.74431441227595,1.991477147075865
19220,90,1.7515564583157761e-06,0.33524977379559123,0.26877284049987793,0.02321469783782959,0.15237277746200562,0.1661202758550644,0.31991908078392345,18.580837726593018,0.8430341730515162,0.16165542602539062,59.807928160826364,1.9935976053608788
19240,90,1.713602793589927e-06,0.33493937443574273,0.22367271780967712,0.0176687091588974,0.162401020526886,0.17755389213562012,0.3198001943528652,18.584185043970745,0.843458871046702,0.1604173183441162,59.86731983423233,1.9955773278077444
19260,90,1.676629003970115e-06,0.33695069440081615,0.21122904121875763,0.033574096858501434,0.3035610318183899,0.3266224265098572,0.3136201587816079,18.67965332667033,0.8446874270836512,0.15848898887634277,59.92634030977885,1.9975446769926284
19280,91,1.6406354562041653e-06,0.32698455247893965,0.20996588468551636,0.022088170051574707,0.25127506256103516,0.23077738285064697,0.3102966460088889,18.727116743723553,0.8453491181135178,0.159498929977417,60.00026098092397,2.000008699364132
19300,91,1.6056225073167375e-06,0.3226670336781284,0.15566608309745789,0.020653776824474335,0.1597321629524231,0.18134181201457977,0.31228507434328395,18.68586794535319,0.8446673353513082,0.16098356246948242,60.05961770613988,2.0019872568713293
19320,91,1.5715905046058206e-06,0.32935854667927783,0.29657867550849915,0.026947414502501488,0.2030249834060669,0.21250605583190918,0.31720587487022084,18.613739093144734,0.8440021574497223,0.16139650344848633,60.12338591019313,2.0041128636731043
19340,91,1.5385397856392883e-06,0.32803387517547467,0.16778309643268585,0.022418871521949768,0.1500818133354187,0.1872261017560959,0.320661086589098,18.56161443392436,0.8433937827746073,0.16399931907653809,60.18566798766454,2.0061889329221514
19360,91,1.506470678251496e-06,0.3302919344486874,0.2954203188419342,0.02471822313964367,0.2329576015472412,0.22793303430080414,0.3206709660589695,18.569337209065754,0.8435111294190089,0.17367959022521973,60.25729649861653,2.0085765499538843
19380,91,1.4753835005400989e-06,0.34471453083520914,0.29915690422058105,0.044629987329244614,0.34205162525177,0.35999542474746704,0.3210494766632716,18.56475814183553,0.8434182703495026,0.1657407283782959,60.318515380223594,2.0106171793407865
19400,91,1.4452785608628383e-06,0.3423427565232593,0.2844862937927246,0.01323813758790493,0.10577887296676636,0.15024052560329437,0.3207328108449777,18.563916444778442,0.8430605977773666,0.16227030754089355,60.37849690914154,2.0126165636380513
19420,91,1.4161561578345366e-06,0.3408751846108875,0.32688355445861816,0.04673398286104202,0.30949509143829346,0.2988283634185791,0.3221891236801942,18.552053531010944,0.843132734298706,0.16435980796813965,60.44311694304148,2.0147705647680496
19440,91,1.3880165803240702e-06,0.34127065716112187,0.19455400109291077,0.011839793995022774,0.1648404598236084,0.15737174451351166,0.3202303821841876,18.569274584452312,0.8426893949508667,0.16755247116088867,60.50280998945236,2.0167603329817454
19460,91,1.3608601074515857e-06,0.3373310202442681,0.2419610619544983,0.028337372466921806,0.2584145665168762,0.24760746955871582,0.3174358382821083,18.601884206136067,0.8428953339656194,0.16266489028930664,60.56474449237188,2.018824816412396
19480,92,1.3346870085856614e-06,0.3444396658377941,0.21662211418151855,0.01766584813594818,0.16246628761291504,0.1960679292678833,0.316113190104564,18.62931450208028,0.8437247176965078,0.1604304313659668,60.64179832537969,2.021393277512656
19500,92,1.3094975433406555e-06,0.3352065479750079,0.2590107321739197,0.012869389727711678,0.07969313859939575,0.11647488176822662,0.3145851244529088,18.65987690289815,0.8442235291004181,0.16420817375183105,60.70296590725581,2.023432196908527
19520,92,1.2852919615741547e-06,0.3307420589603506,0.21433039009571075,0.011535398662090302,0.11610573530197144,0.13462722301483154,0.31176580116152763,18.694621165593464,0.8448054293791453,0.1645207405090332,60.76861741940181,2.0256205806467267
19540,92,1.2620705033844666e-06,0.34125746035292126,0.379058837890625,0.027766544371843338,0.1849687695503235,0.18247458338737488,0.30985991284251213,18.72129209836324,0.8451094180345535,0.5057909488677979,60.83400141398112,2.027800047132704
19560,92,1.2398333991082336e-06,0.33724847483490655,0.2753041088581085,0.014936933293938637,0.13407200574874878,0.1454731822013855,0.3106587814788024,18.71351472536723,0.8449292927980423,0.16256093978881836,60.89466786781947,2.029822262260649
19580,92,1.2185808693182119e-06,0.33762909754405146,0.19257016479969025,0.012621447443962097,0.11321854591369629,0.12517908215522766,0.311356542011102,18.707294702529907,0.8448739846547445,0.16958355903625488,60.95669383605321,2.031889794535107
19600,92,1.1983131248209968e-06,0.33596196160576863,0.2119082510471344,0.025887003168463707,0.274739146232605,0.27805644273757935,0.31065016488234204,18.70399872461955,0.8444630652666092,0.16129302978515625,61.02340819040934,2.034113606346978
19620,92,1.1790303666549565e-06,0.33137695027296016,0.16346606612205505,0.019829247146844864,0.2300633192062378,0.22289495170116425,0.31008823836843175,18.709802865982056,0.8444969008366267,0.1604621410369873,61.09004910786947,2.0363349702623155
19640,92,1.1607327860882986e-06,0.34457595568962923,0.2319057434797287,0.02273404598236084,0.19324833154678345,0.20614974200725555,0.31281883269548416,18.678151845932007,0.8444384634494781,0.16247868537902832,61.15081702073415,2.038360567357805
19660,92,1.1434205646170938e-06,0.34646085546317995,0.28965145349502563,0.021049533039331436,0.19182074069976807,0.20154564082622528,0.3111277272303899,18.70827253659566,0.8449756850798925,0.15903401374816895,61.210236863295236,2.0403412287765077
19680,92,1.127093873963518e-06,0.34204315165252686,0.24321290850639343,0.02255663089454174,0.18848943710327148,0.20614270865917206,0.3111896850168705,18.710564692815144,0.8449150075515112,0.16959261894226074,61.273614180088046,2.0424538060029347
19700,93,1.1117528760741305e-06,0.3393971791400074,0.2538159191608429,0.020495809614658356,0.1865673065185547,0.18793945014476776,0.31205660725633305,18.689344724019367,0.8444620817899704,0.17059040069580078,61.337493912378946,2.0445831304126316
19720,93,1.0973977231182818e-06,0.33857941548225273,0.22528153657913208,0.014439065009355545,0.13749760389328003,0.15784062445163727,0.3142207860946655,18.669020255406696,0.8445868442455927,0.1598832607269287,61.400978342692056,2.046699278089735
19740,93,1.0840285574866016e-06,0.33676009169179166,0.21923750638961792,0.011447973549365997,0.08165359497070312,0.09034818410873413,0.31457726409037906,18.664746681849163,0.8444303820530573,0.15906167030334473,61.46273556947708,2.048757852315903
19760,93,1.0716455117895949e-06,0.33677532283854145,0.3304488956928253,0.02354986034333706,0.19425976276397705,0.18914306163787842,0.31678781658411026,18.62110177675883,0.843612551689148,0.16205883026123047,61.522206870714825,2.0507402290238272
19780,93,1.0602487088562725e-06,0.3345973424397214,0.36857175827026367,0.035387150943279266,0.23889285326004028,0.25963902473449707,0.3184855580329895,18.5906662940979,0.8430957744518915,0.1685492992401123,61.5832981467247,2.0527766048908234
19800,93,1.0498382617330247e-06,0.3327873524023601,0.16453450918197632,0.015090184286236763,0.1483861207962036,0.15067940950393677,0.3165759804348151,18.61613392829895,0.8435726662476858,0.1711254119873047,61.64440667231877,2.054813555743959
19820,93,1.0404142736824161e-06,0.33362508199369795,0.3416844606399536,0.03973693400621414,0.15070593357086182,0.15321221947669983,0.31546255201101303,18.630698998769123,0.8436762640873591,0.16465544700622559,61.71011813481649,2.0570039378272162
19840,93,1.0319768381822147e-06,0.3384472137194112,0.2889212667942047,0.027066415175795555,0.27051591873168945,0.28434884548187256,0.3166705754896005,18.612298885981243,0.843256006638209,0.158416748046875,61.770186146100365,2.059006204870012
19860,93,1.024526038924441e-06,0.3422514536531775,0.2893942892551422,0.020495623350143433,0.14631301164627075,0.15873302519321442,0.3153250167767207,18.644042174021404,0.8439103215932846,0.1628572940826416,61.82962601184845,2.0609875337282815
19880,93,1.01806194981454e-06,0.33801970150377547,0.36069437861442566,0.03951214253902435,0.22383642196655273,0.22428445518016815,0.3156014991303285,18.65068594614665,0.8442752957344055,0.16475653648376465,61.89631592830022,2.0632105309433406
19900,93,1.0125846349706413e-06,0.3425870595901232,0.23156899213790894,0.015785127878189087,0.171728253364563,0.1810901015996933,0.3159148171544075,18.655983209609985,0.8445584326982498,0.17392849922180176,61.95673494338989,2.0652244981129964
19920,94,1.0080941487229501e-06,0.3357207487437495,0.3039145767688751,0.02009693905711174,0.16082578897476196,0.19410502910614014,0.3159666769206524,18.657951831817627,0.844697301586469,0.16077256202697754,62.023942220211026,2.067464740673701
19940,94,1.004590535613197e-06,0.33321923863970526,0.21948577463626862,0.017926182597875595,0.24037694931030273,0.21001121401786804,0.31610196456313133,18.651602029800415,0.8447358757257462,0.17067408561706543,62.08586662213008,2.069528887404336
19960,94,1.00207383039415e-06,0.33354924737214964,0.1869650036096573,0.02330315113067627,0.18670088052749634,0.23514336347579956,0.31598276893297833,18.649223168690998,0.8446166465679804,0.17058968544006348,62.147621830304466,2.071587394343482
19980,94,1.00054405802934e-06,0.3406417090169089,0.49427077174186707,0.0876799151301384,0.2821131944656372,0.23593854904174805,0.31696977590521175,18.634162823359173,0.8444880445798238,0.16340303421020508,62.20718735456467,2.073572911818822
20000,94,1.0000012336927943e-06,0.34059954295552464,0.14297766983509064,0.01913084089756012,0.18239188194274902,0.1990986466407776,0.31781546771526337,18.623202641805012,0.8444688568512598,0.15826773643493652,62.27606441577276,2.075868813859092
